scenario,algorithm,runs,position_rmse_mean,position_rmse_std,agent_position_rmse_mean,agent_position_rmse_std,recovery_steps_mean,recovery_steps_std,information_gain_mean,information_gain_std,nees_calibration_error_mean,nees_calibration_error_std,coverage_calibration_error_mean,coverage_calibration_error_std,estimate_disagreement_mean,estimate_disagreement_std,runtime_seconds_mean,runtime_seconds_std,bytes_sent_mean,bytes_sent_std,mean_nees_mean,mean_nees_std,coverage95_rate_mean,coverage95_rate_std,mean_nis_mean,mean_nis_std,spatial_diversity_mean,spatial_diversity_std,messages_mean,messages_std,mean_momentum_mean,mean_momentum_std
no_change,flocking_kf_no_momentum,100,0.6978963996192877,0.052004766730138485,0.7196885123534718,0.04018655603172868,,,3.4885837230097096,0.08469751591939165,0.3452406068639365,0.13185476247011427,0.022992187500000042,0.009692069864673842,0.5664150519020255,0.03379985388662551,0.8944925345759839,0.011852346847805678,737280.0,0.0,1.656481459795536,0.13627827247812932,0.9725703124999999,0.010637570114890839,1.7077013111135895,0.06288829307367591,4.8742508854438915,0.022254535997073006,3840.0,0.0,0.0,0.0
no_change,flocking_fixed_momentum,100,0.650951864202834,0.03517546401273958,0.6594365157652058,0.028695290450189703,,,3.7186466132120035,0.012329675820396024,0.3621684980153128,0.14382242175596086,0.023578125000000033,0.010267051841479385,0.3699144453626222,0.05886177753590352,0.9212902845581994,0.019799147295549786,737280.0,0.0,1.6380015403456476,0.14424987057981534,0.973390625,0.010687328671872361,1.6833876806170232,0.06609424130982645,4.775828370252708,0.029282270737561227,3840.0,0.0,0.7199999999999999,0.0
no_change,flocking_adaptive_momentum,100,0.6528165153050927,0.040612772933482776,0.6582645764593065,0.030283619272634447,,,3.734246364107613,0.005242470563760132,0.3263116756979328,0.14983630417328983,0.02243750000000004,0.010437266090193359,0.3254701275353218,0.024052262290810696,0.9535975066130049,0.025138183939804395,737280.0,0.0,1.674921588269913,0.15249345550595816,0.9718749999999998,0.011569887842477124,1.6951444928408241,0.07444253278344866,4.766113675398213,0.0169023359157544,3840.0,0.0,0.8524194808644738,0.006538336438322551
abrupt_change,flocking_kf_no_momentum,100,0.7544944837871548,0.05011376108052238,0.7782546909553025,0.03957618982595967,1.8,1.685229954635272,3.375855476753773,0.06422774202975817,0.26034619281448745,0.1276346887037725,0.017460937500000037,0.009855136643482879,0.5988572735328862,0.03197283022972953,0.9387364137894474,0.01077419756871633,737280.0,0.0,1.7468055808080007,0.14129168398576505,0.9651640625,0.013117136316159822,1.7850827250192445,0.06651814549932597,4.869165180798596,0.021268947733655636,3840.0,0.0,0.0,0.0
abrupt_change,flocking_fixed_momentum,100,0.6695774885794408,0.03943762104979237,0.6826069328467657,0.030174360949449287,1.06,1.294758664771161,3.6955711444462604,0.01297721321983846,0.27901517153721506,0.14851700008003377,0.018976562500000037,0.009535280269830507,0.42872600419529455,0.043349817732667245,0.9356750308116898,0.010039539488778847,737280.0,0.0,1.7244800919105483,0.15490495636710436,0.9674140624999998,0.012156558780622039,1.756699561991484,0.07048397091282407,4.772949619845344,0.027192563449323057,3840.0,0.0,0.7199999999999999,0.0
abrupt_change,flocking_adaptive_momentum,100,0.6697311772497703,0.039725082682395524,0.6787614240825497,0.03193958945670564,0.95,1.5124483462254175,3.7197762636251617,0.00992848021509128,0.2537499435102625,0.14931873354418898,0.01580468750000003,0.009598796896250537,0.346691057132264,0.030600777373190263,0.9393455990939401,0.012344427147565132,737280.0,0.0,1.7538722603244583,0.16157429802078868,0.9631953125,0.012954102703602005,1.7646349707344584,0.07293632394033758,4.766952268624303,0.018797448753760507,3840.0,0.0,0.8463255857279032,0.006239959081700492
gradual_change,flocking_kf_no_momentum,100,0.731354010518847,0.04535954345422363,0.7552045844197428,0.03602775675600744,1.03,1.3889204440859815,3.3968053645017657,0.06422754589808156,0.3324718838464029,0.12910555917201572,0.022203125000000035,0.010091851117826458,0.5917632574765886,0.029099888300689228,0.9447262546280399,0.0225644229189875,737280.0,0.0,1.670292030909875,0.1360090220388339,0.9714531250000001,0.011601191597606472,1.7254333162671807,0.06467064474418636,4.869561790861897,0.022397089547899412,3840.0,0.0,0.0,0.0
gradual_change,flocking_fixed_momentum,100,0.6615587348342199,0.03493007270369716,0.6702453729065657,0.026208803761472572,0.38,0.5436910887627274,3.7017829383343455,0.012421057225973125,0.3314978808014964,0.1353919256015226,0.022617187500000045,0.010075626507156703,0.42011923827960757,0.04618728570879855,0.9379427345399745,0.019551298302649248,737280.0,0.0,1.6685021191985039,0.1353919256015226,0.9723203125000002,0.010717232377074719,1.7061542615904828,0.06561676344600627,4.773855646523515,0.02803211301637189,3840.0,0.0,0.7199999999999999,0.0
gradual_change,flocking_adaptive_momentum,100,0.6583624626483311,0.03909418576362923,0.6635339982945845,0.029067670977526754,0.36,0.7282856582413251,3.726150436394139,0.00761402534581104,0.3170867849497478,0.14454476524452092,0.021429687500000037,0.010886743277914605,0.3406555163679492,0.028110944632230073,0.9185298420581967,0.01721008616827108,737280.0,0.0,1.684899493435831,0.14882502851457957,0.9706484375000001,0.012304255944813105,1.7134281701760126,0.06988271345303763,4.767373358745612,0.018774020918947643,3840.0,0.0,0.8508606008164071,0.006117607145287531
repeated_changes,flocking_kf_no_momentum,100,0.7225648454094766,0.06009874898650634,0.7492305104552863,0.05348425480015112,0.99,1.1179892664958817,3.5214613403825723,0.07261368116920429,0.19725921352424716,0.1381375293588258,0.014148437500000013,0.00961724461802698,0.555374551007958,0.03301328026499509,0.9221221266058274,0.016241200128583155,737280.0,0.0,1.8538382826681643,0.19138946346174213,0.9566484374999997,0.01576286638092732,1.886861034254215,0.11803725279898669,4.874181973190519,0.021560611362556437,3840.0,0.0,0.0,0.0
repeated_changes,flocking_fixed_momentum,100,0.6876479129754242,0.04403134582952659,0.7005328629516123,0.04045724079213685,0.74,0.7017121917139533,3.711094007048798,0.014362386767153542,0.20402104552653916,0.15179007971224162,0.01457812500000002,0.009927852530098086,0.38510903051133366,0.057796795605056836,0.9208478220738471,0.016289410670347438,737280.0,0.0,1.8452786178526626,0.20180710895111803,0.956984375,0.016195755315340343,1.876782114032621,0.11840996563212702,4.778150773523969,0.0336002784893806,3840.0,0.0,0.7199999999999999,0.0
repeated_changes,flocking_adaptive_momentum,100,0.6850142327931837,0.044976227688326334,0.6966826292892372,0.039001131649021775,0.77,0.7190966555338718,3.7229976084658305,0.009534780158093748,0.20046622394232266,0.1450413286952436,0.014476562500000014,0.010470181222128814,0.35280139804733357,0.02616060929699646,0.9141593400016427,0.010129021348826718,737280.0,0.0,1.856421247483278,0.20151634126570767,0.9551328125,0.017112854597654614,1.8775475324192354,0.13028215898264822,4.767902475551575,0.016103571793040623,3840.0,0.0,0.8370574644092327,0.010818380127778979
mixed_dropout,flocking_kf_no_momentum,100,0.7620076401488382,0.05134599730637154,0.7935014159013696,0.03961104929279301,1.85,1.5898113095584647,3.3774312511225326,0.06535745780856843,0.28500956159405333,0.12997187128955418,0.01767968750000003,0.009062267642495389,0.6422742459566085,0.033708484840102894,0.8201446808432229,0.014751966404739693,626651.52,4061.3056139128466,1.7150646873422257,0.13013456545883328,0.9669140624999999,0.010421637811206483,1.7696597659053506,0.0714449969193177,4.659268856005102,0.023243444296543236,3263.81,21.152633405796074,0.0,0.0
mixed_dropout,flocking_fixed_momentum,100,0.6716399897244071,0.03784045733448573,0.6950292696847772,0.028100856711579626,1.14,1.5557634781675522,3.7060283077482796,0.013947454018444449,0.2818969838113604,0.13466550437665128,0.01716406250000004,0.009544339756458747,0.4954505750964774,0.029047180503630858,0.8151090176426805,0.012667063193498716,626592.0,4278.4131637793,1.7201555853888357,0.1388805643777956,0.9667109375000001,0.010317171645452004,1.7461780044210298,0.07334924043782105,4.547349677695669,0.027292646984176046,3263.5,22.283401894683855,0.7199999999999999,0.0
mixed_dropout,flocking_adaptive_momentum,100,0.6801096055395148,0.03615865132605764,0.6940414680051973,0.02769256373381218,1.19,1.3761903938045783,3.73066167159411,0.009060234718668408,0.2522087051420291,0.12446722864023545,0.016992187500000037,0.010133613595935015,0.42744192258164787,0.02432856542997255,0.8120691495761275,0.012086754167821205,626524.8,4118.153838797186,1.7546459304993334,0.13748709951941537,0.9648671875000001,0.01305340171705134,1.7542212675079947,0.0759754625215184,4.555375471947026,0.02491735274799967,3263.15,21.448717910402014,0.8616387651213151,0.005001621467306513
communication_delay,flocking_kf_no_momentum,100,2.794809621911925,0.5071430951658079,3.1894735523798117,0.47541382602216825,21.19,13.477904139739236,3.3140222137441886,0.0890365097111503,23.22965054676611,4.819477828962027,0.6749453124999998,0.04471893766884974,1.2869524048215735,0.10342167199263921,0.9189963183202781,0.011657837703683999,737280.0,0.0,25.229650546766116,4.819477828962027,0.2750546875,0.04471893766884975,5.195691376975015,0.626827153567273,4.4880292814746445,0.21573092914278802,3840.0,0.0,0.0,0.0
communication_delay,flocking_fixed_momentum,100,2.4046499117043747,0.37583572231066137,2.9605385858041773,0.40030732717544765,16.38,8.987524687031465,3.621380572748572,0.04933495696411046,27.323323346268808,6.619025251832668,0.6936562500000001,0.043842992687686135,1.2481291135816328,0.12299674492301896,0.919691662916448,0.012368312494552277,737280.0,0.0,29.323323346268808,6.619025251832668,0.25634375000000004,0.043842992687686135,5.6558883781869,0.9123286714372252,4.138060995143382,0.3545880401171608,3840.0,0.0,0.7199999999999999,0.0
communication_delay,flocking_adaptive_momentum,100,2.5008595729374314,0.479218390803608,3.1021110811284065,0.4948502289958159,22.67,7.837161475942676,3.5169281708349693,0.09020552850279172,26.389510073508433,5.810169309269716,0.6761874999999999,0.047688063151982804,1.2991803429640993,0.17016828965791192,0.9411281125876121,0.02135068447983253,737280.0,0.0,28.389510073508433,5.810169309269716,0.2738125,0.047688063151982804,5.500146410995248,0.7976084811216223,4.3990746268089795,0.2754265802902941,3840.0,0.0,0.6051982477143772,0.038974203896994776
biased_agents,flocking_kf_no_momentum,100,2.2260781934467717,0.17982223164898803,1.9067586094773967,0.14596133927027513,0.16,0.41761226035642196,3.4034448110207647,0.0705298094558938,10.793622632338007,2.05854680186128,0.3852109374999999,0.0520064053625173,0.9985683192511918,0.05389250026961105,0.9246693983091973,0.011571765863076733,737280.0,0.0,12.793622632338003,2.05854680186128,0.5647890624999999,0.0520064053625173,3.5866724126985177,0.24775854149506535,5.006214698523435,0.02590758570586152,3840.0,0.0,0.0,0.0
biased_agents,flocking_fixed_momentum,100,1.2403191710370676,0.3105750432645463,1.262153441217989,0.3288716114281191,1.25,1.4168627315304754,3.6879207617737095,0.015082401675309186,4.178996424097446,3.6186819306943696,0.18341406249999997,0.13120673835942256,0.6901179345517299,0.1356806847397971,0.9397656187647954,0.013915514481858026,737280.0,0.0,6.178996424097445,3.6186819306943696,0.7665859375,0.13120673835942256,4.190810869171992,0.6237917929863701,4.85089812992069,0.04582060792853093,3840.0,0.0,0.7199999999999999,0.0
biased_agents,flocking_adaptive_momentum,100,1.3079655890803792,0.2644655558392403,1.3232409481284282,0.23537727085904134,2.9,8.736704184073076,3.6785446815726504,0.019676075272697973,4.525706709499126,2.5751353444841403,0.18286718749999994,0.08412537255849432,0.5713450252180647,0.0957475418496616,0.9086835029395297,0.03189563097194183,737280.0,0.0,6.5257067094991275,2.57513534448414,0.7671328125,0.08412537255849434,4.239652869378935,0.4215653696718513,5.115289165218092,0.09969282861471661,3840.0,0.0,0.6778761390840853,0.02460993913647554
