scenario,seed,algorithm,integrated_loss,movement_per_step,runtime_seconds,trace_fingerprint,investigation_action_trace,decision_loss,position_rmse,movement_distance,wrong_mode_action_rate,mean_nees,p95_nees,coverage95_rate,mean_delivery_ratio,mean_topology_components,mean_missing_evidence_residual_mass,investigation_request_rate,investigation_residual_guard_rate,investigation_replan_rate,investigation_active_motion_rate,investigation_probe_rate,mean_investigation_active_agents,mean_investigation_mode_count,investigation_planning_sequences
stable_control,17990,flocking_topology_admission_posterior,0.4222469830632408,0.9554869834533694,2.118507666978985,e6336d467fe8f6824054c60deb7b5c39a511a93e43dd504e25a3edafba9edcc5,inactive|inactive|inactive|inactive|inactive|inactive|inactive|inactive|inactive|inactive|inactive|inactive|inactive|inactive|inactive|inactive|inactive|inactive|inactive|inactive|inactive|inactive|inactive|inactive|inactive|inactive|inactive|inactive|inactive|inactive|inactive|inactive|inactive|inactive|inactive|inactive|inactive|inactive|inactive|inactive|inactive|inactive|inactive|inactive|inactive|inactive|inactive|inactive|inactive|inactive|inactive|inactive|inactive|inactive|inactive|inactive|inactive|inactive|inactive|inactive|inactive|inactive|inactive|inactive|inactive|inactive|inactive|inactive|inactive|inactive|inactive|inactive|inactive|inactive|inactive|inactive|inactive|inactive|inactive|inactive|inactive|inactive|inactive|inactive|inactive|inactive|inactive|inactive|inactive|inactive|inactive|inactive|inactive|inactive|inactive|inactive|inactive|inactive|inactive|inactive|inactive|inactive|inactive|inactive|inactive|inactive|inactive|inactive|inactive|inactive|inactive|inactive|inactive|inactive|inactive|inactive|inactive|inactive|inactive|inactive|inactive|inactive|inactive|inactive|inactive|inactive|inactive|inactive|inactive|inactive|inactive|inactive|inactive|inactive|inactive|inactive|inactive|inactive|inactive|inactive|inactive|inactive|inactive|inactive|inactive|inactive|inactive|inactive|inactive|inactive|inactive|inactive|inactive|inactive|inactive|inactive|inactive|inactive|inactive|inactive,0.2789239355452354,0.3206779352238713,152.8779173525391,0.0,1.8696637473866744,5.144085756214361,0.95625,1.0,1.01875,0.014334187277147793,0.0,0.0,0.0,0.0,0.0,0.0,0.0,0
stable_control,17991,flocking_topology_admission_posterior,0.4119007555215842,0.8246307572717362,2.132978375069797,1819ba452bf3f13bc74d290c7684fc1987cb8c904e2693471fa330006d8ca3b1,inactive|inactive|inactive|inactive|inactive|inactive|inactive|inactive|inactive|inactive|inactive|inactive|inactive|inactive|inactive|inactive|inactive|inactive|inactive|inactive|inactive|inactive|inactive|inactive|inactive|inactive|inactive|inactive|inactive|inactive|inactive|inactive|inactive|inactive|inactive|inactive|inactive|inactive|inactive|inactive|inactive|inactive|inactive|inactive|inactive|inactive|inactive|inactive|inactive|inactive|inactive|inactive|inactive|inactive|inactive|inactive|inactive|inactive|inactive|inactive|inactive|inactive|inactive|inactive|inactive|inactive|inactive|inactive|inactive|inactive|inactive|inactive|inactive|inactive|inactive|inactive|inactive|inactive|inactive|inactive|inactive|inactive|inactive|inactive|inactive|inactive|inactive|inactive|inactive|inactive|inactive|inactive|inactive|inactive|inactive|inactive|inactive|inactive|inactive|inactive|inactive|inactive|inactive|inactive|inactive|inactive|inactive|inactive|inactive|inactive|inactive|inactive|inactive|inactive|inactive|inactive|inactive|inactive|inactive|inactive|inactive|inactive|inactive|inactive|inactive|inactive|inactive|inactive|inactive|inactive|inactive|inactive|inactive|inactive|inactive|inactive|inactive|inactive|inactive|inactive|inactive|inactive|inactive|inactive|inactive|inactive|inactive|inactive|inactive|inactive|inactive|inactive|inactive|inactive|inactive|inactive|inactive|inactive|inactive|inactive,0.28820614193082383,0.3237378521669679,131.94092116347778,0.0,1.9320021105971634,5.609530945908961,0.96875,1.0,1.0,0.012303351146704083,0.0,0.0,0.0,0.0,0.0,0.0,0.0,0
stable_control,17990,flocking_topology_admission_round_robin,0.41849629319410764,0.9216804101114734,2.1619505409616977,e6336d467fe8f6824054c60deb7b5c39a511a93e43dd504e25a3edafba9edcc5,track|track|track|track|track|track|track|track|track|track|track|track|track|track|track|track|track|track|spread|spread|track|track|track|track|track|track|track|track|track|track|track|track|track|track|track|track|track|track|track|track|track|track|track|track|track|track|track|track|track|track|track|track|track|track|track|track|track|track|track|track|track|track|track|track|track|track|track|track|track|track|track|track|track|track|track|track|track|track|track|track|track|track|track|track|track|track|track|track|track|track|track|track|track|track|track|track|track|track|track|track|track|track|track|track|track|track|track|track|track|track|track|track|track|track|track|track|track|track|track|track|track|track|track|track|track|track|track|track|track|track|track|track|track|track|track|track|track|track|track|track|track|track|track|track|track|track|track|track|track|track|track|track|track|track|track|track|track|track|track|track,0.2802442316773866,0.3212777684534382,147.46886561783575,0.0,1.920198305431898,5.473501119453986,0.95,1.0,1.0,0.014436170482741073,0.0125,0.0,0.00625,0.0125,0.0,0.1,1.0,0
stable_control,17991,flocking_topology_admission_round_robin,0.40847096983915143,0.7782751815914868,2.119326167041436,1819ba452bf3f13bc74d290c7684fc1987cb8c904e2693471fa330006d8ca3b1,track|track|track|track|track|track|track|track|track|track|track|track|track|track|track|track|track|track|spread|spread|track|track|track|track|track|track|track|track|track|track|track|track|track|track|track|track|track|track|track|track|track|track|track|track|track|track|track|track|track|track|track|track|track|track|track|track|track|track|track|track|track|track|track|track|track|track|track|track|track|track|track|track|track|track|track|track|track|track|track|track|track|track|track|track|track|track|track|track|track|track|track|track|track|track|track|track|track|track|track|track|track|track|track|track|track|track|track|track|track|track|track|track|track|track|track|track|track|track|track|track|track|track|track|track|track|track|track|track|track|track|track|track|track|track|track|track|track|track|track|track|track|track|track|track|track|track|track|track|track|track|track|track|track|track|track|track|track|track|track|track,0.2917296926004284,0.3293519946043342,124.5240290546379,0.0,1.96363528604101,5.555320127065959,0.95,1.0,1.025,0.013203308056944257,0.0125,0.0,0.00625,0.0125,0.0,0.1,1.0,0
stable_control,17990,flocking_topology_admission_receding_voi,0.42089856799245895,0.9300767268814356,2.216779332840815,e6336d467fe8f6824054c60deb7b5c39a511a93e43dd504e25a3edafba9edcc5,track|track|track|track|track|track|track|track|track|track|track|track|track|track|track|track|track|track|track|track|track|track|track|track|track|track|track|track|track|track|track|track|track|track|track|track|track|track|track|track|track|track|track|track|track|track|track|track|track|track|track|track|track|track|track|track|track|track|track|track|track|track|track|track|track|track|track|track|track|track|track|track|track|track|track|track|track|track|track|track|track|track|track|track|track|track|track|track|track|track|track|track|track|track|track|track|track|track|track|track|track|track|track|track|track|track|track|track|track|track|track|track|track|track|track|track|track|track|track|track|track|track|track|track|track|track|track|track|track|track|track|track|track|track|track|track|track|track|track|track|track|track|track|track|track|track|track|track|track|track|track|track|track|track|track|track|track|track|track|track,0.28138705896024363,0.3230130949779673,148.8122763010297,0.0,1.9355986555364477,5.541259964580186,0.95,1.0,1.0,0.014097943113609698,0.0125,0.0,0.00625,0.0,0.0,0.0,1.0,25
stable_control,17991,flocking_topology_admission_receding_voi,0.41103739857736443,0.7912166977506658,2.180037916172296,1819ba452bf3f13bc74d290c7684fc1987cb8c904e2693471fa330006d8ca3b1,track|track|track|track|track|track|track|track|track|track|track|track|track|track|track|track|track|track|track|track|track|track|track|track|track|track|track|track|track|track|track|track|track|track|track|track|track|track|track|track|track|track|track|track|track|track|track|track|track|track|track|track|track|track|track|track|track|track|track|track|track|track|track|track|track|track|track|track|track|track|track|track|track|track|track|track|track|track|track|track|track|track|track|track|track|track|track|track|track|track|track|track|track|track|track|track|track|track|track|track|track|track|track|track|track|track|track|track|track|track|track|track|track|track|track|track|track|track|track|track|track|track|track|track|track|track|track|track|track|track|track|track|track|track|track|track|track|track|track|track|track|track|track|track|track|track|track|track|track|track|track|track|track|track|track|track|track|track|track|track,0.29235489391476455,0.32964270596847256,126.59467164010654,0.0,1.9612854922033407,5.635704655934439,0.9625,1.0,1.03125,0.012832457221964083,0.0125,0.0,0.00625,0.0,0.0,0.0,1.0,25
failure_only,17990,flocking_topology_admission_posterior,0.4515725254713571,0.9679015882721986,1.4118017498403788,5b92668947b61166229b24d3a99214ee2469cc61b3b16c4097e2ed2d272c3139,inactive|inactive|inactive|inactive|inactive|inactive|inactive|inactive|inactive|inactive|inactive|inactive|inactive|inactive|inactive|inactive|inactive|inactive|inactive|inactive|inactive|inactive|inactive|inactive|inactive|inactive|inactive|inactive|inactive|inactive|inactive|inactive|inactive|inactive|inactive|inactive|inactive|inactive|inactive|inactive|inactive|inactive|inactive|inactive|inactive|inactive|inactive|inactive|inactive|inactive|inactive|inactive|inactive|inactive|inactive|inactive|inactive|inactive|inactive|inactive|inactive|inactive|inactive|inactive|inactive|inactive|inactive|inactive|inactive|inactive|inactive|inactive|inactive|inactive|inactive|inactive|inactive|inactive|inactive|inactive|inactive|inactive|inactive|inactive|inactive|inactive|inactive|inactive|inactive|inactive|inactive|inactive|inactive|inactive|inactive|inactive|inactive|inactive|inactive|inactive|inactive|inactive|inactive|inactive|inactive|inactive|inactive|inactive|inactive|inactive|inactive|inactive|inactive|inactive|inactive|inactive|inactive|inactive|inactive|inactive|inactive|inactive|inactive|inactive|inactive|inactive|inactive|inactive|inactive|inactive|inactive|inactive|inactive|inactive|inactive|inactive|inactive|inactive|inactive|inactive|inactive|inactive|inactive|inactive|inactive|inactive|inactive|inactive|inactive|inactive|inactive|inactive|inactive|inactive|inactive|inactive|inactive|inactive|inactive|inactive,0.3063872872305273,0.35027316731523006,154.86425412355177,0.0,1.917608461660167,6.113961396877283,0.9375,1.0,1.01875,0.015694651858294974,0.0,0.0,0.0,0.0,0.0,0.0,0.0,0
failure_only,17991,flocking_topology_admission_posterior,0.41647208012623305,0.8219262857961978,1.4340895421337336,ad183b7d5fbc00f79a2a31f318d7601e6730591037962e10a01c0f89d2e751c0,inactive|inactive|inactive|inactive|inactive|inactive|inactive|inactive|inactive|inactive|inactive|inactive|inactive|inactive|inactive|inactive|inactive|inactive|inactive|inactive|inactive|inactive|inactive|inactive|inactive|inactive|inactive|inactive|inactive|inactive|inactive|inactive|inactive|inactive|inactive|inactive|inactive|inactive|inactive|inactive|inactive|inactive|inactive|inactive|inactive|inactive|inactive|inactive|inactive|inactive|inactive|inactive|inactive|inactive|inactive|inactive|inactive|inactive|inactive|inactive|inactive|inactive|inactive|inactive|inactive|inactive|inactive|inactive|inactive|inactive|inactive|inactive|inactive|inactive|inactive|inactive|inactive|inactive|inactive|inactive|inactive|inactive|inactive|inactive|inactive|inactive|inactive|inactive|inactive|inactive|inactive|inactive|inactive|inactive|inactive|inactive|inactive|inactive|inactive|inactive|inactive|inactive|inactive|inactive|inactive|inactive|inactive|inactive|inactive|inactive|inactive|inactive|inactive|inactive|inactive|inactive|inactive|inactive|inactive|inactive|inactive|inactive|inactive|inactive|inactive|inactive|inactive|inactive|inactive|inactive|inactive|inactive|inactive|inactive|inactive|inactive|inactive|inactive|inactive|inactive|inactive|inactive|inactive|inactive|inactive|inactive|inactive|inactive|inactive|inactive|inactive|inactive|inactive|inactive|inactive|inactive|inactive|inactive|inactive|inactive,0.2931831372568034,0.32694055341448264,131.50820572739164,0.0,1.8899473990696432,5.380048677037217,0.9625,1.0,1.0,0.012430341513082449,0.0,0.0,0.0,0.0,0.0,0.0,0.0,0
failure_only,17990,flocking_topology_admission_round_robin,0.4481666728486754,0.9318453965285256,1.4852702089119703,5b92668947b61166229b24d3a99214ee2469cc61b3b16c4097e2ed2d272c3139,track|track|track|track|track|track|track|track|track|track|track|track|track|track|track|track|track|track|spread|spread|track|track|track|track|track|track|track|track|track|track|track|track|track|track|track|track|track|track|track|track|track|track|track|track|track|track|track|track|track|track|track|track|track|track|track|track|track|track|track|track|track|track|track|track|track|track|track|track|track|track|track|track|track|track|track|track|track|track|track|track|track|track|track|track|track|track|track|track|track|track|track|track|track|track|track|track|track|track|track|track|track|track|track|track|track|track|track|track|track|track|track|track|track|track|track|track|track|track|track|track|track|track|track|track|track|track|track|track|track|track|track|track|track|track|track|track|track|track|track|track|track|track|track|track|track|track|track|track|track|track|track|track|track|track|track|track|track|track|track|track,0.30838986336939656,0.3504820439930556,149.0952634445641,0.0,1.9605090298768004,6.040437737458694,0.94375,1.0,1.0,0.015708338386224104,0.0125,0.0,0.00625,0.0125,0.0,0.1,1.0,0
failure_only,17991,flocking_topology_admission_round_robin,0.4178891514352292,0.8062695620868331,1.4621227921452373,ad183b7d5fbc00f79a2a31f318d7601e6730591037962e10a01c0f89d2e751c0,track|track|track|track|track|track|track|track|track|track|track|track|track|track|track|track|track|track|spread|spread|track|track|track|track|track|track|track|track|track|track|track|track|track|track|track|track|track|track|track|track|track|track|track|track|track|track|track|track|track|track|track|track|track|track|track|track|track|track|track|track|track|track|track|track|track|track|track|track|track|track|track|track|track|track|track|track|track|track|track|track|track|track|track|track|track|track|track|track|track|track|track|track|track|track|track|track|track|track|track|track|track|track|track|track|track|track|track|track|track|track|track|track|track|track|track|track|track|track|track|track|track|track|track|track|track|track|track|track|track|track|track|track|track|track|track|track|track|track|track|track|track|track|track|track|track|track|track|track|track|track|track|track|track|track|track|track|track|track|track|track,0.2969487171222043,0.3328498989148843,129.0031299338933,0.0,1.920300385110835,5.81325257932495,0.95625,1.0,1.025,0.013214062474521265,0.0125,0.0,0.00625,0.0125,0.0,0.1,1.0,0
failure_only,17990,flocking_topology_admission_receding_voi,0.45095561696341857,0.9464017438376576,1.5387957079801708,5b92668947b61166229b24d3a99214ee2469cc61b3b16c4097e2ed2d272c3139,track|track|track|track|track|track|track|track|track|track|track|track|track|track|track|track|track|track|track|track|track|track|track|track|track|track|track|track|track|track|track|track|track|track|track|track|track|track|track|track|track|track|track|track|track|track|track|track|track|track|track|track|track|track|track|track|track|track|track|track|track|track|track|track|track|track|track|track|track|track|track|track|track|track|track|track|track|track|track|track|track|track|track|track|track|track|track|track|track|track|track|track|track|track|track|track|track|track|track|track|track|track|track|track|track|track|track|track|track|track|track|track|track|track|track|track|track|track|track|track|track|track|track|track|track|track|track|track|track|track|track|track|track|track|track|track|track|track|track|track|track|track|track|track|track|track|track|track|track|track|track|track|track|track|track|track|track|track|track|track,0.3089953553877699,0.35168033034534435,151.42427901402522,0.0,1.96373669201101,6.065341545912756,0.9375,1.0,1.0,0.015623487788643458,0.0125,0.0,0.00625,0.0,0.0,0.0,1.0,25
failure_only,17991,flocking_topology_admission_receding_voi,0.41473072641070674,0.8017284424044162,1.477673958055675,ad183b7d5fbc00f79a2a31f318d7601e6730591037962e10a01c0f89d2e751c0,track|track|track|track|track|track|track|track|track|track|track|track|track|track|track|track|track|track|track|track|track|track|track|track|track|track|track|track|track|track|track|track|track|track|track|track|track|track|track|track|track|track|track|track|track|track|track|track|track|track|track|track|track|track|track|track|track|track|track|track|track|track|track|track|track|track|track|track|track|track|track|track|track|track|track|track|track|track|track|track|track|track|track|track|track|track|track|track|track|track|track|track|track|track|track|track|track|track|track|track|track|track|track|track|track|track|track|track|track|track|track|track|track|track|track|track|track|track|track|track|track|track|track|track|track|track|track|track|track|track|track|track|track|track|track|track|track|track|track|track|track|track|track|track|track|track|track|track|track|track|track|track|track|track|track|track|track|track|track|track,0.2944714600500443,0.33035173059524275,128.2765507847066,0.0,1.8767642319150344,5.145274202678747,0.95625,1.0,1.05,0.012948729727147884,0.0125,0.0,0.00625,0.0,0.0,0.0,1.0,25
partition_only,17990,flocking_topology_admission_posterior,0.5497573018383551,0.9429044807734117,1.7752480830531567,9b23bd7b0ea16b80d2e95aec195a1494f9626b289243f9d75931aa9c18bf431f,inactive|inactive|inactive|inactive|inactive|inactive|inactive|inactive|inactive|inactive|inactive|inactive|inactive|inactive|inactive|inactive|inactive|inactive|inactive|inactive|inactive|inactive|inactive|inactive|inactive|inactive|inactive|inactive|inactive|inactive|inactive|inactive|inactive|inactive|inactive|inactive|inactive|inactive|inactive|inactive|inactive|inactive|inactive|inactive|inactive|inactive|inactive|inactive|inactive|inactive|inactive|inactive|inactive|inactive|inactive|inactive|inactive|inactive|inactive|inactive|inactive|inactive|inactive|inactive|inactive|inactive|inactive|inactive|inactive|inactive|inactive|inactive|inactive|inactive|inactive|inactive|inactive|inactive|inactive|inactive|inactive|inactive|inactive|inactive|inactive|inactive|inactive|inactive|inactive|inactive|inactive|inactive|inactive|inactive|inactive|inactive|inactive|inactive|inactive|inactive|inactive|inactive|inactive|inactive|inactive|inactive|inactive|inactive|inactive|inactive|inactive|inactive|inactive|inactive|inactive|inactive|inactive|inactive|inactive|inactive|inactive|inactive|inactive|inactive|inactive|inactive|inactive|inactive|inactive|inactive|inactive|inactive|inactive|inactive|inactive|inactive|inactive|inactive|inactive|inactive|inactive|inactive|inactive|inactive|inactive|inactive|inactive|inactive|inactive|inactive|inactive|inactive|inactive|inactive|inactive|inactive|inactive|inactive|inactive|inactive,0.40832162972234337,0.45925189291455737,150.86471692374587,0.0,1.8588701573924298,5.451941104362527,0.95625,1.0,2.1375,0.025956580141363095,0.0,0.0,0.0,0.0,0.0,0.0,0.0,0
partition_only,17991,flocking_topology_admission_posterior,0.5073705969632686,0.8198093115872289,1.7405568328686059,2b92348587a4defcb10b73f60614ec516b8aa73291a29257222b0111f3ec7390,inactive|inactive|inactive|inactive|inactive|inactive|inactive|inactive|inactive|inactive|inactive|inactive|inactive|inactive|inactive|inactive|inactive|inactive|inactive|inactive|inactive|inactive|inactive|inactive|inactive|inactive|inactive|inactive|inactive|inactive|inactive|inactive|inactive|inactive|inactive|inactive|inactive|inactive|inactive|inactive|inactive|inactive|inactive|inactive|inactive|inactive|inactive|inactive|inactive|inactive|inactive|inactive|inactive|inactive|inactive|inactive|inactive|inactive|inactive|inactive|inactive|inactive|inactive|inactive|inactive|inactive|inactive|inactive|inactive|inactive|inactive|inactive|inactive|inactive|inactive|inactive|inactive|inactive|inactive|inactive|inactive|inactive|inactive|inactive|inactive|inactive|inactive|inactive|inactive|inactive|inactive|inactive|inactive|inactive|inactive|inactive|inactive|inactive|inactive|inactive|inactive|inactive|inactive|inactive|inactive|inactive|inactive|inactive|inactive|inactive|inactive|inactive|inactive|inactive|inactive|inactive|inactive|inactive|inactive|inactive|inactive|inactive|inactive|inactive|inactive|inactive|inactive|inactive|inactive|inactive|inactive|inactive|inactive|inactive|inactive|inactive|inactive|inactive|inactive|inactive|inactive|inactive|inactive|inactive|inactive|inactive|inactive|inactive|inactive|inactive|inactive|inactive|inactive|inactive|inactive|inactive|inactive|inactive|inactive|inactive,0.38439920022518426,0.3821779972685586,131.16948985395663,0.0,1.6538310831432088,4.981451876094146,0.975,1.0,2.125,0.030525031672641766,0.0,0.0,0.0,0.0,0.0,0.0,0.0,0
partition_only,17990,flocking_topology_admission_round_robin,0.5638112592069461,0.9124247285266092,1.7838908329140395,9b23bd7b0ea16b80d2e95aec195a1494f9626b289243f9d75931aa9c18bf431f,track|track|track|track|track|track|track|track|track|track|track|track|track|track|track|track|track|track|spread|spread|track|track|track|track|track|track|track|track|track|track|track|track|track|track|track|track|track|track|track|track|track|track|track|track|track|track|track|track|track|track|track|track|track|track|track|track|track|track|track|track|track|track|track|track|track|track|track|track|track|track|track|track|track|track|track|track|track|track|track|track|track|track|track|track|track|track|track|track|track|track|track|track|track|track|track|track|track|track|track|track|track|track|track|track|track|track|track|track|track|track|track|track|track|track|track|track|track|track|track|track|track|track|track|track|track|track|track|track|track|track|track|track|track|track|track|track|track|track|track|track|track|track|track|track|track|track|track|track|track|track|track|track|track|track|track|track|track|track|track|track,0.42694754992795475,0.46055199501158023,145.98795656425747,0.0,1.8287474403821413,5.136810262605198,0.9625,1.0,2.09375,0.028113367077369916,0.0125,0.0,0.00625,0.0125,0.0,0.1,1.0,0
partition_only,17991,flocking_topology_admission_round_robin,0.46872054399486585,0.7878797834210587,1.8624290840234607,2b92348587a4defcb10b73f60614ec516b8aa73291a29257222b0111f3ec7390,track|track|track|track|track|track|track|track|track|track|track|track|track|track|track|track|track|track|spread|spread|track|track|track|track|track|track|track|track|track|track|track|track|track|track|track|track|track|track|track|track|track|track|track|track|track|track|track|track|track|track|track|track|track|track|track|track|track|track|track|track|track|track|track|track|track|track|track|track|track|track|track|track|track|track|track|track|track|track|track|track|track|track|track|track|track|track|track|track|track|track|track|track|track|track|track|track|track|track|track|track|track|track|track|track|track|track|track|track|track|track|track|track|track|track|track|track|track|track|track|track|track|track|track|track|track|track|track|track|track|track|track|track|track|track|track|track|track|track|track|track|track|track|track|track|track|track|track|track|track|track|track|track|track|track|track|track|track|track|track|track,0.35053857648170705,0.3683834033168247,126.06076534736938,0.0,1.7005210808465996,4.975384482062827,0.975,1.0,1.93125,0.026586329815563237,0.0125,0.0,0.00625,0.0125,0.0,0.1,1.0,0
partition_only,17990,flocking_topology_admission_receding_voi,0.5823166381505401,0.917819555069803,1.8640665831044316,9b23bd7b0ea16b80d2e95aec195a1494f9626b289243f9d75931aa9c18bf431f,track|track|track|track|track|track|track|track|track|track|track|track|track|track|track|track|track|track|track|track|track|track|track|track|track|track|track|track|track|track|track|track|track|track|track|track|track|track|track|track|track|track|track|track|track|track|track|track|track|track|track|track|track|track|track|track|track|track|track|track|track|track|track|track|track|track|track|track|track|track|track|track|track|track|track|track|track|track|track|track|track|track|track|track|track|track|track|track|track|track|track|track|track|track|track|track|track|track|track|track|track|track|track|track|track|track|track|track|track|track|track|track|track|track|track|track|track|track|track|track|track|track|track|track|track|track|track|track|track|track|track|track|track|track|track|track|track|track|track|track|track|track|track|track|track|track|track|track|track|track|track|track|track|track|track|track|track|track|track|track,0.4446437048900697,0.4723990195163094,146.85112881116848,0.0,1.9325547233767686,5.513355027586956,0.95625,1.0,2.13125,0.029228356073974737,0.0125,0.0,0.00625,0.0,0.0,0.0,1.0,25
partition_only,17991,flocking_topology_admission_receding_voi,0.49405690492222176,0.7974890308537025,1.8474783329293132,2b92348587a4defcb10b73f60614ec516b8aa73291a29257222b0111f3ec7390,track|track|track|track|track|track|track|track|track|track|track|track|track|track|track|track|track|track|track|track|track|track|track|track|track|track|track|track|track|track|track|track|track|track|track|track|track|track|track|track|track|track|track|track|track|track|track|track|track|track|track|track|track|track|track|track|track|track|track|track|track|track|track|track|track|track|track|track|track|track|track|track|track|track|track|track|track|track|track|track|track|track|track|track|track|track|track|track|track|track|track|track|track|track|track|track|track|track|track|track|track|track|track|track|track|track|track|track|track|track|track|track|track|track|track|track|track|track|track|track|track|track|track|track|track|track|track|track|track|track|track|track|track|track|track|track|track|track|track|track|track|track|track|track|track|track|track|track|track|track|track|track|track|track|track|track|track|track|track|track,0.37443355029416636,0.3882359496147018,127.5982449365924,0.0,1.738634147973586,4.96868507479459,0.95625,1.0,2.15625,0.030222767123876438,0.0125,0.0,0.00625,0.0,0.0,0.0,1.0,25
asymmetric_partition,17990,flocking_topology_admission_posterior,0.5856283787534003,0.955394973677411,1.8235424580052495,027088aca45173d4e939e78c1e4fbae08472034d43cd73329e0e81187c1805f1,inactive|inactive|inactive|inactive|inactive|inactive|inactive|inactive|inactive|inactive|inactive|inactive|inactive|inactive|inactive|inactive|inactive|inactive|inactive|inactive|inactive|inactive|inactive|inactive|inactive|inactive|inactive|inactive|inactive|inactive|inactive|inactive|inactive|inactive|inactive|inactive|inactive|inactive|inactive|inactive|inactive|inactive|inactive|inactive|inactive|inactive|inactive|inactive|inactive|inactive|inactive|inactive|inactive|inactive|inactive|inactive|inactive|inactive|inactive|inactive|inactive|inactive|inactive|inactive|inactive|inactive|inactive|inactive|inactive|inactive|inactive|inactive|inactive|inactive|inactive|inactive|inactive|inactive|inactive|inactive|inactive|inactive|inactive|inactive|inactive|inactive|inactive|inactive|inactive|inactive|inactive|inactive|inactive|inactive|inactive|inactive|inactive|inactive|inactive|inactive|inactive|inactive|inactive|inactive|inactive|inactive|inactive|inactive|inactive|inactive|inactive|inactive|inactive|inactive|inactive|inactive|inactive|inactive|inactive|inactive|inactive|inactive|inactive|inactive|inactive|inactive|inactive|inactive|inactive|inactive|inactive|inactive|inactive|inactive|inactive|inactive|inactive|inactive|inactive|inactive|inactive|inactive|inactive|inactive|inactive|inactive|inactive|inactive|inactive|inactive|inactive|inactive|inactive|inactive|inactive|inactive|inactive|inactive|inactive|inactive,0.4423191327017887,0.4829449272530384,152.86319578838575,0.0,1.8922953484629503,5.4937689294000185,0.9625,1.0,2.1375,0.030754513036780496,0.0,0.0,0.0,0.0,0.0,0.0,0.0,0
asymmetric_partition,17991,flocking_topology_admission_posterior,0.685673112532083,0.8207213423306424,1.7139112500008196,c8a2512fca095e6da68bc1f2f5c2f0d45185247e28116ab8be3521e56612cf74,inactive|inactive|inactive|inactive|inactive|inactive|inactive|inactive|inactive|inactive|inactive|inactive|inactive|inactive|inactive|inactive|inactive|inactive|inactive|inactive|inactive|inactive|inactive|inactive|inactive|inactive|inactive|inactive|inactive|inactive|inactive|inactive|inactive|inactive|inactive|inactive|inactive|inactive|inactive|inactive|inactive|inactive|inactive|inactive|inactive|inactive|inactive|inactive|inactive|inactive|inactive|inactive|inactive|inactive|inactive|inactive|inactive|inactive|inactive|inactive|inactive|inactive|inactive|inactive|inactive|inactive|inactive|inactive|inactive|inactive|inactive|inactive|inactive|inactive|inactive|inactive|inactive|inactive|inactive|inactive|inactive|inactive|inactive|inactive|inactive|inactive|inactive|inactive|inactive|inactive|inactive|inactive|inactive|inactive|inactive|inactive|inactive|inactive|inactive|inactive|inactive|inactive|inactive|inactive|inactive|inactive|inactive|inactive|inactive|inactive|inactive|inactive|inactive|inactive|inactive|inactive|inactive|inactive|inactive|inactive|inactive|inactive|inactive|inactive|inactive|inactive|inactive|inactive|inactive|inactive|inactive|inactive|inactive|inactive|inactive|inactive|inactive|inactive|inactive|inactive|inactive|inactive|inactive|inactive|inactive|inactive|inactive|inactive|inactive|inactive|inactive|inactive|inactive|inactive|inactive|inactive|inactive|inactive|inactive|inactive,0.5625649111824866,0.47810990748692717,131.31541477290278,0.0,1.7254107135080976,4.976877040394789,0.98125,1.0,2.01875,0.059971851831833435,0.0,0.0,0.0,0.0,0.0,0.0,0.0,0
asymmetric_partition,17990,flocking_topology_admission_round_robin,0.5718196718438597,0.9207506657873872,1.916316666873172,027088aca45173d4e939e78c1e4fbae08472034d43cd73329e0e81187c1805f1,track|track|track|track|track|track|track|track|track|track|track|track|track|track|track|track|track|track|spread|spread|track|track|track|track|track|track|track|track|track|track|track|track|track|track|track|track|track|track|track|track|track|track|track|track|track|track|track|track|track|track|track|track|track|track|track|track|track|track|track|track|track|track|track|track|track|track|track|track|track|track|track|track|track|track|track|track|track|track|track|track|track|track|track|track|track|track|track|track|track|track|track|track|track|track|track|track|track|track|track|track|track|track|track|track|track|track|track|track|track|track|track|track|track|track|track|track|track|track|track|track|track|track|track|track|track|track|track|track|track|track|track|track|track|track|track|track|track|track|track|track|track|track|track|track|track|track|track|track|track|track|track|track|track|track|track|track|track|track|track|track,0.43370707197575165,0.4690682333490677,147.32010652598194,0.0,1.8620026001489483,5.103754184978711,0.9625,1.0,2.0375,0.0304455660038938,0.0125,0.0,0.00625,0.0125,0.0,0.1,1.0,0
asymmetric_partition,17991,flocking_topology_admission_round_robin,0.6493850067193715,0.7927352199240247,1.751450290903449,c8a2512fca095e6da68bc1f2f5c2f0d45185247e28116ab8be3521e56612cf74,track|track|track|track|track|track|track|track|track|track|track|track|track|track|track|track|track|track|spread|spread|track|track|track|track|track|track|track|track|track|track|track|track|track|track|track|track|track|track|track|track|track|track|track|track|track|track|track|track|track|track|track|track|track|track|track|track|track|track|track|track|track|track|track|track|track|track|track|track|track|track|track|track|track|track|track|track|track|track|track|track|track|track|track|track|track|track|track|track|track|track|track|track|track|track|track|track|track|track|track|track|track|track|track|track|track|track|track|track|track|track|track|track|track|track|track|track|track|track|track|track|track|track|track|track|track|track|track|track|track|track|track|track|track|track|track|track|track|track|track|track|track|track|track|track|track|track|track|track|track|track|track|track|track|track|track|track|track|track|track|track,0.5304747237307678,0.4815917274343307,126.83763518784396,0.0,1.8095397548993524,5.257308502307788,0.96875,1.0,2.10625,0.05270754864822987,0.0125,0.0,0.00625,0.0125,0.0,0.1,1.0,0
asymmetric_partition,17990,flocking_topology_admission_receding_voi,0.5616620294494766,0.9086871211682974,1.9458771250210702,027088aca45173d4e939e78c1e4fbae08472034d43cd73329e0e81187c1805f1,track|track|track|track|track|track|track|track|track|track|track|track|track|track|track|track|track|track|track|track|track|track|track|track|track|track|track|track|track|track|track|track|track|track|track|track|track|track|track|track|track|track|track|track|track|track|track|track|track|track|track|track|track|track|track|track|track|track|track|track|track|track|track|track|track|track|track|track|track|track|track|track|track|track|track|track|track|track|track|track|track|track|track|track|track|track|track|track|track|track|track|track|track|track|track|track|track|track|track|track|track|track|track|track|track|track|track|track|track|track|track|track|track|track|track|track|track|track|track|track|track|track|track|track|track|track|track|track|track|track|track|track|track|track|track|track|track|track|track|track|track|track|track|track|track|track|track|track|track|track|track|track|track|track|track|track|track|track|track|track,0.42535896127423206,0.4750505690307778,145.38993938692758,0.0,1.869882523336195,5.142223525967893,0.95625,1.0,2.06875,0.02826956534570606,0.0125,0.0,0.00625,0.0,0.0,0.0,1.0,25
asymmetric_partition,17991,flocking_topology_admission_receding_voi,0.6934976279684645,0.801443187524425,1.783552834065631,c8a2512fca095e6da68bc1f2f5c2f0d45185247e28116ab8be3521e56612cf74,track|track|track|track|track|track|track|track|track|track|track|track|track|track|track|track|track|track|track|track|track|track|track|track|track|track|track|track|track|track|track|track|track|track|track|track|track|track|track|track|track|track|track|track|track|track|track|track|track|track|track|track|track|track|track|track|track|track|track|track|track|track|track|track|track|track|track|track|track|track|track|track|track|track|track|track|track|track|track|track|track|track|track|track|track|track|track|track|track|track|track|track|track|track|track|track|track|track|track|track|track|track|track|track|track|track|track|track|track|track|track|track|track|track|track|track|track|track|track|track|track|track|track|track|track|track|track|track|track|track|track|track|track|track|track|track|track|track|track|track|track|track|track|track|track|track|track|track|track|track|track|track|track|track|track|track|track|track|track|track,0.5732811498398007,0.48651339661672327,128.230910003908,0.0,1.8099843448501538,5.259947615118301,0.96875,1.0,2.15,0.061383641818460774,0.0125,0.0,0.00625,0.0,0.0,0.0,1.0,25
failure_partition,17990,flocking_topology_admission_posterior,0.5517176551712546,0.9438508870040636,1.3256920001003891,f439c5f8f5f8185d8d7525878bbe7fcb185dd2c90cfefff3daf31f1b8129d5d0,inactive|inactive|inactive|inactive|inactive|inactive|inactive|inactive|inactive|inactive|inactive|inactive|inactive|inactive|inactive|inactive|inactive|inactive|inactive|inactive|inactive|inactive|inactive|inactive|inactive|inactive|inactive|inactive|inactive|inactive|inactive|inactive|inactive|inactive|inactive|inactive|inactive|inactive|inactive|inactive|inactive|inactive|inactive|inactive|inactive|inactive|inactive|inactive|inactive|inactive|inactive|inactive|inactive|inactive|inactive|inactive|inactive|inactive|inactive|inactive|inactive|inactive|inactive|inactive|inactive|inactive|inactive|inactive|inactive|inactive|inactive|inactive|inactive|inactive|inactive|inactive|inactive|inactive|inactive|inactive|inactive|inactive|inactive|inactive|inactive|inactive|inactive|inactive|inactive|inactive|inactive|inactive|inactive|inactive|inactive|inactive|inactive|inactive|inactive|inactive|inactive|inactive|inactive|inactive|inactive|inactive|inactive|inactive|inactive|inactive|inactive|inactive|inactive|inactive|inactive|inactive|inactive|inactive|inactive|inactive|inactive|inactive|inactive|inactive|inactive|inactive|inactive|inactive|inactive|inactive|inactive|inactive|inactive|inactive|inactive|inactive|inactive|inactive|inactive|inactive|inactive|inactive|inactive|inactive|inactive|inactive|inactive|inactive|inactive|inactive|inactive|inactive|inactive|inactive|inactive|inactive|inactive|inactive|inactive|inactive,0.41014002212064504,0.4608576815407883,151.01614192065017,0.0,1.9962550012318458,5.755975355146764,0.95,1.0,1.65,0.021245708544052954,0.0,0.0,0.0,0.0,0.0,0.0,0.0,0
failure_partition,17991,flocking_topology_admission_posterior,0.5461102392492319,0.8140776359598222,1.1840405000839382,fa45c4a34e2bbde81598f91c1d2fee413c6cd7065f938ecbe89496cf98282a2d,inactive|inactive|inactive|inactive|inactive|inactive|inactive|inactive|inactive|inactive|inactive|inactive|inactive|inactive|inactive|inactive|inactive|inactive|inactive|inactive|inactive|inactive|inactive|inactive|inactive|inactive|inactive|inactive|inactive|inactive|inactive|inactive|inactive|inactive|inactive|inactive|inactive|inactive|inactive|inactive|inactive|inactive|inactive|inactive|inactive|inactive|inactive|inactive|inactive|inactive|inactive|inactive|inactive|inactive|inactive|inactive|inactive|inactive|inactive|inactive|inactive|inactive|inactive|inactive|inactive|inactive|inactive|inactive|inactive|inactive|inactive|inactive|inactive|inactive|inactive|inactive|inactive|inactive|inactive|inactive|inactive|inactive|inactive|inactive|inactive|inactive|inactive|inactive|inactive|inactive|inactive|inactive|inactive|inactive|inactive|inactive|inactive|inactive|inactive|inactive|inactive|inactive|inactive|inactive|inactive|inactive|inactive|inactive|inactive|inactive|inactive|inactive|inactive|inactive|inactive|inactive|inactive|inactive|inactive|inactive|inactive|inactive|inactive|inactive|inactive|inactive|inactive|inactive|inactive|inactive|inactive|inactive|inactive|inactive|inactive|inactive|inactive|inactive|inactive|inactive|inactive|inactive|inactive|inactive|inactive|inactive|inactive|inactive|inactive|inactive|inactive|inactive|inactive|inactive|inactive|inactive|inactive|inactive|inactive|inactive,0.42399859385525857,0.410635451643473,130.25242175357155,0.0,1.6766586225341633,4.974143203151878,0.98125,1.0,1.63125,0.03546147887586628,0.0,0.0,0.0,0.0,0.0,0.0,0.0,0
failure_partition,17990,flocking_topology_admission_round_robin,0.5622385688634077,0.9147829641660821,1.327278041979298,f439c5f8f5f8185d8d7525878bbe7fcb185dd2c90cfefff3daf31f1b8129d5d0,track|track|track|track|track|track|track|track|track|track|track|track|track|track|track|track|track|track|spread|spread|track|track|track|track|track|track|track|track|track|track|track|track|track|track|track|track|track|track|track|track|track|track|track|track|track|track|track|track|track|track|track|track|track|track|track|track|track|track|track|track|track|track|track|track|track|track|track|track|track|track|track|track|track|track|track|track|track|track|track|track|track|track|track|track|track|track|track|track|track|track|track|track|track|track|track|track|track|track|track|track|track|track|track|track|track|track|track|track|track|track|track|track|track|track|track|track|track|track|track|track|track|track|track|track|track|track|track|track|track|track|track|track|track|track|track|track|track|track|track|track|track|track|track|track|track|track|track|track|track|track|track|track|track|track|track|track|track|track|track|track,0.4250211242384955,0.47586039907790323,146.36527426657312,0.0,2.0527742257074886,5.971501071372709,0.95,1.0,1.68125,0.02193315586722618,0.0125,0.0,0.00625,0.0125,0.0,0.1,1.0,0
failure_partition,17991,flocking_topology_admission_round_robin,0.5953205836737535,0.7903705201979626,1.2017801250331104,fa45c4a34e2bbde81598f91c1d2fee413c6cd7065f938ecbe89496cf98282a2d,track|track|track|track|track|track|track|track|track|track|track|track|track|track|track|track|track|track|spread|spread|track|track|track|track|track|track|track|track|track|track|track|track|track|track|track|track|track|track|track|track|track|track|track|track|track|track|track|track|track|track|track|track|track|track|track|track|track|track|track|track|track|track|track|track|track|track|track|track|track|track|track|track|track|track|track|track|track|track|track|track|track|track|track|track|track|track|track|track|track|track|track|track|track|track|track|track|track|track|track|track|track|track|track|track|track|track|track|track|track|track|track|track|track|track|track|track|track|track|track|track|track|track|track|track|track|track|track|track|track|track|track|track|track|track|track|track|track|track|track|track|track|track|track|track|track|track|track|track|track|track|track|track|track|track|track|track|track|track|track|track,0.47676500564405916,0.41867570700091833,126.45928323167402,0.0,1.709590237454402,4.727775041463865,0.96875,1.0,1.65625,0.04615971187098103,0.0125,0.0,0.00625,0.0125,0.0,0.1,1.0,0
failure_partition,17990,flocking_topology_admission_receding_voi,0.5471650170669253,0.9141521717805914,1.402202082797885,f439c5f8f5f8185d8d7525878bbe7fcb185dd2c90cfefff3daf31f1b8129d5d0,track|track|track|track|track|track|track|track|track|track|track|track|track|track|track|track|track|track|track|track|track|track|track|track|track|track|track|track|track|track|track|track|track|track|track|track|track|track|track|track|track|track|track|track|track|track|track|track|track|track|track|track|track|track|track|track|track|track|track|track|track|track|track|track|track|track|track|track|track|track|track|track|track|track|track|track|track|track|track|track|track|track|track|track|track|track|track|track|track|track|track|track|track|track|track|track|track|track|track|track|track|track|track|track|track|track|track|track|track|track|track|track|track|track|track|track|track|track|track|track|track|track|track|track|track|track|track|track|track|track|track|track|track|track|track|track|track|track|track|track|track|track|track|track|track|track|track|track|track|track|track|track|track|track|track|track|track|track|track|track,0.41004219129983666,0.4582576471829272,146.2643474848946,0.0,1.9705018435735646,5.747138391369526,0.95625,1.0,1.66875,0.022221065086155588,0.0125,0.0,0.00625,0.0,0.0,0.0,1.0,25
failure_partition,17991,flocking_topology_admission_receding_voi,0.5633628679468013,0.7841672823436642,1.2672379580326378,fa45c4a34e2bbde81598f91c1d2fee413c6cd7065f938ecbe89496cf98282a2d,track|track|track|track|track|track|track|track|track|track|track|track|track|track|track|track|track|track|track|track|track|track|track|track|track|track|track|track|track|track|track|track|track|track|track|track|track|track|track|track|track|track|track|track|track|track|track|track|track|track|track|track|track|track|track|track|track|track|track|track|track|track|track|track|track|track|track|track|track|track|track|track|track|track|track|track|track|track|track|track|track|track|track|track|track|track|track|track|track|track|track|track|track|track|track|track|track|track|track|track|track|track|track|track|track|track|track|track|track|track|track|track|track|track|track|track|track|track|track|track|track|track|track|track|track|track|track|track|track|track|track|track|track|track|track|track|track|track|track|track|track|track|track|track|track|track|track|track|track|track|track|track|track|track|track|track|track|track|track|track,0.4457377755952517,0.41103494527349227,125.46676517498626,0.0,1.6762294054647384,4.728532442427487,0.975,1.0,1.66875,0.04075063718106149,0.0125,0.0,0.00625,0.0,0.0,0.0,1.0,25
staggered_rejoin,17990,flocking_topology_admission_posterior,0.46570782165146707,0.9386468905567978,1.577999624889344,341666d9a6749aa1b4c5ac4973a35fa483dd8e75be54ae733dfb4ece12a60516,inactive|inactive|inactive|inactive|inactive|inactive|inactive|inactive|inactive|inactive|inactive|inactive|inactive|inactive|inactive|inactive|inactive|inactive|inactive|inactive|inactive|inactive|inactive|inactive|inactive|inactive|inactive|inactive|inactive|inactive|inactive|inactive|inactive|inactive|inactive|inactive|inactive|inactive|inactive|inactive|inactive|inactive|inactive|inactive|inactive|inactive|inactive|inactive|inactive|inactive|inactive|inactive|inactive|inactive|inactive|inactive|inactive|inactive|inactive|inactive|inactive|inactive|inactive|inactive|inactive|inactive|inactive|inactive|inactive|inactive|inactive|inactive|inactive|inactive|inactive|inactive|inactive|inactive|inactive|inactive|inactive|inactive|inactive|inactive|inactive|inactive|inactive|inactive|inactive|inactive|inactive|inactive|inactive|inactive|inactive|inactive|inactive|inactive|inactive|inactive|inactive|inactive|inactive|inactive|inactive|inactive|inactive|inactive|inactive|inactive|inactive|inactive|inactive|inactive|inactive|inactive|inactive|inactive|inactive|inactive|inactive|inactive|inactive|inactive|inactive|inactive|inactive|inactive|inactive|inactive|inactive|inactive|inactive|inactive|inactive|inactive|inactive|inactive|inactive|inactive|inactive|inactive|inactive|inactive|inactive|inactive|inactive|inactive|inactive|inactive|inactive|inactive|inactive|inactive|inactive|inactive|inactive|inactive|inactive|inactive,0.3249107880679474,0.35997732970850127,150.18350248908766,0.0,1.821760288980638,5.653974727922778,0.95625,1.0,1.01875,0.02023975362833377,0.0,0.0,0.0,0.0,0.0,0.0,0.0,0
staggered_rejoin,17991,flocking_topology_admission_posterior,0.42473442727584626,0.798235754189767,1.6201458328869194,e93f9daef0c379b56d3439c015c064637077b2345146570d6282827d8e4c26cf,inactive|inactive|inactive|inactive|inactive|inactive|inactive|inactive|inactive|inactive|inactive|inactive|inactive|inactive|inactive|inactive|inactive|inactive|inactive|inactive|inactive|inactive|inactive|inactive|inactive|inactive|inactive|inactive|inactive|inactive|inactive|inactive|inactive|inactive|inactive|inactive|inactive|inactive|inactive|inactive|inactive|inactive|inactive|inactive|inactive|inactive|inactive|inactive|inactive|inactive|inactive|inactive|inactive|inactive|inactive|inactive|inactive|inactive|inactive|inactive|inactive|inactive|inactive|inactive|inactive|inactive|inactive|inactive|inactive|inactive|inactive|inactive|inactive|inactive|inactive|inactive|inactive|inactive|inactive|inactive|inactive|inactive|inactive|inactive|inactive|inactive|inactive|inactive|inactive|inactive|inactive|inactive|inactive|inactive|inactive|inactive|inactive|inactive|inactive|inactive|inactive|inactive|inactive|inactive|inactive|inactive|inactive|inactive|inactive|inactive|inactive|inactive|inactive|inactive|inactive|inactive|inactive|inactive|inactive|inactive|inactive|inactive|inactive|inactive|inactive|inactive|inactive|inactive|inactive|inactive|inactive|inactive|inactive|inactive|inactive|inactive|inactive|inactive|inactive|inactive|inactive|inactive|inactive|inactive|inactive|inactive|inactive|inactive|inactive|inactive|inactive|inactive|inactive|inactive|inactive|inactive|inactive|inactive|inactive|inactive,0.3049990641473812,0.34143872110554213,127.71772067036272,0.0,1.844842181993279,5.257767653752618,0.975,1.0,1.025,0.013671079993257909,0.0,0.0,0.0,0.0,0.0,0.0,0.0,0
staggered_rejoin,17990,flocking_topology_admission_round_robin,0.46311866949214214,0.9134420642703427,1.629712332971394,341666d9a6749aa1b4c5ac4973a35fa483dd8e75be54ae733dfb4ece12a60516,track|track|track|track|track|track|track|track|track|track|track|track|track|track|track|track|track|track|spread|spread|track|track|track|track|track|track|track|track|track|track|track|track|track|track|track|track|track|track|track|track|track|track|track|track|track|track|track|track|track|track|track|track|track|track|track|track|track|track|track|track|track|track|track|track|track|track|track|track|track|track|track|track|track|track|track|track|track|track|track|track|track|track|track|track|track|track|track|track|track|track|track|track|track|track|track|track|track|track|track|track|track|track|track|track|track|track|track|track|track|track|track|track|track|track|track|track|track|track|track|track|track|track|track|track|track|track|track|track|track|track|track|track|track|track|track|track|track|track|track|track|track|track|track|track|track|track|track|track|track|track|track|track|track|track|track|track|track|track|track|track,0.32610235985159075,0.36008000892478376,146.15073028325483,0.0,1.8613351277990362,5.909016496404051,0.95,1.0,1.0,0.02022624349329303,0.0125,0.0,0.00625,0.0125,0.0,0.1,1.0,0
staggered_rejoin,17991,flocking_topology_admission_round_robin,0.4219863206416288,0.7662121033268631,1.5963345831260085,e93f9daef0c379b56d3439c015c064637077b2345146570d6282827d8e4c26cf,track|track|track|track|track|track|track|track|track|track|track|track|track|track|track|track|track|track|spread|spread|track|track|track|track|track|track|track|track|track|track|track|track|track|track|track|track|track|track|track|track|track|track|track|track|track|track|track|track|track|track|track|track|track|track|track|track|track|track|track|track|track|track|track|track|track|track|track|track|track|track|track|track|track|track|track|track|track|track|track|track|track|track|track|track|track|track|track|track|track|track|track|track|track|track|track|track|track|track|track|track|track|track|track|track|track|track|track|track|track|track|track|track|track|track|track|track|track|track|track|track|track|track|track|track|track|track|track|track|track|track|track|track|track|track|track|track|track|track|track|track|track|track|track|track|track|track|track|track|track|track|track|track|track|track|track|track|track|track|track|track,0.3070545051425993,0.3446486772539718,122.59393653229809,0.0,1.866190564760064,5.5875596428492615,0.9625,1.0,1.04375,0.014709311315096502,0.0125,0.0,0.00625,0.0125,0.0,0.1,1.0,0
staggered_rejoin,17990,flocking_topology_admission_receding_voi,0.4619774165916825,0.904281600956914,1.6884332499466836,341666d9a6749aa1b4c5ac4973a35fa483dd8e75be54ae733dfb4ece12a60516,track|track|track|track|track|track|track|track|track|track|track|track|track|track|track|track|track|track|track|track|track|track|track|track|track|track|track|track|track|track|track|track|track|track|track|track|track|track|track|track|track|track|track|track|track|track|track|track|track|track|track|track|track|track|track|track|track|track|track|track|track|track|track|track|track|track|track|track|track|track|track|track|track|track|track|track|track|track|track|track|track|track|track|track|track|track|track|track|track|track|track|track|track|track|track|track|track|track|track|track|track|track|track|track|track|track|track|track|track|track|track|track|track|track|track|track|track|track|track|track|track|track|track|track|track|track|track|track|track|track|track|track|track|track|track|track|track|track|track|track|track|track|track|track|track|track|track|track|track|track|track|track|track|track|track|track|track|track|track|track,0.3263351764481454,0.36011860288742975,144.68505615310625,0.0,1.8637105184584324,6.011268504066974,0.94375,1.0,1.0,0.020213089021538875,0.0125,0.0,0.00625,0.0,0.0,0.0,1.0,25
staggered_rejoin,17991,flocking_topology_admission_receding_voi,0.4212906962567794,0.7566478259404508,1.6437490421812981,e93f9daef0c379b56d3439c015c064637077b2345146570d6282827d8e4c26cf,track|track|track|track|track|track|track|track|track|track|track|track|track|track|track|track|track|track|track|track|track|track|track|track|track|track|track|track|track|track|track|track|track|track|track|track|track|track|track|track|track|track|track|track|track|track|track|track|track|track|track|track|track|track|track|track|track|track|track|track|track|track|track|track|track|track|track|track|track|track|track|track|track|track|track|track|track|track|track|track|track|track|track|track|track|track|track|track|track|track|track|track|track|track|track|track|track|track|track|track|track|track|track|track|track|track|track|track|track|track|track|track|track|track|track|track|track|track|track|track|track|track|track|track|track|track|track|track|track|track|track|track|track|track|track|track|track|track|track|track|track|track|track|track|track|track|track|track|track|track|track|track|track|track|track|track|track|track|track|track,0.3077935223657118,0.3455035847858195,121.06365215047212,0.0,1.8598642665527438,5.19755748186123,0.96875,1.0,1.05,0.01439980462462882,0.0125,0.0,0.00625,0.0,0.0,0.0,1.0,25
flapping_reconnect,17990,flocking_topology_admission_posterior,0.4717535623811654,0.9496326437181748,1.9723177498672158,141f887b27380ea928d39000530e0926e66322bd885b368883fdc9f56578b7c5,inactive|inactive|inactive|inactive|inactive|inactive|inactive|inactive|inactive|inactive|inactive|inactive|inactive|inactive|inactive|inactive|inactive|inactive|inactive|inactive|inactive|inactive|inactive|inactive|inactive|inactive|inactive|inactive|inactive|inactive|inactive|inactive|inactive|inactive|inactive|inactive|inactive|inactive|inactive|inactive|inactive|inactive|inactive|inactive|inactive|inactive|inactive|inactive|inactive|inactive|inactive|inactive|inactive|inactive|inactive|inactive|inactive|inactive|inactive|inactive|inactive|inactive|inactive|inactive|inactive|inactive|inactive|inactive|inactive|inactive|inactive|inactive|inactive|inactive|inactive|inactive|inactive|inactive|inactive|inactive|inactive|inactive|inactive|inactive|inactive|inactive|inactive|inactive|inactive|inactive|inactive|inactive|inactive|inactive|inactive|inactive|inactive|inactive|inactive|inactive|inactive|inactive|inactive|inactive|inactive|inactive|inactive|inactive|inactive|inactive|inactive|inactive|inactive|inactive|inactive|inactive|inactive|inactive|inactive|inactive|inactive|inactive|inactive|inactive|inactive|inactive|inactive|inactive|inactive|inactive|inactive|inactive|inactive|inactive|inactive|inactive|inactive|inactive|inactive|inactive|inactive|inactive|inactive|inactive|inactive|inactive|inactive|inactive|inactive|inactive|inactive|inactive|inactive|inactive|inactive|inactive|inactive|inactive|inactive|inactive,0.3293086658234392,0.3713568073683996,151.94122299490797,0.0,1.9066409993713684,5.432316702532482,0.95625,1.0,1.4625,0.017553240263510572,0.0,0.0,0.0,0.0,0.0,0.0,0.0,0
flapping_reconnect,17991,flocking_topology_admission_posterior,0.4524857398255677,0.8604580529025523,1.9442057909909636,063752e54f5074bfd283dd559d93b6d46f6d47b93a6edff2195bc8b951f6b87f,inactive|inactive|inactive|inactive|inactive|inactive|inactive|inactive|inactive|inactive|inactive|inactive|inactive|inactive|inactive|inactive|inactive|inactive|inactive|inactive|inactive|inactive|inactive|inactive|inactive|inactive|inactive|inactive|inactive|inactive|inactive|inactive|inactive|inactive|inactive|inactive|inactive|inactive|inactive|inactive|inactive|inactive|inactive|inactive|inactive|inactive|inactive|inactive|inactive|inactive|inactive|inactive|inactive|inactive|inactive|inactive|inactive|inactive|inactive|inactive|inactive|inactive|inactive|inactive|inactive|inactive|inactive|inactive|inactive|inactive|inactive|inactive|inactive|inactive|inactive|inactive|inactive|inactive|inactive|inactive|inactive|inactive|inactive|inactive|inactive|inactive|inactive|inactive|inactive|inactive|inactive|inactive|inactive|inactive|inactive|inactive|inactive|inactive|inactive|inactive|inactive|inactive|inactive|inactive|inactive|inactive|inactive|inactive|inactive|inactive|inactive|inactive|inactive|inactive|inactive|inactive|inactive|inactive|inactive|inactive|inactive|inactive|inactive|inactive|inactive|inactive|inactive|inactive|inactive|inactive|inactive|inactive|inactive|inactive|inactive|inactive|inactive|inactive|inactive|inactive|inactive|inactive|inactive|inactive|inactive|inactive|inactive|inactive|inactive|inactive|inactive|inactive|inactive|inactive|inactive|inactive|inactive|inactive|inactive|inactive,0.3234170318901849,0.35064053712872817,137.67328846440836,0.0,1.8138018985466953,5.353803548812012,0.9625,1.0,1.475,0.018071752697568604,0.0,0.0,0.0,0.0,0.0,0.0,0.0,0
flapping_reconnect,17990,flocking_topology_admission_round_robin,0.4726793012110331,0.926142694330982,1.9866623748093843,141f887b27380ea928d39000530e0926e66322bd885b368883fdc9f56578b7c5,track|track|track|track|track|track|track|track|track|track|track|track|track|track|track|track|track|track|spread|spread|track|track|track|track|track|track|track|track|track|track|track|track|track|track|track|track|track|track|track|track|track|track|track|track|track|track|track|track|track|track|track|track|track|track|track|track|track|track|track|track|track|track|track|track|track|track|track|track|track|track|track|track|track|track|track|track|track|track|track|track|track|track|track|track|track|track|track|track|track|track|track|track|track|track|track|track|track|track|track|track|track|track|track|track|track|track|track|track|track|track|track|track|track|track|track|track|track|track|track|track|track|track|track|track|track|track|track|track|track|track|track|track|track|track|track|track|track|track|track|track|track|track|track|track|track|track|track|track|track|track|track|track|track|track|track|track|track|track|track|track,0.3337578970613858,0.37701318691980484,148.18283109295712,0.0,1.8629832940626645,5.3509252229121005,0.9625,1.0,1.49375,0.01902741926235655,0.0125,0.0,0.00625,0.0125,0.0,0.1,1.0,0
flapping_reconnect,17991,flocking_topology_admission_round_robin,0.43643180467641446,0.8218400448590195,1.9895125001203269,063752e54f5074bfd283dd559d93b6d46f6d47b93a6edff2195bc8b951f6b87f,track|track|track|track|track|track|track|track|track|track|track|track|track|track|track|track|track|track|spread|spread|track|track|track|track|track|track|track|track|track|track|track|track|track|track|track|track|track|track|track|track|track|track|track|track|track|track|track|track|track|track|track|track|track|track|track|track|track|track|track|track|track|track|track|track|track|track|track|track|track|track|track|track|track|track|track|track|track|track|track|track|track|track|track|track|track|track|track|track|track|track|track|track|track|track|track|track|track|track|track|track|track|track|track|track|track|track|track|track|track|track|track|track|track|track|track|track|track|track|track|track|track|track|track|track|track|track|track|track|track|track|track|track|track|track|track|track|track|track|track|track|track|track|track|track|track|track|track|track|track|track|track|track|track|track|track|track|track|track|track|track,0.31315579794756154,0.34502087294392914,131.49440717744312,0.0,1.7948954577499372,5.520953789512179,0.9625,1.0,1.48125,0.020146201326490757,0.0125,0.0,0.00625,0.0125,0.0,0.1,1.0,0
flapping_reconnect,17990,flocking_topology_admission_receding_voi,0.4934693517951745,0.9232090949280097,2.014709083130583,141f887b27380ea928d39000530e0926e66322bd885b368883fdc9f56578b7c5,track|track|track|track|track|track|track|track|track|track|track|track|track|track|track|track|track|track|track|track|track|track|track|track|track|track|track|track|track|track|track|track|track|track|track|track|track|track|track|track|track|track|track|track|track|track|track|track|track|track|track|track|track|track|track|track|track|track|track|track|track|track|track|track|track|track|track|track|track|track|track|track|track|track|track|track|track|track|track|track|track|track|track|track|track|track|track|track|track|track|track|track|track|track|track|track|track|track|track|track|track|track|track|track|track|track|track|track|track|track|track|track|track|track|track|track|track|track|track|track|track|track|track|track|track|track|track|track|track|track|track|track|track|track|track|track|track|track|track|track|track|track|track|track|track|track|track|track|track|track|track|track|track|track|track|track|track|track|track|track,0.35498798755597305,0.38667789411555753,147.71345518848156,0.0,1.8739355885068847,5.442570246942599,0.9625,1.0,1.53125,0.021518695356285387,0.0125,0.0,0.00625,0.0,0.0,0.0,1.0,25
flapping_reconnect,17991,flocking_topology_admission_receding_voi,0.4430120537887502,0.8188525035431532,2.057079500053078,063752e54f5074bfd283dd559d93b6d46f6d47b93a6edff2195bc8b951f6b87f,track|track|track|track|track|track|track|track|track|track|track|track|track|track|track|track|track|track|track|track|track|track|track|track|track|track|track|track|track|track|track|track|track|track|track|track|track|track|track|track|track|track|track|track|track|track|track|track|track|track|track|track|track|track|track|track|track|track|track|track|track|track|track|track|track|track|track|track|track|track|track|track|track|track|track|track|track|track|track|track|track|track|track|track|track|track|track|track|track|track|track|track|track|track|track|track|track|track|track|track|track|track|track|track|track|track|track|track|track|track|track|track|track|track|track|track|track|track|track|track|track|track|track|track|track|track|track|track|track|track|track|track|track|track|track|track|track|track|track|track|track|track|track|track|track|track|track|track|track|track|track|track|track|track|track|track|track|track|track|track,0.3201841782572772,0.3518961137867531,131.0164005669045,0.0,1.8709609760027797,5.646475610851783,0.9625,1.0,1.5,0.019165276068980986,0.0125,0.0,0.00625,0.0,0.0,0.0,1.0,25
false_split_dropout,17990,flocking_topology_admission_posterior,0.4333568615212234,0.9930106597300818,1.8107467088848352,5e4e297c1a66faa55ce933e50ef80fb7b5dca91903f54679567bf492a85c066a,inactive|inactive|inactive|inactive|inactive|inactive|inactive|inactive|inactive|inactive|inactive|inactive|inactive|inactive|inactive|inactive|inactive|inactive|inactive|inactive|inactive|inactive|inactive|inactive|inactive|inactive|inactive|inactive|inactive|inactive|inactive|inactive|inactive|inactive|inactive|inactive|inactive|inactive|inactive|inactive|inactive|inactive|inactive|inactive|inactive|inactive|inactive|inactive|inactive|inactive|inactive|inactive|inactive|inactive|inactive|inactive|inactive|inactive|inactive|inactive|inactive|inactive|inactive|inactive|inactive|inactive|inactive|inactive|inactive|inactive|inactive|inactive|inactive|inactive|inactive|inactive|inactive|inactive|inactive|inactive|inactive|inactive|inactive|inactive|inactive|inactive|inactive|inactive|inactive|inactive|inactive|inactive|inactive|inactive|inactive|inactive|inactive|inactive|inactive|inactive|inactive|inactive|inactive|inactive|inactive|inactive|inactive|inactive|inactive|inactive|inactive|inactive|inactive|inactive|inactive|inactive|inactive|inactive|inactive|inactive|inactive|inactive|inactive|inactive|inactive|inactive|inactive|inactive|inactive|inactive|inactive|inactive|inactive|inactive|inactive|inactive|inactive|inactive|inactive|inactive|inactive|inactive|inactive|inactive|inactive|inactive|inactive|inactive|inactive|inactive|inactive|inactive|inactive|inactive|inactive|inactive|inactive|inactive|inactive|inactive,0.2844052625617111,0.32701707390904333,158.8817055568131,0.0,1.8879710297664345,5.531507614592208,0.95,0.6401041666666667,1.0625,0.014394029497818334,0.0,0.0,0.0,0.0,0.0,0.0,0.0,0
false_split_dropout,17991,flocking_topology_admission_posterior,0.4158546139983941,0.8872995750617937,1.7911789589561522,4c8e6e0646f8d11d4f9e59351bb4f7e70eb7a41cca3578cce0f9307108c8d50a,inactive|inactive|inactive|inactive|inactive|inactive|inactive|inactive|inactive|inactive|inactive|inactive|inactive|inactive|inactive|inactive|inactive|inactive|inactive|inactive|inactive|inactive|inactive|inactive|inactive|inactive|inactive|inactive|inactive|inactive|inactive|inactive|inactive|inactive|inactive|inactive|inactive|inactive|inactive|inactive|inactive|inactive|inactive|inactive|inactive|inactive|inactive|inactive|inactive|inactive|inactive|inactive|inactive|inactive|inactive|inactive|inactive|inactive|inactive|inactive|inactive|inactive|inactive|inactive|inactive|inactive|inactive|inactive|inactive|inactive|inactive|inactive|inactive|inactive|inactive|inactive|inactive|inactive|inactive|inactive|inactive|inactive|inactive|inactive|inactive|inactive|inactive|inactive|inactive|inactive|inactive|inactive|inactive|inactive|inactive|inactive|inactive|inactive|inactive|inactive|inactive|inactive|inactive|inactive|inactive|inactive|inactive|inactive|inactive|inactive|inactive|inactive|inactive|inactive|inactive|inactive|inactive|inactive|inactive|inactive|inactive|inactive|inactive|inactive|inactive|inactive|inactive|inactive|inactive|inactive|inactive|inactive|inactive|inactive|inactive|inactive|inactive|inactive|inactive|inactive|inactive|inactive|inactive|inactive|inactive|inactive|inactive|inactive|inactive|inactive|inactive|inactive|inactive|inactive|inactive|inactive|inactive|inactive|inactive|inactive,0.282759677739125,0.3162779365776375,141.967932009887,0.0,1.8072090894559796,5.207791348876046,0.9625,0.6377604166666667,1.075,0.014375875786848975,0.0,0.0,0.0,0.0,0.0,0.0,0.0,0
false_split_dropout,17990,flocking_topology_admission_round_robin,0.4323237029436351,0.9678528701936919,1.8187852911651134,5e4e297c1a66faa55ce933e50ef80fb7b5dca91903f54679567bf492a85c066a,track|track|track|track|track|track|track|track|track|track|track|track|track|track|track|track|track|track|spread|spread|track|track|track|track|track|track|track|track|track|track|track|track|track|track|track|track|track|track|track|track|track|track|track|track|track|track|track|track|track|track|track|track|track|track|track|track|track|track|track|track|track|track|track|track|track|track|track|track|track|track|track|track|track|track|track|track|track|track|track|track|track|track|track|track|track|track|track|track|track|track|track|track|track|track|track|track|track|track|track|track|track|track|track|track|track|track|track|track|track|track|track|track|track|track|track|track|track|track|track|track|track|track|track|track|track|track|track|track|track|track|track|track|track|track|track|track|track|track|track|track|track|track|track|track|track|track|track|track|track|track|track|track|track|track|track|track|track|track|track|track,0.2871457724145813,0.33087970666647054,154.8564592309907,0.0,1.8798384088468638,5.493459922584619,0.95625,0.6322916666666667,1.125,0.015422987012753209,0.0125,0.0,0.00625,0.0125,0.0,0.1,1.0,0
false_split_dropout,17991,flocking_topology_admission_round_robin,0.4312683519878142,0.8793237353111838,1.7932076249271631,4c8e6e0646f8d11d4f9e59351bb4f7e70eb7a41cca3578cce0f9307108c8d50a,track|track|track|track|track|track|track|track|track|track|track|track|track|track|track|track|track|track|spread|spread|track|track|track|track|track|track|track|track|track|track|track|track|track|track|track|track|track|track|track|track|track|track|track|track|track|track|track|track|track|track|track|track|track|track|track|track|track|track|track|track|track|track|track|track|track|track|track|track|track|track|track|track|track|track|track|track|track|track|track|track|track|track|track|track|track|track|track|track|track|track|track|track|track|track|track|track|track|track|track|track|track|track|track|track|track|track|track|track|track|track|track|track|track|track|track|track|track|track|track|track|track|track|track|track|track|track|track|track|track|track|track|track|track|track|track|track|track|track|track|track|track|track|track|track|track|track|track|track|track|track|track|track|track|track|track|track|track|track|track|track,0.29936979169113664,0.3325873327617216,140.6917976497894,0.0,1.9468432131322178,5.4825073186621385,0.9625,0.6557291666666667,1.125,0.015871761987947486,0.0125,0.0,0.00625,0.0125,0.0,0.1,0.99375,0
false_split_dropout,17990,flocking_topology_admission_receding_voi,0.4390698506402254,0.9719121406682362,1.85166370915249,5e4e297c1a66faa55ce933e50ef80fb7b5dca91903f54679567bf492a85c066a,track|track|track|track|track|track|track|track|track|track|track|track|track|track|track|track|track|track|track|track|track|track|track|track|track|track|track|track|track|track|track|track|track|track|track|track|track|track|track|track|track|track|track|track|track|track|track|track|track|track|track|track|track|track|track|track|track|track|track|track|track|track|track|track|track|track|track|track|track|track|track|track|track|track|track|track|track|track|track|track|track|track|track|track|track|track|track|track|track|track|track|track|track|track|track|track|track|track|track|track|track|track|track|track|track|track|track|track|track|track|track|track|track|track|track|track|track|track|track|track|track|track|track|track|track|track|track|track|track|track|track|track|track|track|track|track|track|track|track|track|track|track|track|track|track|track|track|track|track|track|track|track|track|track|track|track|track|track|track|track,0.29328302953999,0.33920424177262426,155.5059425069178,0.0,1.8950688323437312,5.554773865183037,0.95625,0.6359375,1.10625,0.012732057834897382,0.0125,0.0,0.00625,0.0,0.0,0.0,1.0,25
false_split_dropout,17991,flocking_topology_admission_receding_voi,0.42805623467917825,0.8876127295467363,1.8544700420461595,4c8e6e0646f8d11d4f9e59351bb4f7e70eb7a41cca3578cce0f9307108c8d50a,track|track|track|track|track|track|track|track|track|track|track|track|track|track|track|track|track|track|track|track|track|track|track|track|track|track|track|track|track|track|track|track|track|track|track|track|track|track|track|track|track|track|track|track|track|track|track|track|track|track|track|track|track|track|track|track|track|track|track|track|track|track|track|track|track|track|track|track|track|track|track|track|track|track|track|track|track|track|track|track|track|track|track|track|track|track|track|track|track|track|track|track|track|track|track|track|track|track|track|track|track|track|track|track|track|track|track|track|track|track|track|track|track|track|track|track|track|track|track|track|track|track|track|track|track|track|track|track|track|track|track|track|track|track|track|track|track|track|track|track|track|track|track|track|track|track|track|track|track|track|track|track|track|track|track|track|track|track|track|track,0.2949143252471678,0.3345723083711489,142.0180367274778,0.0,1.9775397573367812,5.381174382725012,0.95625,0.6424479166666666,1.11875,0.012909915701420648,0.0125,0.0,0.00625,0.0,0.0,0.0,0.99375,25
admission_censoring_control,17990,flocking_topology_admission_posterior,0.5015924633685329,0.9812590807440476,1.306843290803954,dc6d97e7d80d0aef4ffe7362b38a68959cbcdf5ad2a9461113f7740f3ca297c2,inactive|inactive|inactive|inactive|inactive|inactive|inactive|inactive|inactive|inactive|inactive|inactive|inactive|inactive|inactive|inactive|inactive|inactive|inactive|inactive|inactive|inactive|inactive|inactive|inactive|inactive|inactive|inactive|inactive|inactive|inactive|inactive|inactive|inactive|inactive|inactive|inactive|inactive|inactive|inactive|inactive|inactive|inactive|inactive|inactive|inactive|inactive|inactive|inactive|inactive|inactive|inactive|inactive|inactive|inactive|inactive|inactive|inactive|inactive|inactive|inactive|inactive|inactive|inactive|inactive|inactive|inactive|inactive|inactive|inactive|inactive|inactive|inactive|inactive|inactive|inactive|inactive|inactive|inactive|inactive|inactive|inactive|inactive|inactive|inactive|inactive|inactive|inactive|inactive|inactive|inactive|inactive|inactive|inactive|inactive|inactive|inactive|inactive|inactive|inactive|inactive|inactive|inactive|inactive|inactive|inactive|inactive|inactive|inactive|inactive|inactive|inactive|inactive|inactive|inactive|inactive|inactive|inactive|inactive|inactive|inactive|inactive|inactive|inactive|inactive|inactive|inactive|inactive|inactive|inactive|inactive|inactive|inactive|inactive|inactive|inactive|inactive|inactive|inactive|inactive|inactive|inactive|inactive|inactive|inactive|inactive|inactive|inactive|inactive|inactive|inactive|inactive|inactive|inactive|inactive|inactive|inactive|inactive|inactive|inactive,0.35440360125692577,0.38791221910544343,157.0014529190476,0.0,1.7893335070100185,5.3911917548208566,0.9625,1.0,1.55,0.02429580915130714,0.0,0.0,0.0,0.0,0.0,0.0,0.0,0
admission_censoring_control,17991,flocking_topology_admission_posterior,0.4439106895372935,0.8271366445493948,1.3175820838660002,9cf1dfe9de59710b6c1a08364fc79e696df11ce44841a87f4ecf9cbacc8ee561,inactive|inactive|inactive|inactive|inactive|inactive|inactive|inactive|inactive|inactive|inactive|inactive|inactive|inactive|inactive|inactive|inactive|inactive|inactive|inactive|inactive|inactive|inactive|inactive|inactive|inactive|inactive|inactive|inactive|inactive|inactive|inactive|inactive|inactive|inactive|inactive|inactive|inactive|inactive|inactive|inactive|inactive|inactive|inactive|inactive|inactive|inactive|inactive|inactive|inactive|inactive|inactive|inactive|inactive|inactive|inactive|inactive|inactive|inactive|inactive|inactive|inactive|inactive|inactive|inactive|inactive|inactive|inactive|inactive|inactive|inactive|inactive|inactive|inactive|inactive|inactive|inactive|inactive|inactive|inactive|inactive|inactive|inactive|inactive|inactive|inactive|inactive|inactive|inactive|inactive|inactive|inactive|inactive|inactive|inactive|inactive|inactive|inactive|inactive|inactive|inactive|inactive|inactive|inactive|inactive|inactive|inactive|inactive|inactive|inactive|inactive|inactive|inactive|inactive|inactive|inactive|inactive|inactive|inactive|inactive|inactive|inactive|inactive|inactive|inactive|inactive|inactive|inactive|inactive|inactive|inactive|inactive|inactive|inactive|inactive|inactive|inactive|inactive|inactive|inactive|inactive|inactive|inactive|inactive|inactive|inactive|inactive|inactive|inactive|inactive|inactive|inactive|inactive|inactive|inactive|inactive|inactive|inactive|inactive|inactive,0.3198401928548843,0.3483221170614792,132.34186312790317,0.0,1.7700961060155944,5.071795481608839,0.96875,1.0,1.53125,0.020457320613678182,0.0,0.0,0.0,0.0,0.0,0.0,0.0,0
admission_censoring_control,17990,flocking_topology_admission_round_robin,0.5058651383887713,0.9643906668830693,1.3031507090199739,dc6d97e7d80d0aef4ffe7362b38a68959cbcdf5ad2a9461113f7740f3ca297c2,track|track|track|track|track|track|track|track|track|track|track|track|track|track|track|track|track|track|spread|spread|track|track|track|track|track|track|track|track|track|track|track|track|track|track|track|track|track|track|track|track|track|track|track|track|track|track|track|track|track|track|track|track|track|track|track|track|track|track|track|track|track|track|track|track|track|track|track|track|track|track|track|track|track|track|track|track|track|track|track|track|track|track|track|track|track|track|track|track|track|track|track|track|track|track|track|track|track|track|track|track|track|track|track|track|track|track|track|track|track|track|track|track|track|track|track|track|track|track|track|track|track|track|track|track|track|track|track|track|track|track|track|track|track|track|track|track|track|track|track|track|track|track|track|track|track|track|track|track|track|track|track|track|track|track|track|track|track|track|track|track,0.3612065383563109,0.3928208306951862,154.3025067012911,0.0,1.7165255633467318,5.294644870146939,0.96875,1.0,1.6375,0.02433709951969861,0.0125,0.0,0.00625,0.0125,0.0,0.1,1.0,0
admission_censoring_control,17991,flocking_topology_admission_round_robin,0.44780869742467405,0.8314797534199988,1.4029460831079632,9cf1dfe9de59710b6c1a08364fc79e696df11ce44841a87f4ecf9cbacc8ee561,track|track|track|track|track|track|track|track|track|track|track|track|track|track|track|track|track|track|spread|spread|track|track|track|track|track|track|track|track|track|track|track|track|track|track|track|track|track|track|track|track|track|track|track|track|track|track|track|track|track|track|track|track|track|track|track|track|track|track|track|track|track|track|track|track|track|track|track|track|track|track|track|track|track|track|track|track|track|track|track|track|track|track|track|track|track|track|track|track|track|track|track|track|track|track|track|track|track|track|track|track|track|track|track|track|track|track|track|track|track|track|track|track|track|track|track|track|track|track|track|track|track|track|track|track|track|track|track|track|track|track|track|track|track|track|track|track|track|track|track|track|track|track|track|track|track|track|track|track|track|track|track|track|track|track|track|track|track|track|track|track,0.32308673441167424,0.35290613701289447,133.0367605471998,0.0,1.7485724500522344,5.166271130967581,0.9625,1.0,1.5875,0.022592358980392153,0.0125,0.0,0.00625,0.0125,0.0,0.1,1.0,0
admission_censoring_control,17990,flocking_topology_admission_receding_voi,0.5163081265005881,0.9600319766189541,1.3460304578766227,dc6d97e7d80d0aef4ffe7362b38a68959cbcdf5ad2a9461113f7740f3ca297c2,track|track|track|track|track|track|track|track|track|track|track|track|track|track|track|track|track|track|track|track|track|track|track|track|track|track|track|track|track|track|track|track|track|track|track|track|track|track|track|track|track|track|track|track|track|track|track|track|track|track|track|track|track|track|track|track|track|track|track|track|track|track|track|track|track|track|track|track|track|track|track|track|track|track|track|track|track|track|track|track|track|track|track|track|track|track|track|track|track|track|track|track|track|track|track|track|track|track|track|track|track|track|track|track|track|track|track|track|track|track|track|track|track|track|track|track|track|track|track|track|track|track|track|track|track|track|track|track|track|track|track|track|track|track|track|track|track|track|track|track|track|track|track|track|track|track|track|track|track|track|track|track|track|track|track|track|track|track|track|track,0.37230333000774496,0.39937399198708373,153.60511625903266,0.0,1.7669348277682508,5.259018455937005,0.96875,1.0,1.625,0.024421979868960303,0.0125,0.0,0.00625,0.0,0.0,0.0,1.0,25
admission_censoring_control,17991,flocking_topology_admission_receding_voi,0.4486100299287136,0.8268806747923982,1.382450707955286,9cf1dfe9de59710b6c1a08364fc79e696df11ce44841a87f4ecf9cbacc8ee561,track|track|track|track|track|track|track|track|track|track|track|track|track|track|track|track|track|track|track|track|track|track|track|track|track|track|track|track|track|track|track|track|track|track|track|track|track|track|track|track|track|track|track|track|track|track|track|track|track|track|track|track|track|track|track|track|track|track|track|track|track|track|track|track|track|track|track|track|track|track|track|track|track|track|track|track|track|track|track|track|track|track|track|track|track|track|track|track|track|track|track|track|track|track|track|track|track|track|track|track|track|track|track|track|track|track|track|track|track|track|track|track|track|track|track|track|track|track|track|track|track|track|track|track|track|track|track|track|track|track|track|track|track|track|track|track|track|track|track|track|track|track|track|track|track|track|track|track|track|track|track|track|track|track|track|track|track|track|track|track,0.3245779287098539,0.35642495039787225,132.3009079667837,0.0,1.8232757415440646,5.194905000052944,0.95625,1.0,1.55625,0.021510914906321132,0.0125,0.0,0.00625,0.0,0.0,0.0,1.0,25
source_assignment_competition,17990,flocking_topology_admission_posterior,1.198964505892389,0.9480749830667261,0.6759867079090327,9610aaa9e7c014599d7f6aa1e30c3850d30c44c4a70a1c632f42924dcad9dd4e,inactive|inactive|inactive|inactive|inactive|inactive|inactive|inactive|inactive|inactive|inactive|inactive|inactive|inactive|inactive|inactive|inactive|inactive|inactive|inactive|inactive|inactive|inactive|inactive|inactive|inactive|inactive|inactive|inactive|inactive|inactive|inactive|inactive|inactive|inactive|inactive|inactive|inactive|inactive|inactive|inactive|inactive|inactive|inactive|inactive|inactive|inactive|inactive|inactive|inactive|inactive|inactive|inactive|inactive|inactive|inactive|inactive|inactive|inactive|inactive|inactive|inactive|inactive|inactive|inactive|inactive|inactive|inactive|inactive|inactive|inactive|inactive|inactive|inactive|inactive|inactive|inactive|inactive|inactive|inactive|inactive|inactive|inactive|inactive|inactive|inactive|inactive|inactive|inactive|inactive|inactive|inactive|inactive|inactive|inactive|inactive|inactive|inactive|inactive|inactive|inactive|inactive|inactive|inactive|inactive|inactive|inactive|inactive|inactive|inactive|inactive|inactive|inactive|inactive|inactive|inactive|inactive|inactive|inactive|inactive|inactive|inactive|inactive|inactive|inactive|inactive|inactive|inactive|inactive|inactive|inactive|inactive|inactive|inactive|inactive|inactive|inactive|inactive|inactive|inactive|inactive|inactive|inactive|inactive|inactive|inactive|inactive|inactive|inactive|inactive|inactive|inactive|inactive|inactive|inactive|inactive|inactive|inactive|inactive|inactive,1.0567532584323802,1.15312110533094,151.69199729067617,0.0,1.6906266126622107,5.032430093188015,0.9875,1.0,1.0,0.024153474208317923,0.0,0.0,0.0,0.0,0.0,0.0,0.0,0
source_assignment_competition,17991,flocking_topology_admission_posterior,1.1308542620190698,0.8327071604301608,0.6403824589215219,10e2843703a8c1ba1ca4381e74d179626f26c480beafcf7b6f02a6d5fbf7e5ff,inactive|inactive|inactive|inactive|inactive|inactive|inactive|inactive|inactive|inactive|inactive|inactive|inactive|inactive|inactive|inactive|inactive|inactive|inactive|inactive|inactive|inactive|inactive|inactive|inactive|inactive|inactive|inactive|inactive|inactive|inactive|inactive|inactive|inactive|inactive|inactive|inactive|inactive|inactive|inactive|inactive|inactive|inactive|inactive|inactive|inactive|inactive|inactive|inactive|inactive|inactive|inactive|inactive|inactive|inactive|inactive|inactive|inactive|inactive|inactive|inactive|inactive|inactive|inactive|inactive|inactive|inactive|inactive|inactive|inactive|inactive|inactive|inactive|inactive|inactive|inactive|inactive|inactive|inactive|inactive|inactive|inactive|inactive|inactive|inactive|inactive|inactive|inactive|inactive|inactive|inactive|inactive|inactive|inactive|inactive|inactive|inactive|inactive|inactive|inactive|inactive|inactive|inactive|inactive|inactive|inactive|inactive|inactive|inactive|inactive|inactive|inactive|inactive|inactive|inactive|inactive|inactive|inactive|inactive|inactive|inactive|inactive|inactive|inactive|inactive|inactive|inactive|inactive|inactive|inactive|inactive|inactive|inactive|inactive|inactive|inactive|inactive|inactive|inactive|inactive|inactive|inactive|inactive|inactive|inactive|inactive|inactive|inactive|inactive|inactive|inactive|inactive|inactive|inactive|inactive|inactive|inactive|inactive|inactive|inactive,1.0059481879545458,1.128203780395702,133.23314566882573,0.0,1.5547560096910928,4.417014941040653,0.975,1.0,1.0,0.016563976597347617,0.0,0.0,0.0,0.0,0.0,0.0,0.0,0
source_assignment_competition,17990,flocking_topology_admission_round_robin,1.17359873821864,0.9676203673572289,0.6240185000933707,9610aaa9e7c014599d7f6aa1e30c3850d30c44c4a70a1c632f42924dcad9dd4e,track|spread|spread|spread|spread|spread|spread|spread|spread|track|track|spread|spread|spread|spread|spread|spread|track|track|track|track|track|track|track|track|track|track|track|track|track|track|track|track|track|track|track|track|track|track|track|track|track|track|track|track|track|track|track|track|track|track|track|track|track|track|track|track|track|track|track|track|track|track|track|track|track|track|track|track|track|track|track|track|track|track|track|track|track|track|track|track|track|track|track|track|track|track|track|track|track|track|track|track|track|track|track|track|track|track|track|track|track|track|track|track|track|track|track|track|track|track|track|track|track|track|track|track|track|track|track|track|track|track|track|track|track|track|track|track|track|track|track|track|track|track|track|track|track|track|track|track|track|track|track|track|track|track|track|track|track|track|track|track|track|track|track|track|track|track|track,1.0284556831150555,1.1196131227454353,154.81925877715662,0.0,1.6648298397111307,4.6927813188601695,0.9875,1.0,1.00625,0.0251479386309582,0.0875,0.0,0.03125,0.0875,0.0,0.7,0.4875,0
source_assignment_competition,17991,flocking_topology_admission_round_robin,1.1074462638868316,0.863932966596996,0.6708767500240356,10e2843703a8c1ba1ca4381e74d179626f26c480beafcf7b6f02a6d5fbf7e5ff,track|spread|spread|spread|spread|spread|spread|spread|spread|spread|spread|spread|spread|spread|spread|spread|spread|spread|spread|track|track|track|track|track|track|track|track|track|track|track|track|track|track|track|track|track|track|track|track|track|track|track|track|track|track|track|track|track|track|track|track|track|track|track|track|track|track|track|track|track|track|track|track|track|track|track|track|track|track|track|track|track|track|track|track|track|track|track|track|track|track|track|track|track|track|track|track|track|track|track|track|track|track|track|track|track|track|track|track|track|track|track|track|track|track|track|track|track|track|track|track|track|track|track|track|track|track|track|track|track|track|track|track|track|track|track|track|track|track|track|track|track|track|track|track|track|track|track|track|track|track|track|track|track|track|track|track|track|track|track|track|track|track|track|track|track|track|track|track|track,0.9778563188972822,1.101599515369861,138.22927465551936,0.0,1.536803997288477,4.472185096479692,0.975,1.0,1.0,0.01668713807086347,0.1125,0.0,0.0375,0.1125,0.0,0.9,0.66875,0
source_assignment_competition,17990,flocking_topology_admission_receding_voi,1.168997161462234,0.9480939419879764,0.8664855831302702,9610aaa9e7c014599d7f6aa1e30c3850d30c44c4a70a1c632f42924dcad9dd4e,track|track|track|track|track|track|track|track|track|track|track|track|track|track|track|track|track|track|track|track|track|track|track|track|track|track|track|track|track|track|track|track|track|track|track|track|track|track|track|track|track|track|track|track|track|track|track|track|track|track|track|track|track|track|track|track|track|track|track|track|track|track|track|track|track|track|track|track|track|track|track|track|track|track|track|track|track|track|track|track|track|track|track|track|track|track|track|track|track|track|track|track|track|track|track|track|track|track|track|track|track|track|track|track|track|track|track|track|track|track|track|track|track|track|track|track|track|track|track|track|track|track|track|track|track|track|track|track|track|track|track|track|track|track|track|track|track|track|track|track|track|track|track|track|track|track|track|track|track|track|track|track|track|track|track|track|track|track|track|track,1.0267830701640377,1.1208640467278923,151.69503071807623,0.0,1.6659342180172252,4.497174865163044,0.9875,1.0,1.0,0.02428328983182259,0.13125,0.0,0.05,0.0,0.0,0.0,0.6625,200
source_assignment_competition,17991,flocking_topology_admission_receding_voi,1.112274066695961,0.8223580694483996,0.7932016658596694,10e2843703a8c1ba1ca4381e74d179626f26c480beafcf7b6f02a6d5fbf7e5ff,track|track|track|track|track|track|track|track|track|track|track|track|track|track|track|track|track|track|track|track|track|track|track|track|track|track|track|track|track|track|track|track|track|track|track|track|track|track|track|track|track|track|track|track|track|track|track|track|track|track|track|track|track|track|track|track|track|track|track|track|track|track|track|track|track|track|track|track|track|track|track|track|track|track|track|track|track|track|track|track|track|track|track|track|track|track|track|track|track|track|track|track|track|track|track|track|track|track|track|track|track|track|track|track|track|track|track|track|track|track|track|track|track|track|track|track|track|track|track|track|track|track|track|track|track|track|track|track|track|track|track|track|track|track|track|track|track|track|track|track|track|track|track|track|track|track|track|track|track|track|track|track|track|track|track|track|track|track|track|track,0.988920356278701,1.1073451769469451,131.57729111174393,0.0,1.5337826810392774,4.742876417377764,0.975,1.0,1.00625,0.016441039512006705,0.125,0.0,0.04375,0.0,0.0,0.0,0.76875,175
raw_channel_colluding_ramp,17990,flocking_topology_admission_posterior,3.6838305610121944,0.9613271750902704,1.0692318328656256,128f5353a6ce7a2caa92c7cbe594bf55e81ff7a67dea472a81303fc574d43fe5,inactive|inactive|inactive|inactive|inactive|inactive|inactive|inactive|inactive|inactive|inactive|inactive|inactive|inactive|inactive|inactive|inactive|inactive|inactive|inactive|inactive|inactive|inactive|inactive|inactive|inactive|inactive|inactive|inactive|inactive|inactive|inactive|inactive|inactive|inactive|inactive|inactive|inactive|inactive|inactive|inactive|inactive|inactive|inactive|inactive|inactive|inactive|inactive|inactive|inactive|inactive|inactive|inactive|inactive|inactive|inactive|inactive|inactive|inactive|inactive|inactive|inactive|inactive|inactive|inactive|inactive|inactive|inactive|inactive|inactive|inactive|inactive|inactive|inactive|inactive|inactive|inactive|inactive|inactive|inactive|inactive|inactive|inactive|inactive|inactive|inactive|inactive|inactive|inactive|inactive|inactive|inactive|inactive|inactive|inactive|inactive|inactive|inactive|inactive|inactive|inactive|inactive|inactive|inactive|inactive|inactive|inactive|inactive|inactive|inactive|inactive|inactive|inactive|inactive|inactive|inactive|inactive|inactive|inactive|inactive|inactive|inactive|inactive|inactive|inactive|inactive|inactive|inactive|inactive|inactive|inactive|inactive|inactive|inactive|inactive|inactive|inactive|inactive|inactive|inactive|inactive|inactive|inactive|inactive|inactive|inactive|inactive|inactive|inactive|inactive|inactive|inactive|inactive|inactive|inactive|inactive|inactive|inactive|inactive|inactive,3.5396314847486536,3.1738187398978637,153.81234801444327,0.0,409.3281784648721,714.3798172342141,0.15,1.0,1.0125,0.7811834595123599,0.0,0.0,0.0,0.0,0.0,0.0,0.0,0
raw_channel_colluding_ramp,17991,flocking_topology_admission_posterior,3.6111977570649,0.8391031314007604,1.091249292017892,4cfb2dee69202fe4896cc042f6c1e9bed894b577af44c225de5ae53bb3e5f02f,inactive|inactive|inactive|inactive|inactive|inactive|inactive|inactive|inactive|inactive|inactive|inactive|inactive|inactive|inactive|inactive|inactive|inactive|inactive|inactive|inactive|inactive|inactive|inactive|inactive|inactive|inactive|inactive|inactive|inactive|inactive|inactive|inactive|inactive|inactive|inactive|inactive|inactive|inactive|inactive|inactive|inactive|inactive|inactive|inactive|inactive|inactive|inactive|inactive|inactive|inactive|inactive|inactive|inactive|inactive|inactive|inactive|inactive|inactive|inactive|inactive|inactive|inactive|inactive|inactive|inactive|inactive|inactive|inactive|inactive|inactive|inactive|inactive|inactive|inactive|inactive|inactive|inactive|inactive|inactive|inactive|inactive|inactive|inactive|inactive|inactive|inactive|inactive|inactive|inactive|inactive|inactive|inactive|inactive|inactive|inactive|inactive|inactive|inactive|inactive|inactive|inactive|inactive|inactive|inactive|inactive|inactive|inactive|inactive|inactive|inactive|inactive|inactive|inactive|inactive|inactive|inactive|inactive|inactive|inactive|inactive|inactive|inactive|inactive|inactive|inactive|inactive|inactive|inactive|inactive|inactive|inactive|inactive|inactive|inactive|inactive|inactive|inactive|inactive|inactive|inactive|inactive|inactive|inactive|inactive|inactive|inactive|inactive|inactive|inactive|inactive|inactive|inactive|inactive|inactive|inactive|inactive|inactive|inactive|inactive,3.485332287354786,3.131639997630378,134.25650102412166,0.0,392.52640410656045,720.8944520108938,0.16875,1.0,1.0,0.7628496184506636,0.0,0.0,0.0,0.0,0.0,0.0,0.0,0
raw_channel_colluding_ramp,17990,flocking_topology_admission_round_robin,3.6855272664659227,0.9745865654595767,1.0984485000371933,128f5353a6ce7a2caa92c7cbe594bf55e81ff7a67dea472a81303fc574d43fe5,track|track|track|track|track|track|track|track|track|track|track|track|track|track|track|track|track|track|track|track|track|track|track|track|track|track|track|track|track|track|track|track|track|track|track|track|track|track|track|track|track|track|track|track|track|track|track|track|track|track|track|track|track|track|track|track|track|track|track|track|track|track|track|track|track|track|track|track|track|track|track|track|track|track|track|track|track|track|track|track|track|track|track|track|track|track|track|track|track|track|track|track|track|track|track|track|track|track|track|track|track|track|track|track|track|track|track|track|track|track|track|track|track|track|track|track|track|track|track|track|track|track|track|track|track|track|track|track|track|track|track|track|track|track|track|track|track|track|track|track|track|track|track|track|track|track|track|track|track|track|track|track|track|track|track|track|track|track|track|track,3.539339281646986,3.17502388550962,155.93385047353226,0.0,411.9072146527542,732.4335266893089,0.15,1.0,1.0,0.7810569189529103,0.0125,0.0125,0.0,0.0,0.0,0.0,1.0,0
raw_channel_colluding_ramp,17991,flocking_topology_admission_round_robin,3.614137668469476,0.8188910927216945,1.1090565419290215,4cfb2dee69202fe4896cc042f6c1e9bed894b577af44c225de5ae53bb3e5f02f,track|track|track|track|track|track|track|track|track|track|track|track|track|track|track|track|track|track|track|track|track|track|track|track|track|track|track|track|track|track|track|track|track|track|track|track|track|track|track|track|track|track|track|track|track|track|track|track|track|track|track|track|track|track|track|track|track|track|track|track|track|track|track|track|track|track|track|track|track|track|track|track|track|track|track|track|track|track|track|track|track|track|track|track|track|track|track|track|track|track|track|track|track|track|track|track|track|track|track|track|track|track|track|track|track|track|track|track|track|track|track|track|track|track|track|track|track|track|track|track|track|track|track|track|track|track|track|track|track|track|track|track|track|track|track|track|track|track|track|track|track|track|track|track|track|track|track|track|track|track|track|track|track|track|track|track|track|track|track|track,3.491304004561222,3.137645238670032,131.02257483547112,0.0,397.2334487857714,739.6272233513021,0.16875,1.0,1.0,0.7612370290232353,0.0125,0.0125,0.0,0.0,0.0,0.0,1.0,0
raw_channel_colluding_ramp,17990,flocking_topology_admission_receding_voi,3.6855272664659227,0.9745865654595767,1.1154702089261264,128f5353a6ce7a2caa92c7cbe594bf55e81ff7a67dea472a81303fc574d43fe5,track|track|track|track|track|track|track|track|track|track|track|track|track|track|track|track|track|track|track|track|track|track|track|track|track|track|track|track|track|track|track|track|track|track|track|track|track|track|track|track|track|track|track|track|track|track|track|track|track|track|track|track|track|track|track|track|track|track|track|track|track|track|track|track|track|track|track|track|track|track|track|track|track|track|track|track|track|track|track|track|track|track|track|track|track|track|track|track|track|track|track|track|track|track|track|track|track|track|track|track|track|track|track|track|track|track|track|track|track|track|track|track|track|track|track|track|track|track|track|track|track|track|track|track|track|track|track|track|track|track|track|track|track|track|track|track|track|track|track|track|track|track|track|track|track|track|track|track|track|track|track|track|track|track|track|track|track|track|track|track,3.539339281646986,3.17502388550962,155.93385047353226,0.0,411.9072146527542,732.4335266893089,0.15,1.0,1.0,0.7810569189529103,0.0125,0.0125,0.0,0.0,0.0,0.0,1.0,0
raw_channel_colluding_ramp,17991,flocking_topology_admission_receding_voi,3.614137668469476,0.8188910927216945,1.0203393339179456,4cfb2dee69202fe4896cc042f6c1e9bed894b577af44c225de5ae53bb3e5f02f,track|track|track|track|track|track|track|track|track|track|track|track|track|track|track|track|track|track|track|track|track|track|track|track|track|track|track|track|track|track|track|track|track|track|track|track|track|track|track|track|track|track|track|track|track|track|track|track|track|track|track|track|track|track|track|track|track|track|track|track|track|track|track|track|track|track|track|track|track|track|track|track|track|track|track|track|track|track|track|track|track|track|track|track|track|track|track|track|track|track|track|track|track|track|track|track|track|track|track|track|track|track|track|track|track|track|track|track|track|track|track|track|track|track|track|track|track|track|track|track|track|track|track|track|track|track|track|track|track|track|track|track|track|track|track|track|track|track|track|track|track|track|track|track|track|track|track|track|track|track|track|track|track|track|track|track|track|track|track|track,3.491304004561222,3.137645238670032,131.02257483547112,0.0,397.2334487857714,739.6272233513021,0.16875,1.0,1.0,0.7612370290232353,0.0125,0.0125,0.0,0.0,0.0,0.0,1.0,0
