scenario,candidate,baseline,metric,pairs,baseline_mean,candidate_mean,improvement_mean,ci95_lower,ci95_upper
stable_control,combined,m9c_baseline,decision_loss,40,0.2735866904498062,0.2735866904498062,0.0,0.0,0.0
stable_control,combined,cross_channel,decision_loss,40,0.2735866904498062,0.2735866904498062,0.0,0.0,0.0
stable_control,combined,ramp_rate,decision_loss,40,0.2735866904498062,0.2735866904498062,0.0,0.0,0.0
stable_control,combined,influence_budget,decision_loss,40,0.2736853836487056,0.2735866904498062,9.869319889940637e-05,2.8596033488804685e-05,0.00018087841871713468
failure_partition,combined,m9c_baseline,decision_loss,40,0.3662880854702098,0.3662880854702098,0.0,0.0,0.0
failure_partition,combined,cross_channel,decision_loss,40,0.3662880854702098,0.3662880854702098,0.0,0.0,0.0
failure_partition,combined,ramp_rate,decision_loss,40,0.3662880854702098,0.3662880854702098,0.0,0.0,0.0
failure_partition,combined,influence_budget,decision_loss,40,0.3655802589975295,0.3662880854702098,-0.0007078264726802563,-0.003773760658428265,0.002232846250778808
flapping_reconnect,combined,m9c_baseline,decision_loss,40,0.3047162807547449,0.3047162807547449,0.0,0.0,0.0
flapping_reconnect,combined,cross_channel,decision_loss,40,0.3047162807547449,0.3047162807547449,0.0,0.0,0.0
flapping_reconnect,combined,ramp_rate,decision_loss,40,0.3047162807547449,0.3047162807547449,0.0,0.0,0.0
flapping_reconnect,combined,influence_budget,decision_loss,40,0.3047244594704696,0.3047162807547449,8.178715724699304e-06,-0.0003010239701220898,0.00022413242171850667
admission_censoring_control,combined,m9c_baseline,decision_loss,40,0.33478271416627303,0.33478271416627303,0.0,0.0,0.0
admission_censoring_control,combined,cross_channel,decision_loss,40,0.33478271416627303,0.33478271416627303,0.0,0.0,0.0
admission_censoring_control,combined,ramp_rate,decision_loss,40,0.33478271416627303,0.33478271416627303,0.0,0.0,0.0
admission_censoring_control,combined,influence_budget,decision_loss,40,0.3358155524472957,0.33478271416627303,0.0010328382810226799,-0.001418066561235938,0.003414465997430156
source_assignment_competition,combined,m9c_baseline,decision_loss,40,1.0446518065812995,1.0446518065812995,0.0,0.0,0.0
source_assignment_competition,combined,cross_channel,decision_loss,40,1.0446518065812995,1.0446518065812995,0.0,0.0,0.0
source_assignment_competition,combined,ramp_rate,decision_loss,40,1.0446518065812995,1.0446518065812995,0.0,0.0,0.0
source_assignment_competition,combined,influence_budget,decision_loss,40,1.0699191136845285,1.0446518065812995,0.025267307103229074,0.01606288937927853,0.03434426839066092
genuine_target_maneuver,combined,m9c_baseline,decision_loss,40,0.2774885541044736,0.2774885541044736,0.0,0.0,0.0
genuine_target_maneuver,combined,cross_channel,decision_loss,40,0.2774885541044736,0.2774885541044736,0.0,0.0,0.0
genuine_target_maneuver,combined,ramp_rate,decision_loss,40,0.2774885541044736,0.2774885541044736,0.0,0.0,0.0
genuine_target_maneuver,combined,influence_budget,decision_loss,40,0.277493311959114,0.2774885541044736,4.757854640370651e-06,0.0,1.4151638118110876e-05
legitimate_heterogeneous_precision,combined,m9c_baseline,decision_loss,40,0.18367052396029857,0.18367052396029857,0.0,0.0,0.0
legitimate_heterogeneous_precision,combined,cross_channel,decision_loss,40,0.18367052396029857,0.18367052396029857,0.0,0.0,0.0
legitimate_heterogeneous_precision,combined,ramp_rate,decision_loss,40,0.18367052396029857,0.18367052396029857,0.0,0.0,0.0
legitimate_heterogeneous_precision,combined,influence_budget,decision_loss,40,0.18367784623992742,0.18367052396029857,7.322279628861617e-06,0.0,2.196683888658485e-05
raw_attack_mild,combined,m9c_baseline,decision_loss,40,1.9360402501826735,0.3169078154806524,1.6191324347020206,1.5501742433485446,1.68540733641434
raw_attack_mild,combined,cross_channel,decision_loss,40,0.3169078154806524,0.3169078154806524,0.0,0.0,0.0
raw_attack_mild,combined,ramp_rate,decision_loss,40,1.9004800421355221,0.3169078154806524,1.5835722266548697,1.51940738268153,1.6471265284952539
raw_attack_mild,combined,influence_budget,decision_loss,40,1.695312565661818,0.3169078154806524,1.3784047501811656,1.358092915928844,1.397417960103616
raw_attack_moderate,combined,m9c_baseline,decision_loss,40,3.366390524371989,0.34052076233852113,3.025869762033468,2.9894480146727354,3.057739752326418
raw_attack_moderate,combined,cross_channel,decision_loss,40,0.34052076233852113,0.34052076233852113,0.0,0.0,0.0
raw_attack_moderate,combined,ramp_rate,decision_loss,40,3.242483480901111,0.34052076233852113,2.90196271856259,2.866345603053589,2.935649875451445
raw_attack_moderate,combined,influence_budget,decision_loss,40,1.9102794419132707,0.34052076233852113,1.5697586795747493,1.55829753018875,1.580396464688024
raw_attack_severe,combined,m9c_baseline,decision_loss,40,4.283162855136011,0.3405749572171404,3.942587897918871,3.92131807648986,3.9601150919349597
raw_attack_severe,combined,cross_channel,decision_loss,40,0.3405749572171404,0.3405749572171404,0.0,0.0,0.0
raw_attack_severe,combined,ramp_rate,decision_loss,40,3.976423821403003,0.3405749572171404,3.6358488641858626,3.6132039226961608,3.6582954422456804
raw_attack_severe,combined,influence_budget,decision_loss,40,4.24338617048077,0.3405749572171404,3.9028112132636297,3.878510394694951,3.925912827364419
raw_channel_colluding_ramp,combined,m9c_baseline,decision_loss,40,3.4969076813696445,0.43625171983653754,3.060655961533107,3.040146421528825,3.0778508655611696
raw_channel_colluding_ramp,combined,cross_channel,decision_loss,40,0.4397567912908043,0.43625171983653754,0.00350507145426677,0.0024257285906909795,0.004637096167309529
raw_channel_colluding_ramp,combined,ramp_rate,decision_loss,40,3.2625206910822433,0.43625171983653754,2.826268971245706,2.8024587708068305,2.849558762894203
raw_channel_colluding_ramp,combined,influence_budget,decision_loss,40,1.8818456302714375,0.43625171983653754,1.4455939104348998,1.4300490031189363,1.461384985220373
