scope,candidate,baseline,metric,direction,pairs,baseline_mean,candidate_mean,improvement_mean,relative_improvement_percent,ci95_lower,ci95_upper,wins,ties,losses
stable_control,flocking_topology_resilient,flocking_robust_active,decision_loss,lower,5,0.9387550210341999,0.9471104222626758,-0.008355401228475912,-0.8900512957332576,-0.03208620973896903,0.016447385772655053,2,0,3
stable_control,flocking_topology_resilient,flocking_robust_active,position_rmse,lower,5,2.2061366336601425,2.2469832176716644,-0.04084658401152223,-1.8514983790353345,-0.07205486417547773,-0.010819169737712731,1,0,4
stable_control,flocking_topology_resilient,flocking_robust_active,wrong_mode_action_rate,lower,5,0.008749999999999999,0.00625,0.0025,28.571428571428573,-0.01125,0.01875,1,3,1
stable_control,flocking_topology_resilient,flocking_robust_active,mean_nees,lower,5,2.024199984816412,1.7691672989893559,0.2550326858270565,12.599184257487638,-0.13250353850210067,0.843643063760412,3,0,2
stable_control,flocking_topology_resilient,flocking_robust_active,coverage95_rate,higher,5,0.9710967261904762,0.9724999999999999,0.0014032738095238085,0.14450402021523887,-0.011659226190476147,0.013921019345238051,2,0,3
stable_control,flocking_topology_resilient,flocking_robust_active,max_primary_support_jump,lower,5,0.0,0.025,-0.025,,-0.075,0.0,0,4,1
stable_control,flocking_topology_resilient,flocking_robust_active,rejoin_window_nees,lower,5,0.0,0.0,0.0,,0.0,0.0,0,5,0
stable_control,flocking_topology_resilient,flocking_robust_active,runtime_seconds,lower,5,0.8544520417694003,0.86158875846304,-0.007136716693639755,-0.8352390005249486,-0.017048957757651806,0.0012455101718660368,2,0,3
stable_control,flocking_topology_resilient,flocking_robust_active,bytes_sent,lower,5,737280.0,737280.0,0.0,0.0,0.0,0.0,0,5,0
stable_control,flocking_topology_resilient,flocking_topology_support,decision_loss,lower,5,0.9417343166470878,0.9471104222626758,-0.0053761056155881,-0.5708728587834588,-0.03236726482252621,0.04199304578261633,1,0,4
stable_control,flocking_topology_resilient,flocking_topology_support,position_rmse,lower,5,2.196009620345466,2.2469832176716644,-0.05097359732619777,-2.3211918952421913,-0.12785468662958124,0.019385669646267877,2,0,3
stable_control,flocking_topology_resilient,flocking_topology_support,wrong_mode_action_rate,lower,5,0.00625,0.00625,0.0,0.0,-0.0037500000000000007,0.0037500000000000007,1,3,1
stable_control,flocking_topology_resilient,flocking_topology_support,mean_nees,lower,5,1.7658884312996697,1.7691672989893559,-0.00327886768968626,-0.18567807748041354,-0.15563933761443619,0.25328663633781257,1,0,4
stable_control,flocking_topology_resilient,flocking_topology_support,coverage95_rate,higher,5,0.9662500000000002,0.9724999999999999,0.006249999999999978,0.6468305304010326,-0.005000000000000049,0.02124999999999999,3,1,1
stable_control,flocking_topology_resilient,flocking_topology_support,max_primary_support_jump,lower,5,0.0,0.025,-0.025,,-0.075,0.0,0,4,1
stable_control,flocking_topology_resilient,flocking_topology_support,rejoin_window_nees,lower,5,0.0,0.0,0.0,,0.0,0.0,0,5,0
stable_control,flocking_topology_resilient,flocking_topology_support,runtime_seconds,lower,5,0.8678002167493105,0.86158875846304,0.006211458286270499,0.715770538700483,-0.0012515914626419545,0.013653357295552254,3,0,2
stable_control,flocking_topology_resilient,flocking_topology_support,bytes_sent,lower,5,737280.0,737280.0,0.0,0.0,0.0,0.0,0,5,0
stable_control,flocking_topology_resilient,flocking_topology_rejoin,decision_loss,lower,5,0.9417343166470878,0.9471104222626758,-0.0053761056155881,-0.5708728587834588,-0.03286907497186271,0.042758306260354484,1,0,4
stable_control,flocking_topology_resilient,flocking_topology_rejoin,position_rmse,lower,5,2.196009620345466,2.2469832176716644,-0.05097359732619777,-2.3211918952421913,-0.1392847645680546,0.013416844282132879,2,0,3
stable_control,flocking_topology_resilient,flocking_topology_rejoin,wrong_mode_action_rate,lower,5,0.00625,0.00625,0.0,0.0,-0.0025000000000000005,0.0025000000000000005,1,3,1
stable_control,flocking_topology_resilient,flocking_topology_rejoin,mean_nees,lower,5,1.7658884312996697,1.7691672989893559,-0.00327886768968626,-0.18567807748041354,-0.15514663702578096,0.2591210235268202,1,0,4
stable_control,flocking_topology_resilient,flocking_topology_rejoin,coverage95_rate,higher,5,0.9662500000000002,0.9724999999999999,0.006249999999999978,0.6468305304010326,-0.005000000000000049,0.019999999999999997,3,1,1
stable_control,flocking_topology_resilient,flocking_topology_rejoin,max_primary_support_jump,lower,5,0.0,0.025,-0.025,,-0.075,0.0,0,4,1
stable_control,flocking_topology_resilient,flocking_topology_rejoin,rejoin_window_nees,lower,5,0.0,0.0,0.0,,0.0,0.0,0,5,0
stable_control,flocking_topology_resilient,flocking_topology_rejoin,runtime_seconds,lower,5,0.8738689331803471,0.86158875846304,0.01228017471730709,1.4052650518899654,0.00526754972524941,0.018629316333681346,4,0,1
stable_control,flocking_topology_resilient,flocking_topology_rejoin,bytes_sent,lower,5,737280.0,737280.0,0.0,0.0,0.0,0.0,0,5,0
stable_control,flocking_topology_resilient,flocking_topology_partition,decision_loss,lower,5,0.9707632324803136,0.9471104222626758,0.023652810217637675,2.436516899924652,-0.0140438314110382,0.06609369298295073,3,0,2
stable_control,flocking_topology_resilient,flocking_topology_partition,position_rmse,lower,5,2.215564006223514,2.2469832176716644,-0.03141921144815072,-1.418113462752339,-0.07170380638928356,0.015323425023612449,2,0,3
stable_control,flocking_topology_resilient,flocking_topology_partition,wrong_mode_action_rate,lower,5,0.00625,0.00625,0.0,0.0,-0.0037500000000000007,0.0037500000000000007,1,3,1
stable_control,flocking_topology_resilient,flocking_topology_partition,mean_nees,lower,5,2.3205325902004796,1.7691672989893559,0.5513652912111242,23.760290785810064,-0.004343069446237857,1.1197796906436703,3,0,2
stable_control,flocking_topology_resilient,flocking_topology_partition,coverage95_rate,higher,5,0.96125,0.9724999999999999,0.01124999999999996,1.1703511053315954,-0.001906250000000058,0.02124999999999998,4,0,1
stable_control,flocking_topology_resilient,flocking_topology_partition,max_primary_support_jump,lower,5,0.0,0.025,-0.025,,-0.075,0.0,0,4,1
stable_control,flocking_topology_resilient,flocking_topology_partition,rejoin_window_nees,lower,5,0.0,0.0,0.0,,0.0,0.0,0,5,0
stable_control,flocking_topology_resilient,flocking_topology_partition,runtime_seconds,lower,5,0.8769611666444689,0.86158875846304,0.015372408181428909,1.752917776307999,0.008271175110712648,0.024412324512377383,5,0,0
stable_control,flocking_topology_resilient,flocking_topology_partition,bytes_sent,lower,5,737280.0,737280.0,0.0,0.0,0.0,0.0,0,5,0
failure_only,flocking_topology_resilient,flocking_robust_active,decision_loss,lower,5,1.2422282280165697,1.2694228252941966,-0.027194597277627075,-2.1891788211130825,-0.10733799598707408,0.026828936630324606,2,0,3
failure_only,flocking_topology_resilient,flocking_robust_active,position_rmse,lower,5,2.5138406990388944,2.5589677141032445,-0.04512701506435057,-1.7951421934414453,-0.15009028505482974,0.07749832260047995,2,0,3
failure_only,flocking_topology_resilient,flocking_robust_active,wrong_mode_action_rate,lower,5,0.0125,0.0,0.0125,100.0,0.0025,0.02190624999999997,3,2,0
failure_only,flocking_topology_resilient,flocking_robust_active,mean_nees,lower,5,9.18904565170605,5.346675055017224,3.8423705966888244,41.81468612004823,0.5678942620664736,8.838202781120568,5,0,0
failure_only,flocking_topology_resilient,flocking_robust_active,coverage95_rate,higher,5,0.8950997023809524,0.92125,0.02615029761904759,2.9214955104429343,-0.007666666666666755,0.07655208333333338,3,0,2
failure_only,flocking_topology_resilient,flocking_robust_active,max_primary_support_jump,lower,5,0.0,0.075,-0.075,,-0.125,-0.025,0,2,3
failure_only,flocking_topology_resilient,flocking_robust_active,rejoin_window_nees,lower,5,0.0,1.8101746984984075,-1.8101746984984075,,-2.317845549633588,-1.2849252331212542,0,0,5
failure_only,flocking_topology_resilient,flocking_robust_active,runtime_seconds,lower,5,0.6558998581953347,0.6708911584224552,-0.01499130022712052,-2.285608090900964,-0.022148225596174596,-0.008181400581961507,0,0,5
failure_only,flocking_topology_resilient,flocking_robust_active,bytes_sent,lower,5,648537.6,648384.0,153.6,0.02368405471016638,-1344.0,1248.9599999999991,3,0,2
failure_only,flocking_topology_resilient,flocking_topology_support,decision_loss,lower,5,1.339730769415448,1.2694228252941966,0.07030794412125152,5.2479159041729195,0.01202511112626974,0.17761063216879916,5,0,0
failure_only,flocking_topology_resilient,flocking_topology_support,position_rmse,lower,5,2.4771661656882236,2.5589677141032445,-0.08180154841502096,-3.3022229008321,-0.2136646656229196,0.0020652708326937665,2,0,3
failure_only,flocking_topology_resilient,flocking_topology_support,wrong_mode_action_rate,lower,5,0.00125,0.0,0.00125,100.0,0.0,0.0037500000000000007,1,4,0
failure_only,flocking_topology_resilient,flocking_topology_support,mean_nees,lower,5,8.163952910409353,5.346675055017224,2.8172778553921285,34.508747004162544,0.22968064480756822,7.578277277474264,5,0,0
failure_only,flocking_topology_resilient,flocking_topology_support,coverage95_rate,higher,5,0.9012500000000001,0.92125,0.020000000000000018,2.219140083217755,-0.010000000000000021,0.06500000000000003,3,0,2
failure_only,flocking_topology_resilient,flocking_topology_support,max_primary_support_jump,lower,5,0.0,0.075,-0.075,,-0.125,-0.025,0,2,3
failure_only,flocking_topology_resilient,flocking_topology_support,rejoin_window_nees,lower,5,0.0,1.8101746984984075,-1.8101746984984075,,-2.319495651093452,-1.2849252331212542,0,0,5
failure_only,flocking_topology_resilient,flocking_topology_support,runtime_seconds,lower,5,0.6824693500064314,0.6708911584224552,0.01157819158397615,1.6965145151012335,-0.0019817415624856947,0.02772670015692711,4,0,1
failure_only,flocking_topology_resilient,flocking_topology_support,bytes_sent,lower,5,649075.2,648384.0,691.2,0.10648997219428505,-1366.0799999999997,2726.4,3,1,1
failure_only,flocking_topology_resilient,flocking_topology_rejoin,decision_loss,lower,5,1.341226010516414,1.2694228252941966,0.07180318522221732,5.35354851898308,0.01204463807390046,0.17616879177998646,5,0,0
failure_only,flocking_topology_resilient,flocking_topology_rejoin,position_rmse,lower,5,2.4777280516409106,2.5589677141032445,-0.08123966246233447,-3.2787965736809714,-0.2027553425427894,0.001976573988690511,2,0,3
failure_only,flocking_topology_resilient,flocking_topology_rejoin,wrong_mode_action_rate,lower,5,0.00125,0.0,0.00125,100.0,0.0,0.0037500000000000007,1,4,0
failure_only,flocking_topology_resilient,flocking_topology_rejoin,mean_nees,lower,5,8.172289074376707,5.346675055017224,2.8256140193594836,34.57555152104052,0.24783929941081456,7.507485402387656,5,0,0
failure_only,flocking_topology_resilient,flocking_topology_rejoin,coverage95_rate,higher,5,0.9012500000000001,0.92125,0.020000000000000018,2.219140083217755,-0.013750000000000007,0.06500000000000004,3,0,2
failure_only,flocking_topology_resilient,flocking_topology_rejoin,max_primary_support_jump,lower,5,0.0,0.075,-0.075,,-0.125,-0.025,0,2,3
failure_only,flocking_topology_resilient,flocking_topology_rejoin,rejoin_window_nees,lower,5,1.9582029734962447,1.8101746984984075,0.14802827499783713,7.559393842280927,-0.6444235622382906,1.2920334611781052,1,0,4
failure_only,flocking_topology_resilient,flocking_topology_rejoin,runtime_seconds,lower,5,0.6827171335928142,0.6708911584224552,0.011825975170359016,1.7321925272513021,0.006770131406374276,0.018105217115953566,5,0,0
failure_only,flocking_topology_resilient,flocking_topology_rejoin,bytes_sent,lower,5,649075.2,648384.0,691.2,0.10648997219428505,-883.2,2726.4,3,1,1
failure_only,flocking_topology_resilient,flocking_topology_partition,decision_loss,lower,5,1.3702549263496397,1.2694228252941966,0.10083210105544312,7.3586380983909265,0.01204463807390046,0.23587632102963718,5,0,0
failure_only,flocking_topology_resilient,flocking_topology_partition,position_rmse,lower,5,2.4795949427670143,2.5589677141032445,-0.07937277133623075,-3.2010377972322193,-0.15090990701115256,-0.018494119654631547,1,0,4
failure_only,flocking_topology_resilient,flocking_topology_partition,wrong_mode_action_rate,lower,5,0.00125,0.0,0.00125,100.0,0.0,0.0037500000000000007,1,4,0
failure_only,flocking_topology_resilient,flocking_topology_partition,mean_nees,lower,5,8.726933233277517,5.346675055017224,3.380258178260294,38.73363171120301,0.48240360591789194,8.408319558807126,5,0,0
failure_only,flocking_topology_resilient,flocking_topology_partition,coverage95_rate,higher,5,0.89625,0.92125,0.025,2.789400278940028,-0.011250000000000027,0.07381249999999996,3,0,2
failure_only,flocking_topology_resilient,flocking_topology_partition,max_primary_support_jump,lower,5,0.0,0.075,-0.075,,-0.125,-0.025,0,2,3
failure_only,flocking_topology_resilient,flocking_topology_partition,rejoin_window_nees,lower,5,1.9582029734962447,1.8101746984984075,0.14802827499783713,7.559393842280927,-0.6380823766527036,1.284229563318691,1,0,4
failure_only,flocking_topology_resilient,flocking_topology_partition,runtime_seconds,lower,5,0.6784168581943959,0.6708911584224552,0.007525699771940708,1.1093031785752394,-0.0003490482980851084,0.013883133605122566,4,0,1
failure_only,flocking_topology_resilient,flocking_topology_partition,bytes_sent,lower,5,649075.2,648384.0,691.2,0.10648997219428505,-1269.12,2726.4,3,1,1
partition_only,flocking_topology_resilient,flocking_robust_active,decision_loss,lower,5,0.970204186579867,1.6077560630559204,-0.6375518764760537,-65.71316484662175,-1.340029680002328,-0.02979070501354806,1,0,4
partition_only,flocking_topology_resilient,flocking_robust_active,position_rmse,lower,5,2.228508195033474,2.344351235880827,-0.11584304084735346,-5.198232661002774,-1.230568585831778,0.9902886307486891,3,0,2
partition_only,flocking_topology_resilient,flocking_robust_active,wrong_mode_action_rate,lower,5,0.01,0.0,0.01,100.0,0.0,0.0225,2,3,0
partition_only,flocking_topology_resilient,flocking_robust_active,mean_nees,lower,5,2.5018537724026046,10.394236334388484,-7.8923825619858805,-315.46138503556864,-16.738227337912225,0.9534622139404604,3,0,2
partition_only,flocking_topology_resilient,flocking_robust_active,coverage95_rate,higher,5,0.9657500000000001,0.8949999999999999,-0.07075000000000005,-7.325912503235831,-0.16231250000000005,0.008249999999999914,2,0,3
partition_only,flocking_topology_resilient,flocking_robust_active,max_primary_support_jump,lower,5,0.0,0.55,-0.55,,-0.65,-0.5,0,0,5
partition_only,flocking_topology_resilient,flocking_robust_active,rejoin_window_nees,lower,5,0.0,0.0,0.0,,0.0,0.0,0,5,0
partition_only,flocking_topology_resilient,flocking_robust_active,runtime_seconds,lower,5,0.7481590420007705,0.7227942667901516,0.025364775210618973,3.390291874677744,0.021483892388641835,0.0293439996894449,5,0,0
partition_only,flocking_topology_resilient,flocking_robust_active,bytes_sent,lower,5,538867.2,539289.6,-422.4,-0.07838666001567735,-4262.4,3196.799999999991,3,0,2
partition_only,flocking_topology_resilient,flocking_topology_support,decision_loss,lower,5,0.9672798562514385,1.6077560630559204,-0.6404762068044821,-66.21415742973916,-1.3270982033318404,-0.02432386982202308,1,0,4
partition_only,flocking_topology_resilient,flocking_topology_support,position_rmse,lower,5,2.2116568514914823,2.344351235880827,-0.13269438438934525,-5.999772717899692,-1.255555752953065,0.9901669841743745,3,0,2
partition_only,flocking_topology_resilient,flocking_topology_support,wrong_mode_action_rate,lower,5,0.0075,0.0,0.0075,100.0,0.0,0.015,2,3,0
partition_only,flocking_topology_resilient,flocking_topology_support,mean_nees,lower,5,2.225829614388138,10.394236334388484,-8.168406720000345,-366.982569878592,-18.089034307643196,0.8839778853270737,3,0,2
partition_only,flocking_topology_resilient,flocking_topology_support,coverage95_rate,higher,5,0.9674999999999999,0.8949999999999999,-0.07249999999999998,-7.493540051679585,-0.15625000000000003,0.00874999999999999,2,0,3
partition_only,flocking_topology_resilient,flocking_topology_support,max_primary_support_jump,lower,5,0.125,0.55,-0.425,-340.0,-0.6,-0.3,0,0,5
partition_only,flocking_topology_resilient,flocking_topology_support,rejoin_window_nees,lower,5,0.0,0.0,0.0,,0.0,0.0,0,5,0
partition_only,flocking_topology_resilient,flocking_topology_support,runtime_seconds,lower,5,0.7679762334097177,0.7227942667901516,0.04518196661956608,5.883250633807227,0.038097417985554785,0.0524465998634696,5,0,0
partition_only,flocking_topology_resilient,flocking_topology_support,bytes_sent,lower,5,540825.6,539289.6,1536.0,0.28401022436807727,-1228.8,5648.639999999997,2,0,3
partition_only,flocking_topology_resilient,flocking_topology_rejoin,decision_loss,lower,5,0.9672798562514385,1.6077560630559204,-0.6404762068044821,-66.21415742973916,-1.3209918854195577,-0.03638222897577235,1,0,4
partition_only,flocking_topology_resilient,flocking_topology_rejoin,position_rmse,lower,5,2.2116568514914823,2.344351235880827,-0.13269438438934525,-5.999772717899692,-1.2466195650902996,0.9821142253623755,3,0,2
partition_only,flocking_topology_resilient,flocking_topology_rejoin,wrong_mode_action_rate,lower,5,0.0075,0.0,0.0075,100.0,0.0,0.015,2,3,0
partition_only,flocking_topology_resilient,flocking_topology_rejoin,mean_nees,lower,5,2.225829614388138,10.394236334388484,-8.168406720000345,-366.982569878592,-18.469288054442295,0.8839778853270737,3,0,2
partition_only,flocking_topology_resilient,flocking_topology_rejoin,coverage95_rate,higher,5,0.9674999999999999,0.8949999999999999,-0.07249999999999998,-7.493540051679585,-0.1550625,0.00874999999999997,2,0,3
partition_only,flocking_topology_resilient,flocking_topology_rejoin,max_primary_support_jump,lower,5,0.125,0.55,-0.425,-340.0,-0.6,-0.3,0,0,5
partition_only,flocking_topology_resilient,flocking_topology_rejoin,rejoin_window_nees,lower,5,0.0,0.0,0.0,,0.0,0.0,0,5,0
partition_only,flocking_topology_resilient,flocking_topology_rejoin,runtime_seconds,lower,5,0.7755867585074157,0.7227942667901516,0.05279249171726406,6.806780948511937,0.048471133690327406,0.05821762499399483,5,0,0
partition_only,flocking_topology_resilient,flocking_topology_rejoin,bytes_sent,lower,5,540825.6,539289.6,1536.0,0.28401022436807727,-1344.0,5549.759999999999,2,0,3
partition_only,flocking_topology_resilient,flocking_topology_partition,decision_loss,lower,5,1.7039499373893296,1.6077560630559204,0.09619387433340895,5.645346275888265,-0.16392733284887623,0.4605619152724226,1,0,4
partition_only,flocking_topology_resilient,flocking_topology_partition,position_rmse,lower,5,2.2848587098562083,2.344351235880827,-0.05949252602461887,-2.6037726432704837,-0.24681636916733093,0.1201775023920644,2,0,3
partition_only,flocking_topology_resilient,flocking_topology_partition,wrong_mode_action_rate,lower,5,0.0,0.0,0.0,,0.0,0.0,0,5,0
partition_only,flocking_topology_resilient,flocking_topology_partition,mean_nees,lower,5,16.12203786209421,10.394236334388484,5.727801527705729,35.52777618251855,-0.01390454546507427,15.164285844526978,3,0,2
partition_only,flocking_topology_resilient,flocking_topology_partition,coverage95_rate,higher,5,0.85625,0.8949999999999999,0.03874999999999999,4.525547445255474,-0.006250000000000022,0.09875000000000003,3,1,1
partition_only,flocking_topology_resilient,flocking_topology_partition,max_primary_support_jump,lower,5,0.5,0.55,-0.05,-10.0,-0.15,0.0,0,4,1
partition_only,flocking_topology_resilient,flocking_topology_partition,rejoin_window_nees,lower,5,0.0,0.0,0.0,,0.0,0.0,0,5,0
partition_only,flocking_topology_resilient,flocking_topology_partition,runtime_seconds,lower,5,0.7278886165935546,0.7227942667901516,0.00509434980340302,0.6998804057747274,0.0012581082060933112,0.009307732805609703,4,0,1
partition_only,flocking_topology_resilient,flocking_topology_partition,bytes_sent,lower,5,540825.6,539289.6,1536.0,0.28401022436807727,-1190.4,5721.6,2,0,3
asymmetric_partition,flocking_topology_resilient,flocking_robust_active,decision_loss,lower,5,0.9562783664487251,1.6706454466159584,-0.7143670801672332,-74.70283813071462,-1.4164894304344149,-0.04606059724590923,1,0,4
asymmetric_partition,flocking_topology_resilient,flocking_robust_active,position_rmse,lower,5,2.2147803159843695,2.28869068648143,-0.07391037049706002,-3.337142287369942,-1.2268862673151861,1.0783057156939218,3,0,2
asymmetric_partition,flocking_topology_resilient,flocking_robust_active,wrong_mode_action_rate,lower,5,0.0075,0.0,0.0075,100.0,0.0,0.015,2,3,0
asymmetric_partition,flocking_topology_resilient,flocking_robust_active,mean_nees,lower,5,2.4697976529836803,13.455499183591456,-10.985701530607773,-444.80168313935815,-24.3942510928484,0.9541403118332727,3,0,2
asymmetric_partition,flocking_topology_resilient,flocking_robust_active,coverage95_rate,higher,5,0.9639151785714286,0.8775000000000001,-0.08641517857142858,-8.96501896562105,-0.19445982142857138,0.013663392857142794,2,0,3
asymmetric_partition,flocking_topology_resilient,flocking_robust_active,max_primary_support_jump,lower,5,0.0,0.625,-0.625,,-0.7,-0.55,0,0,5
asymmetric_partition,flocking_topology_resilient,flocking_robust_active,rejoin_window_nees,lower,5,0.0,0.0,0.0,,0.0,0.0,0,5,0
asymmetric_partition,flocking_topology_resilient,flocking_robust_active,runtime_seconds,lower,5,0.7593023086432368,0.7372355749830604,0.022066733660176398,2.906185508589649,0.015499916579574346,0.027627000724896787,5,0,0
asymmetric_partition,flocking_topology_resilient,flocking_robust_active,bytes_sent,lower,5,559680.0,559180.8,499.2,0.08919382504288165,-2457.6,3993.6,2,1,2
asymmetric_partition,flocking_topology_resilient,flocking_topology_support,decision_loss,lower,5,0.9720847420323422,1.6706454466159584,-0.6985607045836163,-71.86212007845448,-1.3917259415430667,-0.026780429271286793,1,0,4
asymmetric_partition,flocking_topology_resilient,flocking_topology_support,position_rmse,lower,5,2.2080324516282914,2.28869068648143,-0.08065823485313857,-3.6529460784717163,-1.2502748991616082,1.0877981604719662,3,0,2
asymmetric_partition,flocking_topology_resilient,flocking_topology_support,wrong_mode_action_rate,lower,5,0.008749999999999999,0.0,0.008749999999999999,100.0,0.0,0.01875,2,3,0
asymmetric_partition,flocking_topology_resilient,flocking_topology_support,mean_nees,lower,5,2.3464221306309896,13.455499183591456,-11.109077052960464,-473.447505797819,-23.373914516339937,1.1557604104190047,1,0,4
asymmetric_partition,flocking_topology_resilient,flocking_topology_support,coverage95_rate,higher,5,0.9650000000000001,0.8775000000000001,-0.0875,-9.067357512953366,-0.20381249999999998,0.01256249999999991,2,0,3
asymmetric_partition,flocking_topology_resilient,flocking_topology_support,max_primary_support_jump,lower,5,0.25,0.625,-0.375,-150.0,-0.475,-0.28687500000000055,0,0,5
asymmetric_partition,flocking_topology_resilient,flocking_topology_support,rejoin_window_nees,lower,5,0.0,0.0,0.0,,0.0,0.0,0,5,0
asymmetric_partition,flocking_topology_resilient,flocking_topology_support,runtime_seconds,lower,5,0.7955916249658912,0.7372355749830604,0.05835604998283088,7.334925123845131,0.054443222933914515,0.062237508269026874,5,0,0
asymmetric_partition,flocking_topology_resilient,flocking_topology_support,bytes_sent,lower,5,561984.0,559180.8,2803.2,0.4988042364195422,701.7600000000006,4684.8,4,0,1
asymmetric_partition,flocking_topology_resilient,flocking_topology_rejoin,decision_loss,lower,5,0.9720847420323422,1.6706454466159584,-0.6985607045836163,-71.86212007845448,-1.37742988175283,-0.012995291700243276,1,0,4
asymmetric_partition,flocking_topology_resilient,flocking_topology_rejoin,position_rmse,lower,5,2.2080324516282914,2.28869068648143,-0.08065823485313857,-3.6529460784717163,-1.2539647460532723,1.0855881243131758,3,0,2
asymmetric_partition,flocking_topology_resilient,flocking_topology_rejoin,wrong_mode_action_rate,lower,5,0.008749999999999999,0.0,0.008749999999999999,100.0,0.0,0.01875,2,3,0
asymmetric_partition,flocking_topology_resilient,flocking_topology_rejoin,mean_nees,lower,5,2.3464221306309896,13.455499183591456,-11.109077052960464,-473.447505797819,-25.204036081066974,1.1557604104190047,1,0,4
asymmetric_partition,flocking_topology_resilient,flocking_topology_rejoin,coverage95_rate,higher,5,0.9650000000000001,0.8775000000000001,-0.0875,-9.067357512953366,-0.19334374999999995,0.01124999999999996,2,0,3
asymmetric_partition,flocking_topology_resilient,flocking_topology_rejoin,max_primary_support_jump,lower,5,0.25,0.625,-0.375,-150.0,-0.475,-0.3,0,0,5
asymmetric_partition,flocking_topology_resilient,flocking_topology_rejoin,rejoin_window_nees,lower,5,0.0,0.0,0.0,,0.0,0.0,0,5,0
asymmetric_partition,flocking_topology_resilient,flocking_topology_rejoin,runtime_seconds,lower,5,0.8003694334067404,0.7372355749830604,0.06313385842368006,7.888089648170761,0.0534367518813815,0.07171608339995146,5,0,0
asymmetric_partition,flocking_topology_resilient,flocking_topology_rejoin,bytes_sent,lower,5,561984.0,559180.8,2803.2,0.4988042364195422,919.6800000000002,4666.5599999999995,4,0,1
asymmetric_partition,flocking_topology_resilient,flocking_topology_partition,decision_loss,lower,5,1.8485144091847718,1.6706454466159584,0.17786896256881365,9.62226540864548,-0.009872675506156581,0.38641258592466243,3,0,2
asymmetric_partition,flocking_topology_resilient,flocking_topology_partition,position_rmse,lower,5,2.2637000497631847,2.28869068648143,-0.02499063671824562,-1.1039729720755183,-0.0923015021786596,0.029143175866540937,2,0,3
asymmetric_partition,flocking_topology_resilient,flocking_topology_partition,wrong_mode_action_rate,lower,5,0.0,0.0,0.0,,0.0,0.0,0,5,0
asymmetric_partition,flocking_topology_resilient,flocking_topology_partition,mean_nees,lower,5,18.410170976807095,13.455499183591456,4.954671793215639,26.91268755438216,0.023104964101226467,10.701234276895423,3,0,2
asymmetric_partition,flocking_topology_resilient,flocking_topology_partition,coverage95_rate,higher,5,0.83125,0.8775000000000001,0.04624999999999997,5.563909774436087,-0.0025625000000000656,0.10875000000000001,3,0,2
asymmetric_partition,flocking_topology_resilient,flocking_topology_partition,max_primary_support_jump,lower,5,0.675,0.625,0.05,7.4074074074074066,0.0,0.15,1,4,0
asymmetric_partition,flocking_topology_resilient,flocking_topology_partition,rejoin_window_nees,lower,5,0.0,0.0,0.0,,0.0,0.0,0,5,0
asymmetric_partition,flocking_topology_resilient,flocking_topology_partition,runtime_seconds,lower,5,0.7447598834056407,0.7372355749830604,0.007524308422580362,1.0102999087669944,-0.0035704995505511762,0.019575283164158463,2,0,3
asymmetric_partition,flocking_topology_resilient,flocking_topology_partition,bytes_sent,lower,5,561984.0,559180.8,2803.2,0.4988042364195422,960.0,4591.679999999997,4,0,1
failure_partition,flocking_topology_resilient,flocking_robust_active,decision_loss,lower,5,1.2347095050342172,1.4187016616185062,-0.18399215658428908,-14.901655477187742,-0.3782375760216685,-0.04165810573887145,1,0,4
failure_partition,flocking_topology_resilient,flocking_robust_active,position_rmse,lower,5,2.4971097115253,2.2625796145005586,0.23453009702474148,9.392062188628643,-0.5667473046269247,0.8813633743405227,3,0,2
failure_partition,flocking_topology_resilient,flocking_robust_active,wrong_mode_action_rate,lower,5,0.0125,0.0,0.0125,100.0,0.00375,0.02125,3,2,0
failure_partition,flocking_topology_resilient,flocking_robust_active,mean_nees,lower,5,8.757586648348028,6.447271709800856,2.3103149385471715,26.380726007238238,0.5615784982010033,4.575811099371739,4,0,1
failure_partition,flocking_topology_resilient,flocking_robust_active,coverage95_rate,higher,5,0.9023244047619048,0.92125,0.018925595238095207,2.0974269495779714,0.0016741071428572063,0.03809374999999995,4,0,1
failure_partition,flocking_topology_resilient,flocking_robust_active,max_primary_support_jump,lower,5,0.0,0.45,-0.45,,-0.55,-0.35,0,0,5
failure_partition,flocking_topology_resilient,flocking_robust_active,rejoin_window_nees,lower,5,0.0,2.035359166282023,-2.035359166282023,,-2.698278577309218,-1.1884047452198252,0,0,5
failure_partition,flocking_topology_resilient,flocking_robust_active,runtime_seconds,lower,5,0.5871552583761513,0.5677141995169223,0.019441058859229088,3.311059312147809,0.009463064847514033,0.03299298625439405,5,0,0
failure_partition,flocking_topology_resilient,flocking_robust_active,bytes_sent,lower,5,496166.4,497126.4,-960.0,-0.19348347651110595,-4300.8,2188.8,2,1,2
failure_partition,flocking_topology_resilient,flocking_topology_support,decision_loss,lower,5,1.333051110480754,1.4187016616185062,-0.08565055113775195,-6.425151328733582,-0.1100658354810445,-0.0626294641302457,0,0,5
failure_partition,flocking_topology_resilient,flocking_topology_support,position_rmse,lower,5,2.4677910080903644,2.2625796145005586,0.20521139358980606,8.315590457905246,-0.5993885678102902,0.8595932812597095,3,0,2
failure_partition,flocking_topology_resilient,flocking_topology_support,wrong_mode_action_rate,lower,5,0.00125,0.0,0.00125,100.0,0.0,0.0037500000000000007,1,4,0
failure_partition,flocking_topology_resilient,flocking_topology_support,mean_nees,lower,5,7.923096656619252,6.447271709800856,1.4758249468183982,18.62687041165197,-0.11787850347597165,4.388187958114163,3,0,2
failure_partition,flocking_topology_resilient,flocking_topology_support,coverage95_rate,higher,5,0.9112500000000001,0.92125,0.010000000000000031,1.097393689986286,-0.014999999999999947,0.04750000000000003,1,2,2
failure_partition,flocking_topology_resilient,flocking_topology_support,max_primary_support_jump,lower,5,0.15,0.45,-0.3,-200.0,-0.375,-0.2,0,0,5
failure_partition,flocking_topology_resilient,flocking_topology_support,rejoin_window_nees,lower,5,0.0,2.035359166282023,-2.035359166282023,,-2.734382696988625,-1.1587907108461484,0,0,5
failure_partition,flocking_topology_resilient,flocking_topology_support,runtime_seconds,lower,5,0.6032787417527288,0.5677141995169223,0.03556454223580659,5.895208926553514,0.02430535089923069,0.050273258658126,5,0,0
failure_partition,flocking_topology_resilient,flocking_topology_support,bytes_sent,lower,5,497241.6,497126.4,115.2,0.02316781218626921,-2304.0,2920.3199999999983,1,1,3
failure_partition,flocking_topology_resilient,flocking_topology_rejoin,decision_loss,lower,5,1.3332424625665873,1.4187016616185062,-0.08545919905191887,-6.409876781707341,-0.11396452805011852,-0.06011925587961514,0,0,5
failure_partition,flocking_topology_resilient,flocking_topology_rejoin,position_rmse,lower,5,2.467928638195193,2.2625796145005586,0.20534902369463426,8.320703464294937,-0.6039136859196759,0.859765658487097,3,0,2
failure_partition,flocking_topology_resilient,flocking_topology_rejoin,wrong_mode_action_rate,lower,5,0.00125,0.0,0.00125,100.0,0.0,0.0037500000000000007,1,4,0
failure_partition,flocking_topology_resilient,flocking_topology_rejoin,mean_nees,lower,5,7.926153486880358,6.447271709800856,1.478881777079503,18.658253079850134,-0.1148700128814728,4.332885398872646,3,0,2
failure_partition,flocking_topology_resilient,flocking_topology_rejoin,coverage95_rate,higher,5,0.9112500000000001,0.92125,0.010000000000000031,1.097393689986286,-0.01565624999999994,0.04750000000000003,1,2,2
failure_partition,flocking_topology_resilient,flocking_topology_rejoin,max_primary_support_jump,lower,5,0.15,0.45,-0.3,-200.0,-0.375,-0.2118750000000006,0,0,5
failure_partition,flocking_topology_resilient,flocking_topology_rejoin,rejoin_window_nees,lower,5,1.6711741223171053,2.035359166282023,-0.36418504396491724,-21.79216630400965,-1.2078592637931314,0.16985015377589446,2,0,3
failure_partition,flocking_topology_resilient,flocking_topology_rejoin,runtime_seconds,lower,5,0.6129836335778236,0.5677141995169223,0.045269434060901406,7.38509669445425,0.03664171236567199,0.05544968438334763,5,0,0
failure_partition,flocking_topology_resilient,flocking_topology_rejoin,bytes_sent,lower,5,497241.6,497126.4,115.2,0.02316781218626921,-1804.8,2995.2,1,1,3
failure_partition,flocking_topology_resilient,flocking_topology_partition,decision_loss,lower,5,1.6156052609879132,1.4187016616185062,0.19690359936940696,12.187605730437147,-0.03744381496629172,0.5771971856636078,2,0,3
failure_partition,flocking_topology_resilient,flocking_topology_partition,position_rmse,lower,5,2.256117120980693,2.2625796145005586,-0.006462493519864765,-0.2864431753018051,-0.05472727444488932,0.04024928896493433,3,0,2
failure_partition,flocking_topology_resilient,flocking_topology_partition,wrong_mode_action_rate,lower,5,0.0,0.0,0.0,,0.0,0.0,0,5,0
failure_partition,flocking_topology_resilient,flocking_topology_partition,mean_nees,lower,5,12.99366568664613,6.447271709800856,6.546393976845275,50.38142533998812,-0.11164526188260224,14.597495881116979,3,0,2
failure_partition,flocking_topology_resilient,flocking_topology_partition,coverage95_rate,higher,5,0.86625,0.92125,0.05500000000000001,6.349206349206351,-0.007499999999999974,0.12624999999999997,2,2,1
failure_partition,flocking_topology_resilient,flocking_topology_partition,max_primary_support_jump,lower,5,0.425,0.45,-0.025,-5.882352941176471,-0.075,0.0,0,4,1
failure_partition,flocking_topology_resilient,flocking_topology_partition,rejoin_window_nees,lower,5,1.6711741223171053,2.035359166282023,-0.36418504396491724,-21.79216630400965,-1.1644988830597942,0.17193774796086658,2,0,3
failure_partition,flocking_topology_resilient,flocking_topology_partition,runtime_seconds,lower,5,0.5705476250499487,0.5677141995169223,0.002833425533026457,0.49661507797502513,-0.005317591223865747,0.012267812620848395,3,0,2
failure_partition,flocking_topology_resilient,flocking_topology_partition,bytes_sent,lower,5,497241.6,497126.4,115.2,0.02316781218626921,-2342.4,2324.1599999999994,1,1,3
staggered_rejoin,flocking_topology_resilient,flocking_robust_active,decision_loss,lower,5,1.050326491025353,0.9325729661205966,0.11775352490475643,11.211135386083876,-0.23932587295680502,0.8049021877693359,1,0,4
staggered_rejoin,flocking_topology_resilient,flocking_robust_active,position_rmse,lower,5,1.8113800955678916,2.023657466166443,-0.2122773705985513,-11.71909590471676,-0.5950419779287617,0.49370287500746407,1,0,4
staggered_rejoin,flocking_topology_resilient,flocking_robust_active,wrong_mode_action_rate,lower,5,0.06999999999999999,0.0,0.06999999999999999,100.0,0.00125,0.2,3,2,0
staggered_rejoin,flocking_topology_resilient,flocking_robust_active,mean_nees,lower,5,9.376757016881287,1.58371126627848,7.793045750602808,83.1102452220179,0.14229089684422766,22.51747933541194,4,0,1
staggered_rejoin,flocking_topology_resilient,flocking_robust_active,coverage95_rate,higher,5,0.8963422619047619,0.9774999999999998,0.08115773809523814,9.054324619568291,0.006424925595238141,0.21739732142857146,4,0,1
staggered_rejoin,flocking_topology_resilient,flocking_robust_active,max_primary_support_jump,lower,5,0.0,0.0625,-0.0625,,-0.10833333333333335,-0.016666666666666653,0,2,3
staggered_rejoin,flocking_topology_resilient,flocking_robust_active,rejoin_window_nees,lower,5,0.0,1.7291651126802392,-1.7291651126802392,,-2.251898442260466,-1.1892885241976845,0,0,5
staggered_rejoin,flocking_topology_resilient,flocking_robust_active,runtime_seconds,lower,5,0.6052826334256679,0.6192376416176557,-0.013955008191987871,-2.305535863966205,-0.027410528778564185,-0.00028978320769965646,2,0,3
staggered_rejoin,flocking_topology_resilient,flocking_robust_active,bytes_sent,lower,5,597964.8,598579.2,-614.4,-0.10274852298998201,-921.6,-268.8,0,1,4
staggered_rejoin,flocking_topology_resilient,flocking_topology_support,decision_loss,lower,5,0.9585216007322641,0.9325729661205966,0.025948634611667677,2.7071517837307133,0.017248662091681945,0.03568704381021988,5,0,0
staggered_rejoin,flocking_topology_resilient,flocking_topology_support,position_rmse,lower,5,1.9842350434021092,2.023657466166443,-0.03942242276433374,-1.9867819034554117,-0.10058609666305411,0.015188342530816667,3,0,2
staggered_rejoin,flocking_topology_resilient,flocking_topology_support,wrong_mode_action_rate,lower,5,0.00125,0.0,0.00125,100.0,0.0,0.0037500000000000007,1,4,0
staggered_rejoin,flocking_topology_resilient,flocking_topology_support,mean_nees,lower,5,1.7398385758342836,1.58371126627848,0.1561273095558037,8.973666392063866,0.07496738597935836,0.24445749787062593,5,0,0
staggered_rejoin,flocking_topology_resilient,flocking_topology_support,coverage95_rate,higher,5,0.9675,0.9774999999999998,0.010000000000000031,1.0335917312661531,0.0012500000000000178,0.020000000000000018,4,0,1
staggered_rejoin,flocking_topology_resilient,flocking_topology_support,max_primary_support_jump,lower,5,0.0,0.0625,-0.0625,,-0.10833333333333331,-0.018645833333333427,0,2,3
staggered_rejoin,flocking_topology_resilient,flocking_topology_support,rejoin_window_nees,lower,5,0.0,1.7291651126802392,-1.7291651126802392,,-2.2267791362128895,-1.2189914361238006,0,0,5
staggered_rejoin,flocking_topology_resilient,flocking_topology_support,runtime_seconds,lower,5,0.6218245752155781,0.6192376416176557,0.002586933597922325,0.41602305554190594,-0.0049714167602360245,0.01005300022661686,2,0,3
staggered_rejoin,flocking_topology_resilient,flocking_topology_support,bytes_sent,lower,5,598502.4,598579.2,-76.8,-0.012832028743744386,-1344.0,844.8,2,2,1
staggered_rejoin,flocking_topology_resilient,flocking_topology_rejoin,decision_loss,lower,5,0.9609819683591562,0.9325729661205966,0.028409002238559668,2.9562471694517916,0.01798944008232315,0.03867461009680585,5,0,0
staggered_rejoin,flocking_topology_resilient,flocking_topology_rejoin,position_rmse,lower,5,1.9851817453021419,2.023657466166443,-0.038475720864300865,-1.9381460138524957,-0.09280216895482071,0.01606099990057178,3,0,2
staggered_rejoin,flocking_topology_resilient,flocking_topology_rejoin,wrong_mode_action_rate,lower,5,0.00125,0.0,0.00125,100.0,0.0,0.0037500000000000007,1,4,0
staggered_rejoin,flocking_topology_resilient,flocking_topology_rejoin,mean_nees,lower,5,1.7612339828991423,1.58371126627848,0.17752271662066219,10.079451018112003,0.09121163687786035,0.2740653713373494,5,0,0
staggered_rejoin,flocking_topology_resilient,flocking_topology_rejoin,coverage95_rate,higher,5,0.9662499999999999,0.9774999999999998,0.011250000000000027,1.1642949547218657,0.0012500000000000178,0.023750000000000004,4,0,1
staggered_rejoin,flocking_topology_resilient,flocking_topology_rejoin,max_primary_support_jump,lower,5,0.075,0.0625,0.0125,16.666666666666668,-0.0375,0.075,1,3,1
staggered_rejoin,flocking_topology_resilient,flocking_topology_rejoin,rejoin_window_nees,lower,5,1.8705856691880243,1.7291651126802392,0.14142055650778512,7.5602288009173275,-0.07753720534122231,0.35512225871795977,3,0,2
staggered_rejoin,flocking_topology_resilient,flocking_topology_rejoin,runtime_seconds,lower,5,0.6231764168012888,0.6192376416176557,0.00393877518363297,0.6320481772802582,-0.0011408746242523194,0.008358732403721656,4,0,1
staggered_rejoin,flocking_topology_resilient,flocking_topology_rejoin,bytes_sent,lower,5,598502.4,598579.2,-76.8,-0.012832028743744386,-1228.8,864.9599999999991,2,2,1
staggered_rejoin,flocking_topology_resilient,flocking_topology_partition,decision_loss,lower,5,0.9900108841923819,0.9325729661205966,0.057437918071785464,5.801746121068296,0.01816672932960963,0.09672698175203169,5,0,0
staggered_rejoin,flocking_topology_resilient,flocking_topology_partition,position_rmse,lower,5,1.971467750365123,2.023657466166443,-0.052189715801319904,-2.6472518148802675,-0.07772587630981324,-0.022334231818497405,1,0,4
staggered_rejoin,flocking_topology_resilient,flocking_topology_partition,wrong_mode_action_rate,lower,5,0.00125,0.0,0.00125,100.0,0.0,0.0037500000000000007,1,4,0
staggered_rejoin,flocking_topology_resilient,flocking_topology_partition,mean_nees,lower,5,2.3158781417999523,1.58371126627848,0.7321668755214723,31.615086403139323,0.11278759913256811,1.4534710472356054,5,0,0
staggered_rejoin,flocking_topology_resilient,flocking_topology_partition,coverage95_rate,higher,5,0.96125,0.9774999999999998,0.016250000000000007,1.6905071521456443,0.00625,0.03125,5,0,0
staggered_rejoin,flocking_topology_resilient,flocking_topology_partition,max_primary_support_jump,lower,5,0.075,0.0625,0.0125,16.666666666666668,-0.0375,0.075,1,3,1
staggered_rejoin,flocking_topology_resilient,flocking_topology_partition,rejoin_window_nees,lower,5,1.8705856691880243,1.7291651126802392,0.14142055650778512,7.5602288009173275,-0.0760317519453964,0.3588728649609666,3,0,2
staggered_rejoin,flocking_topology_resilient,flocking_topology_partition,runtime_seconds,lower,5,0.6239389413502068,0.6192376416176557,0.004701299732550979,0.7534871476970719,-0.002498758630827069,0.012253549788147211,3,0,2
staggered_rejoin,flocking_topology_resilient,flocking_topology_partition,bytes_sent,lower,5,598502.4,598579.2,-76.8,-0.012832028743744386,-1344.0,960.0,2,2,1
flapping_reconnect,flocking_topology_resilient,flocking_robust_active,decision_loss,lower,5,0.936721121810519,0.9835067840569239,-0.046785662246405145,-4.994620187060221,-0.09809772125692995,-0.010442882885709232,0,0,5
flapping_reconnect,flocking_topology_resilient,flocking_robust_active,position_rmse,lower,5,2.2118872467111053,2.34824655736926,-0.13635931065815457,-6.1648400415034565,-0.7297172591389919,0.4652906719020365,3,0,2
flapping_reconnect,flocking_topology_resilient,flocking_robust_active,wrong_mode_action_rate,lower,5,0.0075,0.0,0.0075,100.0,0.0,0.015,2,3,0
flapping_reconnect,flocking_topology_resilient,flocking_robust_active,mean_nees,lower,5,2.030749173148112,1.584775460949033,0.4459737121990791,21.96104364320488,0.07815583023349615,1.0482034227841102,5,0,0
flapping_reconnect,flocking_topology_resilient,flocking_robust_active,coverage95_rate,higher,5,0.9683258928571428,0.9737500000000001,0.005424107142857149,0.5601530624005907,-0.0019687499999999636,0.01265624999999999,3,0,2
flapping_reconnect,flocking_topology_resilient,flocking_robust_active,max_primary_support_jump,lower,5,0.0,0.2,-0.2,,-0.25,-0.15,0,0,5
flapping_reconnect,flocking_topology_resilient,flocking_robust_active,rejoin_window_nees,lower,5,0.0,0.0,0.0,,0.0,0.0,0,5,0
flapping_reconnect,flocking_topology_resilient,flocking_robust_active,runtime_seconds,lower,5,0.8261442000046373,0.8278606333769858,-0.001716433372348547,-0.20776437967353792,-0.005576908005168661,0.0015101294324267652,2,0,3
flapping_reconnect,flocking_topology_resilient,flocking_robust_active,bytes_sent,lower,5,652800.0,653376.0,-576.0,-0.08823529411764706,-2841.6,1536.0,2,0,3
flapping_reconnect,flocking_topology_resilient,flocking_topology_support,decision_loss,lower,5,0.9289087243712941,0.9835067840569239,-0.05459805968562981,-5.877656033705892,-0.12395216698873368,0.005204042426468503,2,0,3
flapping_reconnect,flocking_topology_resilient,flocking_topology_support,position_rmse,lower,5,2.18328702866811,2.34824655736926,-0.1649595287011501,-7.555558501246711,-0.7706507261431684,0.4280461333430104,3,0,2
flapping_reconnect,flocking_topology_resilient,flocking_topology_support,wrong_mode_action_rate,lower,5,0.005,0.0,0.005,100.0,0.0,0.01125,2,3,0
flapping_reconnect,flocking_topology_resilient,flocking_topology_support,mean_nees,lower,5,1.6986806113071897,1.584775460949033,0.11390515035815633,6.705507180099185,-0.05061603834217783,0.29715762823784087,4,0,1
flapping_reconnect,flocking_topology_resilient,flocking_topology_support,coverage95_rate,higher,5,0.9750000000000002,0.9737500000000001,-0.0012500000000000178,-0.12820512820513,-0.009999999999999964,0.006249999999999978,2,0,3
flapping_reconnect,flocking_topology_resilient,flocking_topology_support,max_primary_support_jump,lower,5,0.0,0.2,-0.2,,-0.25,-0.15,0,0,5
flapping_reconnect,flocking_topology_resilient,flocking_topology_support,rejoin_window_nees,lower,5,0.0,0.0,0.0,,0.0,0.0,0,5,0
flapping_reconnect,flocking_topology_resilient,flocking_topology_support,runtime_seconds,lower,5,0.8392981165554374,0.8278606333769858,0.011437483178451658,1.3627438156768683,0.008356775110587477,0.015633574640378355,5,0,0
flapping_reconnect,flocking_topology_resilient,flocking_topology_support,bytes_sent,lower,5,652876.8,653376.0,-499.2,-0.07646159275379366,-4032.0,1901.759999999999,3,0,2
flapping_reconnect,flocking_topology_resilient,flocking_topology_rejoin,decision_loss,lower,5,0.9289087243712941,0.9835067840569239,-0.05459805968562981,-5.877656033705892,-0.11796174787987909,0.005204042426468503,2,0,3
flapping_reconnect,flocking_topology_resilient,flocking_topology_rejoin,position_rmse,lower,5,2.18328702866811,2.34824655736926,-0.1649595287011501,-7.555558501246711,-0.7579651907453105,0.4252788306909858,3,0,2
flapping_reconnect,flocking_topology_resilient,flocking_topology_rejoin,wrong_mode_action_rate,lower,5,0.005,0.0,0.005,100.0,0.0,0.0125,2,3,0
flapping_reconnect,flocking_topology_resilient,flocking_topology_rejoin,mean_nees,lower,5,1.6986806113071897,1.584775460949033,0.11390515035815633,6.705507180099185,-0.046852513985061114,0.3026711196780008,4,0,1
flapping_reconnect,flocking_topology_resilient,flocking_topology_rejoin,coverage95_rate,higher,5,0.9750000000000002,0.9737500000000001,-0.0012500000000000178,-0.12820512820513,-0.008750000000000013,0.007499999999999951,2,0,3
flapping_reconnect,flocking_topology_resilient,flocking_topology_rejoin,max_primary_support_jump,lower,5,0.0,0.2,-0.2,,-0.25,-0.15,0,0,5
flapping_reconnect,flocking_topology_resilient,flocking_topology_rejoin,rejoin_window_nees,lower,5,0.0,0.0,0.0,,0.0,0.0,0,5,0
flapping_reconnect,flocking_topology_resilient,flocking_topology_rejoin,runtime_seconds,lower,5,0.845056941639632,0.8278606333769858,0.017196308262646197,2.0349289397328483,0.013568583596497773,0.020467782951891424,5,0,0
flapping_reconnect,flocking_topology_resilient,flocking_topology_rejoin,bytes_sent,lower,5,652876.8,653376.0,-499.2,-0.07646159275379366,-4013.7599999999998,1958.4,3,0,2
flapping_reconnect,flocking_topology_resilient,flocking_topology_partition,decision_loss,lower,5,1.32675820114294,0.9835067840569239,0.3432514170860161,25.871437371958287,0.021180116623717105,0.7495280932091652,4,0,1
flapping_reconnect,flocking_topology_resilient,flocking_topology_partition,position_rmse,lower,5,2.3264960774062446,2.34824655736926,-0.0217504799630154,-0.934902928667926,-0.1603713227026508,0.09642938316336362,2,0,3
flapping_reconnect,flocking_topology_resilient,flocking_topology_partition,wrong_mode_action_rate,lower,5,0.0025,0.0,0.0025,100.0,0.0,0.005,2,3,0
flapping_reconnect,flocking_topology_resilient,flocking_topology_partition,mean_nees,lower,5,9.427753877148564,1.584775460949033,7.842978416199531,83.19031784664757,0.1935791335187182,17.057292682894666,5,0,0
flapping_reconnect,flocking_topology_resilient,flocking_topology_partition,coverage95_rate,higher,5,0.9075,0.9737500000000001,0.06624999999999996,7.30027548209366,0.0024999999999999467,0.14125,4,0,1
flapping_reconnect,flocking_topology_resilient,flocking_topology_partition,max_primary_support_jump,lower,5,0.2,0.2,0.0,0.0,0.0,0.0,0,5,0
flapping_reconnect,flocking_topology_resilient,flocking_topology_partition,rejoin_window_nees,lower,5,0.0,0.0,0.0,,0.0,0.0,0,5,0
flapping_reconnect,flocking_topology_resilient,flocking_topology_partition,runtime_seconds,lower,5,0.8224020916502923,0.8278606333769858,-0.005458541726693511,-0.6637314985106617,-0.011090849712491035,0.00040986617095768453,2,0,3
flapping_reconnect,flocking_topology_resilient,flocking_topology_partition,bytes_sent,lower,5,652876.8,653376.0,-499.2,-0.07646159275379366,-3884.1599999999994,1958.4,3,0,2
false_split_dropout,flocking_topology_resilient,flocking_robust_active,decision_loss,lower,5,0.9623450840792035,1.0111095610936842,-0.04876447701448072,-5.067254753126299,-0.12321281223949879,0.03841935183368632,1,0,4
false_split_dropout,flocking_topology_resilient,flocking_robust_active,position_rmse,lower,5,2.2342474360117484,2.299306266046681,-0.06505883003493289,-2.911890106096145,-0.30560371222153737,0.16159896906444784,3,0,2
false_split_dropout,flocking_topology_resilient,flocking_robust_active,wrong_mode_action_rate,lower,5,0.008749999999999999,0.00625,0.002499999999999999,28.571428571428566,-0.005,0.01125,2,1,2
false_split_dropout,flocking_topology_resilient,flocking_robust_active,mean_nees,lower,5,2.6496481924141753,2.3869153174321465,0.2627328749820283,9.915764505424562,-0.22569683220648243,1.0382763382648597,2,0,3
false_split_dropout,flocking_topology_resilient,flocking_robust_active,coverage95_rate,higher,5,0.9611622023809524,0.9724999999999999,0.011337797619047607,1.1795925381753538,-0.0032723214285714118,0.02736904761904757,3,0,2
false_split_dropout,flocking_topology_resilient,flocking_robust_active,max_primary_support_jump,lower,5,0.0,0.35,-0.35,,-0.625,-0.125,0,1,4
false_split_dropout,flocking_topology_resilient,flocking_robust_active,rejoin_window_nees,lower,5,0.0,0.0,0.0,,0.0,0.0,0,5,0
false_split_dropout,flocking_topology_resilient,flocking_robust_active,runtime_seconds,lower,5,0.7174407916143537,0.7087899668607861,0.008650824753567576,1.2057893633427048,-0.010522140222601591,0.02282399986870587,4,0,1
false_split_dropout,flocking_topology_resilient,flocking_robust_active,bytes_sent,lower,5,477427.2,477696.0,-268.8,-0.056301777527547656,-4569.6,3955.2,3,0,2
false_split_dropout,flocking_topology_resilient,flocking_topology_support,decision_loss,lower,5,0.9489205156603593,1.0111095610936842,-0.06218904543332495,-6.553662230608138,-0.11598524570104299,-0.0206116548141853,1,0,4
false_split_dropout,flocking_topology_resilient,flocking_topology_support,position_rmse,lower,5,2.2340797283008227,2.299306266046681,-0.06522653774585892,-2.9196154872891826,-0.28206128935863767,0.15299423826257355,3,0,2
false_split_dropout,flocking_topology_resilient,flocking_topology_support,wrong_mode_action_rate,lower,5,0.00375,0.00625,-0.0025000000000000005,-66.66666666666669,-0.005000000000000001,0.0,0,3,2
false_split_dropout,flocking_topology_resilient,flocking_topology_support,mean_nees,lower,5,2.364947046178851,2.3869153174321465,-0.0219682712532955,-0.928911760996535,-0.1612878487226625,0.10341597787361191,2,0,3
false_split_dropout,flocking_topology_resilient,flocking_topology_support,coverage95_rate,higher,5,0.9649999999999999,0.9724999999999999,0.007500000000000018,0.7772020725388621,-0.0125,0.02440625000000003,3,1,1
false_split_dropout,flocking_topology_resilient,flocking_topology_support,max_primary_support_jump,lower,5,0.075,0.35,-0.275,-366.66666666666674,-0.575,-0.05,0,2,3
false_split_dropout,flocking_topology_resilient,flocking_topology_support,rejoin_window_nees,lower,5,0.0,0.0,0.0,,0.0,0.0,0,5,0
false_split_dropout,flocking_topology_resilient,flocking_topology_support,runtime_seconds,lower,5,0.7278323498554528,0.7087899668607861,0.019042382994666696,2.616314457367621,0.0025934910401701925,0.03770617314963599,4,0,1
false_split_dropout,flocking_topology_resilient,flocking_topology_support,bytes_sent,lower,5,473971.2,477696.0,-3724.8,-0.7858705339058576,-12403.2,6681.6,1,0,4
false_split_dropout,flocking_topology_resilient,flocking_topology_rejoin,decision_loss,lower,5,0.9489205156603593,1.0111095610936842,-0.06218904543332495,-6.553662230608138,-0.11453412597288962,-0.0206116548141853,1,0,4
false_split_dropout,flocking_topology_resilient,flocking_topology_rejoin,position_rmse,lower,5,2.2340797283008227,2.299306266046681,-0.06522653774585892,-2.9196154872891826,-0.27880930209556093,0.15180463101085878,3,0,2
false_split_dropout,flocking_topology_resilient,flocking_topology_rejoin,wrong_mode_action_rate,lower,5,0.00375,0.00625,-0.0025000000000000005,-66.66666666666669,-0.005000000000000001,0.0,0,3,2
false_split_dropout,flocking_topology_resilient,flocking_topology_rejoin,mean_nees,lower,5,2.364947046178851,2.3869153174321465,-0.0219682712532955,-0.928911760996535,-0.15215306518705227,0.10775991298639108,2,0,3
false_split_dropout,flocking_topology_resilient,flocking_topology_rejoin,coverage95_rate,higher,5,0.9649999999999999,0.9724999999999999,0.007500000000000018,0.7772020725388621,-0.011250000000000005,0.028750000000000053,3,1,1
false_split_dropout,flocking_topology_resilient,flocking_topology_rejoin,max_primary_support_jump,lower,5,0.075,0.35,-0.275,-366.66666666666674,-0.575,-0.05,0,2,3
false_split_dropout,flocking_topology_resilient,flocking_topology_rejoin,rejoin_window_nees,lower,5,0.0,0.0,0.0,,0.0,0.0,0,5,0
false_split_dropout,flocking_topology_resilient,flocking_topology_rejoin,runtime_seconds,lower,5,0.7304067498538643,0.7087899668607861,0.021616782993078232,2.9595541111036003,0.0027474327944219112,0.04233619912643912,4,0,1
false_split_dropout,flocking_topology_resilient,flocking_topology_rejoin,bytes_sent,lower,5,473971.2,477696.0,-3724.8,-0.7858705339058576,-12723.84,5606.4,1,0,4
false_split_dropout,flocking_topology_resilient,flocking_topology_partition,decision_loss,lower,5,1.0931131537108962,1.0111095610936842,0.08200359261721199,7.501839341958928,-0.042180270620576964,0.24190110897261094,3,0,2
false_split_dropout,flocking_topology_resilient,flocking_topology_partition,position_rmse,lower,5,2.2223150724816834,2.299306266046681,-0.07699119356499798,-3.4644589562640675,-0.13487488284313423,-0.01598559854677566,1,0,4
false_split_dropout,flocking_topology_resilient,flocking_topology_partition,wrong_mode_action_rate,lower,5,0.00375,0.00625,-0.0025000000000000005,-66.66666666666669,-0.005000000000000001,0.0,0,3,2
false_split_dropout,flocking_topology_resilient,flocking_topology_partition,mean_nees,lower,5,5.097219641974396,2.3869153174321465,2.7103043245422493,53.17220984992554,-0.04403322867940709,5.895566595801109,3,0,2
false_split_dropout,flocking_topology_resilient,flocking_topology_partition,coverage95_rate,higher,5,0.9412499999999999,0.9724999999999999,0.03125,3.3200531208499338,-0.0025625000000000105,0.06565624999999997,3,1,1
false_split_dropout,flocking_topology_resilient,flocking_topology_partition,max_primary_support_jump,lower,5,0.55,0.35,0.2,36.36363636363636,-0.05,0.525,3,1,1
false_split_dropout,flocking_topology_resilient,flocking_topology_partition,rejoin_window_nees,lower,5,0.0,0.0,0.0,,0.0,0.0,0,5,0
false_split_dropout,flocking_topology_resilient,flocking_topology_partition,runtime_seconds,lower,5,0.7200446834787726,0.7087899668607861,0.01125471661798656,1.5630580818417161,-0.009477525250986218,0.03251914987340569,4,0,1
false_split_dropout,flocking_topology_resilient,flocking_topology_partition,bytes_sent,lower,5,473971.2,477696.0,-3724.8,-0.7858705339058576,-13633.92,6028.8,1,0,4
overall,flocking_topology_resilient,flocking_robust_active,decision_loss,lower,5,1.0364460005035816,1.230103216264808,-0.19365721576122605,-18.684737619435374,-0.33508339289554756,-0.051472027698481526,0,0,5
overall,flocking_topology_resilient,flocking_robust_active,position_rmse,lower,5,2.239736291691616,2.296597844777514,-0.05686155308589798,-2.538761071864933,-0.5394045219240052,0.3745179003314708,3,0,2
overall,flocking_topology_resilient,flocking_robust_active,wrong_mode_action_rate,lower,5,0.0171875,0.0015624999999999999,0.015625000000000003,90.90909090909092,0.0032734375000000007,0.03156250000000001,5,0,0
overall,flocking_topology_resilient,flocking_robust_active,mean_nees,lower,5,4.874954761587544,5.371031453305879,-0.4960766917183358,-10.176026568024744,-2.9141189488103247,0.8521288080317918,4,0,1
overall,flocking_topology_resilient,flocking_robust_active,coverage95_rate,higher,5,0.9405020461309525,0.9389062499999999,-0.0015957961309524427,-0.16967492388955943,-0.02167708333333338,0.013234188988095119,3,0,2
overall,flocking_topology_resilient,flocking_robust_active,max_primary_support_jump,lower,5,0.0,0.2921875,-0.2921875,,-0.31875,-0.2651041666666667,0,0,5
overall,flocking_topology_resilient,flocking_robust_active,rejoin_window_nees,lower,5,0.0,0.6968373721825836,-0.6968373721825836,,-0.7627475309652882,-0.6075173895754019,0,0,5
overall,flocking_topology_resilient,flocking_robust_active,runtime_seconds,lower,5,0.7192295167536941,0.7145140250038822,0.004715491749811918,0.6556310106815008,-0.0013574831769801675,0.009234612311556699,4,0,1
overall,flocking_topology_resilient,flocking_robust_active,bytes_sent,lower,5,588590.4,588864.0,-273.6,-0.04648393857596047,-1713.6,729.6,3,0,2
overall,flocking_topology_resilient,flocking_topology_support,decision_loss,lower,5,1.0487789544488737,1.230103216264808,-0.1813242618159343,-17.289082799265266,-0.35326969753935644,-0.014801140575820493,1,0,4
overall,flocking_topology_resilient,flocking_topology_support,position_rmse,lower,5,2.2452822372018586,2.296597844777514,-0.05131560757565512,-2.285485838947635,-0.6494391884364428,0.43789261606243624,3,0,2
overall,flocking_topology_resilient,flocking_topology_support,wrong_mode_action_rate,lower,5,0.0043749999999999995,0.0015624999999999999,0.0028124999999999995,64.28571428571428,-0.00032031249999999963,0.006093749999999999,3,0,2
overall,flocking_topology_resilient,flocking_topology_support,mean_nees,lower,5,3.528581997083466,5.371031453305879,-1.8424494562224136,-52.21501038505786,-4.600066301504124,0.3634422290612818,3,0,2
overall,flocking_topology_resilient,flocking_topology_support,coverage95_rate,higher,5,0.95234375,0.9389062499999999,-0.013437500000000036,-1.4109926168991014,-0.036250000000000004,0.004843749999999947,2,0,3
overall,flocking_topology_resilient,flocking_topology_support,max_primary_support_jump,lower,5,0.075,0.2921875,-0.2171875,-289.58333333333337,-0.253125,-0.17760416666666665,0,0,5
overall,flocking_topology_resilient,flocking_topology_support,rejoin_window_nees,lower,5,0.0,0.6968373721825836,-0.6968373721825836,,-0.7669632425170292,-0.600119016489834,0,0,5
overall,flocking_topology_resilient,flocking_topology_support,runtime_seconds,lower,5,0.7382589010638185,0.7145140250038822,0.02374487605993636,3.2163345441173004,0.018596612979017664,0.03029579057270893,5,0,0
overall,flocking_topology_resilient,flocking_topology_support,bytes_sent,lower,5,588969.6,588864.0,105.6,0.01792961809913449,-1536.0,1646.4,3,0,2
overall,flocking_topology_resilient,flocking_topology_rejoin,decision_loss,lower,5,1.049297324550585,1.230103216264808,-0.18080589171422293,-17.231140067155156,-0.35394027739297734,-0.014311987782538149,1,0,4
overall,flocking_topology_resilient,flocking_topology_rejoin,position_rmse,lower,5,2.245488014446552,2.296597844777514,-0.05110983033096157,-2.2761123640893124,-0.564116874268205,0.437965733991574,3,0,2
overall,flocking_topology_resilient,flocking_topology_rejoin,wrong_mode_action_rate,lower,5,0.0043749999999999995,0.0015624999999999999,0.0028124999999999995,64.28571428571428,-0.0004687500000000001,0.00609375,3,0,2
overall,flocking_topology_resilient,flocking_topology_rejoin,mean_nees,lower,5,3.5326805472451306,5.371031453305879,-1.838350906060749,-52.038413365577014,-4.594016147079841,0.36132160786866896,3,0,2
overall,flocking_topology_resilient,flocking_topology_rejoin,coverage95_rate,higher,5,0.9521875,0.9389062499999999,-0.013281250000000022,-1.394814571709881,-0.036093749999999994,0.0031328124999999386,2,0,3
overall,flocking_topology_resilient,flocking_topology_rejoin,max_primary_support_jump,lower,5,0.084375,0.2921875,-0.2078125,-246.29629629629628,-0.25,-0.16398437500000007,0,0,5
overall,flocking_topology_resilient,flocking_topology_rejoin,rejoin_window_nees,lower,5,0.6874953456251717,0.6968373721825836,-0.009342026557411875,-1.3588494259429107,-0.15771882129406897,0.14442503392792663,3,0,2
overall,flocking_topology_resilient,flocking_topology_rejoin,runtime_seconds,lower,5,0.7430207500699908,0.7145140250038822,0.02850672506610863,3.836598784545837,0.0244926625455264,0.03374367991200414,5,0,0
overall,flocking_topology_resilient,flocking_topology_rejoin,bytes_sent,lower,5,588969.6,588864.0,105.6,0.01792961809913449,-1568.76,1512.0,3,0,2
overall,flocking_topology_resilient,flocking_topology_partition,decision_loss,lower,5,1.3648712506797733,1.230103216264808,0.1347680344149654,9.87404741273906,-0.003910709424168757,0.32770110309517,3,0,2
overall,flocking_topology_resilient,flocking_topology_partition,position_rmse,lower,5,2.252514216230458,2.296597844777514,-0.04408362854705557,-1.957085474951129,-0.08616351726828499,0.0013081142718407435,1,0,4
overall,flocking_topology_resilient,flocking_topology_partition,wrong_mode_action_rate,lower,5,0.001875,0.0015624999999999999,0.00031250000000000006,16.66666666666667,-0.00046875000000000015,0.0010937500000000003,3,0,2
overall,flocking_topology_resilient,flocking_topology_partition,mean_nees,lower,5,9.426774001243542,5.371031453305879,4.055742547937664,43.02365313311475,0.08935770761986883,8.23192201172976,5,0,0
overall,flocking_topology_resilient,flocking_topology_partition,coverage95_rate,higher,5,0.90265625,0.9389062499999999,0.036249999999999914,4.015925220702777,0.0016874999999999586,0.07281249999999988,4,0,1
overall,flocking_topology_resilient,flocking_topology_partition,max_primary_support_jump,lower,5,0.303125,0.2921875,0.010937499999999989,3.608247422680409,-0.012500000000000011,0.03593749999999998,2,2,1
overall,flocking_topology_resilient,flocking_topology_partition,rejoin_window_nees,lower,5,0.6874953456251717,0.6968373721825836,-0.009342026557411875,-1.3588494259429107,-0.12968336018250112,0.15194720477198986,3,0,2
overall,flocking_topology_resilient,flocking_topology_partition,runtime_seconds,lower,5,0.72061998329591,0.7145140250038822,0.0061059582920279356,0.8473201456475056,0.0013243870339647405,0.010540927230758819,4,0,1
overall,flocking_topology_resilient,flocking_topology_partition,bytes_sent,lower,5,588969.6,588864.0,105.6,0.01792961809913449,-1501.8,1512.0,3,0,2
failure_only,flocking_topology_resilient,stable_control:flocking_topology_resilient,decision_loss_transfer,lower,5,0.9471104222626758,1.2694228252941966,-0.32231240303152076,-34.03113253273114,-0.9074107052853136,-0.006334514692018178,2,0,3
partition_only,flocking_topology_resilient,stable_control:flocking_topology_resilient,decision_loss_transfer,lower,5,0.9471104222626758,1.6077560630559204,-0.6606456407932447,-69.753813838828,-1.2541012620728234,-0.07026712140423312,0,0,5
asymmetric_partition,flocking_topology_resilient,stable_control:flocking_topology_resilient,decision_loss_transfer,lower,5,0.9471104222626758,1.6706454466159584,-0.7235350243532823,-76.39394597989272,-1.3986712298787243,-0.06246949647231916,0,0,5
failure_partition,flocking_topology_resilient,stable_control:flocking_topology_resilient,decision_loss_transfer,lower,5,0.9471104222626758,1.4187016616185062,-0.4715912393558302,-49.79263539611192,-1.204683406054151,-0.08136192350629581,0,0,5
staggered_rejoin,flocking_topology_resilient,stable_control:flocking_topology_resilient,decision_loss_transfer,lower,5,0.9471104222626758,0.9325729661205966,0.014537456142079463,1.53492726934089,-0.01676670111458577,0.05412266313195939,3,0,2
flapping_reconnect,flocking_topology_resilient,stable_control:flocking_topology_resilient,decision_loss_transfer,lower,5,0.9471104222626758,0.9835067840569239,-0.03639636179424814,-3.842884730092624,-0.09457750706556445,0.018174605663006424,2,0,3
false_split_dropout,flocking_topology_resilient,stable_control:flocking_topology_resilient,decision_loss_transfer,lower,5,0.9471104222626758,1.0111095610936842,-0.06399913883100823,-6.75730488511702,-0.11236698285234437,-0.013048136515001665,1,0,4
