scope,candidate,baseline,metric,direction,pairs,baseline_mean,candidate_mean,improvement_mean,ci95_lower,ci95_upper,wins,ties,losses
triad_uniform,round_robin,passive,total_decision_loss,lower,10,2.5,1.6470073600000004,0.8529926399999997,0.46567391999999963,1.214184,9,0,1
triad_uniform,round_robin,passive,decision_cost,lower,10,2.5,0.25,2.25,2.2,2.325,10,0,0
triad_uniform,round_robin,passive,movement_cost,lower,10,0.0,1.3970073600000004,-1.3970073600000004,-1.7093260800000003,-1.1493538560000007,0,0,10
triad_uniform,round_robin,passive,resolution_steps,lower,10,10.0,2.0,8.0,7.7,8.3,10,0,0
triad_uniform,round_robin,passive,wrong_selection,lower,10,0.0,0.0,0.0,0.0,0.0,0,10,0
triad_uniform,round_robin,passive,brier_score,lower,10,0.6666666666666667,1.4154871190955675e-05,0.6666525117954758,0.6666257075142479,0.6666666665895379,10,0,0
triad_uniform,round_robin,passive,log_loss,lower,10,1.0986122886681096,0.0011194800864665095,1.097492808581643,1.0955553200298431,1.098608749568504,10,0,0
triad_uniform,round_robin,passive,final_truth_probability,higher,10,0.33333333333333337,0.9988848633963133,0.66555153006298,0.6637358170985519,0.6666634029102192,10,0,0
triad_uniform,myopic_voi,passive,total_decision_loss,lower,10,2.5,2.5,0.0,0.0,0.0,0,10,0
triad_uniform,myopic_voi,passive,decision_cost,lower,10,2.5,2.5,0.0,0.0,0.0,0,10,0
triad_uniform,myopic_voi,passive,movement_cost,lower,10,0.0,0.0,0.0,0.0,0.0,0,10,0
triad_uniform,myopic_voi,passive,resolution_steps,lower,10,10.0,10.0,0.0,0.0,0.0,0,10,0
triad_uniform,myopic_voi,passive,wrong_selection,lower,10,0.0,0.0,0.0,0.0,0.0,0,10,0
triad_uniform,myopic_voi,passive,brier_score,lower,10,0.6666666666666667,0.6666666666666667,0.0,0.0,0.0,0,10,0
triad_uniform,myopic_voi,passive,log_loss,lower,10,1.0986122886681096,1.0986122886681096,0.0,0.0,0.0,0,10,0
triad_uniform,myopic_voi,passive,final_truth_probability,higher,10,0.33333333333333337,0.33333333333333337,0.0,0.0,0.0,0,10,0
triad_uniform,receding_horizon_voi,passive,total_decision_loss,lower,10,2.5,1.2224981227631866,1.2775018772368134,1.0572368088213016,1.5473041195426926,10,0,0
triad_uniform,receding_horizon_voi,passive,decision_cost,lower,10,2.5,0.35,2.15,2.025,2.275,10,0,0
triad_uniform,receding_horizon_voi,passive,movement_cost,lower,10,0.0,0.8724981227631867,-0.8724981227631867,-0.9806490341468587,-0.7546675761028742,0,0,10
triad_uniform,receding_horizon_voi,passive,resolution_steps,lower,10,10.0,2.4,7.6,7.1,8.2,10,0,0
triad_uniform,receding_horizon_voi,passive,wrong_selection,lower,10,0.0,0.0,0.0,0.0,0.0,0,10,0
triad_uniform,receding_horizon_voi,passive,brier_score,lower,10,0.6666666666666667,2.946660774767336e-05,0.666637200058919,0.6666016393222539,0.6666657502784584,10,0,0
triad_uniform,receding_horizon_voi,passive,log_loss,lower,10,1.0986122886681096,0.0023646268430644103,1.0962476618250452,1.093836472452648,1.0981086924267836,10,0,0
triad_uniform,receding_horizon_voi,passive,final_truth_probability,higher,10,0.33333333333333337,0.99764372802211,0.6643103946887768,0.6620905746967033,0.6661890461552175,10,0,0
triad_uniform,computational_oracle,passive,total_decision_loss,lower,10,2.5,1.2224981227631866,1.2775018772368134,1.0770532125786916,1.510579160586957,10,0,0
triad_uniform,computational_oracle,passive,decision_cost,lower,10,2.5,0.35,2.15,2.025,2.275,10,0,0
triad_uniform,computational_oracle,passive,movement_cost,lower,10,0.0,0.8724981227631867,-0.8724981227631867,-0.9749018061691601,-0.7634080993058566,0,0,10
triad_uniform,computational_oracle,passive,resolution_steps,lower,10,10.0,2.4,7.6,7.1,8.1,10,0,0
triad_uniform,computational_oracle,passive,wrong_selection,lower,10,0.0,0.0,0.0,0.0,0.0,0,10,0
triad_uniform,computational_oracle,passive,brier_score,lower,10,0.6666666666666667,2.946660774767336e-05,0.666637200058919,0.6666035145334636,0.6666625841289533,10,0,0
triad_uniform,computational_oracle,passive,log_loss,lower,10,1.0986122886681096,0.0023646268430644103,1.0962476618250452,1.0937446538554856,1.0980253463436975,10,0,0
triad_uniform,computational_oracle,passive,final_truth_probability,higher,10,0.33333333333333337,0.99764372802211,0.6643103946887768,0.6621066477540289,0.6660802467119499,10,0,0
triad_uniform,passive,round_robin,total_decision_loss,lower,10,1.6470073600000004,2.5,-0.8529926399999997,-1.214184,-0.46567391999999963,1,0,9
triad_uniform,passive,round_robin,decision_cost,lower,10,0.25,2.5,-2.25,-2.325,-2.1868750000000006,0,0,10
triad_uniform,passive,round_robin,movement_cost,lower,10,1.3970073600000004,0.0,1.3970073600000004,1.1108160000000002,1.7093260800000003,10,0,0
triad_uniform,passive,round_robin,resolution_steps,lower,10,2.0,10.0,-8.0,-8.3,-7.7,0,0,10
triad_uniform,passive,round_robin,wrong_selection,lower,10,0.0,0.0,0.0,0.0,0.0,0,10,0
triad_uniform,passive,round_robin,brier_score,lower,10,1.4154871190955675e-05,0.6666666666666667,-0.6666525117954758,-0.666666664483212,-0.6666257064547078,0,0,10
triad_uniform,passive,round_robin,log_loss,lower,10,0.0011194800864665095,1.0986122886681096,-1.097492808581643,-1.0986009618219659,-1.095203999771912,0,0,10
triad_uniform,passive,round_robin,final_truth_probability,higher,10,0.9988848633963133,0.33333333333333337,-0.66555153006298,-0.6666625097520776,-0.6638278323365703,0,0,10
triad_uniform,myopic_voi,round_robin,total_decision_loss,lower,10,1.6470073600000004,2.5,-0.8529926399999997,-1.214184,-0.46567391999999963,1,0,9
triad_uniform,myopic_voi,round_robin,decision_cost,lower,10,0.25,2.5,-2.25,-2.325,-2.2,0,0,10
triad_uniform,myopic_voi,round_robin,movement_cost,lower,10,1.3970073600000004,0.0,1.3970073600000004,1.1108160000000002,1.7093260800000003,10,0,0
triad_uniform,myopic_voi,round_robin,resolution_steps,lower,10,2.0,10.0,-8.0,-8.3,-7.7,0,0,10
triad_uniform,myopic_voi,round_robin,wrong_selection,lower,10,0.0,0.0,0.0,0.0,0.0,0,10,0
triad_uniform,myopic_voi,round_robin,brier_score,lower,10,1.4154871190955675e-05,0.6666666666666667,-0.6666525117954758,-0.6666666655885927,-0.6666257064548221,0,0,10
triad_uniform,myopic_voi,round_robin,log_loss,lower,10,0.0011194800864665095,1.0986122886681096,-1.097492808581643,-1.098601518408226,-1.0956627443723534,0,0,10
triad_uniform,myopic_voi,round_robin,final_truth_probability,higher,10,0.9988848633963133,0.33333333333333337,-0.66555153006298,-0.6666611460551958,-0.6635405879997922,0,0,10
triad_uniform,receding_horizon_voi,round_robin,total_decision_loss,lower,10,1.6470073600000004,1.2224981227631866,0.4245092372368136,0.22587596609144545,0.6288890701016555,9,1,0
triad_uniform,receding_horizon_voi,round_robin,decision_cost,lower,10,0.25,0.35,-0.1,-0.175,-0.025,0,6,4
triad_uniform,receding_horizon_voi,round_robin,movement_cost,lower,10,1.3970073600000004,0.8724981227631867,0.5245092372368136,0.33732501652795593,0.746585162401589,9,1,0
triad_uniform,receding_horizon_voi,round_robin,resolution_steps,lower,10,2.0,2.4,-0.4,-0.7,-0.1,0,6,4
triad_uniform,receding_horizon_voi,round_robin,wrong_selection,lower,10,0.0,0.0,0.0,0.0,0.0,0,10,0
triad_uniform,receding_horizon_voi,round_robin,brier_score,lower,10,1.4154871190955675e-05,2.946660774767336e-05,-1.5311736556717686e-05,-4.6009368296187756e-05,1.2627933768577654e-06,3,1,6
triad_uniform,receding_horizon_voi,round_robin,log_loss,lower,10,0.0011194800864665095,0.0023646268430644103,-0.001245146756597901,-0.0030959300549263198,0.00011627956576937088,3,1,6
triad_uniform,receding_horizon_voi,round_robin,final_truth_probability,higher,10,0.9988848633963133,0.99764372802211,-0.0012411353742032062,-0.0029823139238537326,0.00011697874879491142,3,1,6
triad_uniform,computational_oracle,round_robin,total_decision_loss,lower,10,1.6470073600000004,1.2224981227631866,0.4245092372368136,0.2390848997244852,0.6230069956696555,9,1,0
triad_uniform,computational_oracle,round_robin,decision_cost,lower,10,0.25,0.35,-0.1,-0.175,-0.05,0,6,4
triad_uniform,computational_oracle,round_robin,movement_cost,lower,10,1.3970073600000004,0.8724981227631867,0.5245092372368136,0.34779579503782576,0.7093657674728546,9,1,0
triad_uniform,computational_oracle,round_robin,resolution_steps,lower,10,2.0,2.4,-0.4,-0.7,-0.1,0,6,4
triad_uniform,computational_oracle,round_robin,wrong_selection,lower,10,0.0,0.0,0.0,0.0,0.0,0,10,0
triad_uniform,computational_oracle,round_robin,brier_score,lower,10,1.4154871190955675e-05,2.946660774767336e-05,-1.5311736556717686e-05,-3.878589967662321e-05,1.0692800773614443e-06,3,1,6
triad_uniform,computational_oracle,round_robin,log_loss,lower,10,0.0011194800864665095,0.0023646268430644103,-0.001245146756597901,-0.0029998649418305945,0.00012490364480427065,3,1,6
triad_uniform,computational_oracle,round_robin,final_truth_probability,higher,10,0.9988848633963133,0.99764372802211,-0.0012411353742032062,-0.0030667235091519094,0.00010686201340639151,3,1,6
triad_uniform,passive,myopic_voi,total_decision_loss,lower,10,2.5,2.5,0.0,0.0,0.0,0,10,0
triad_uniform,passive,myopic_voi,decision_cost,lower,10,2.5,2.5,0.0,0.0,0.0,0,10,0
triad_uniform,passive,myopic_voi,movement_cost,lower,10,0.0,0.0,0.0,0.0,0.0,0,10,0
triad_uniform,passive,myopic_voi,resolution_steps,lower,10,10.0,10.0,0.0,0.0,0.0,0,10,0
triad_uniform,passive,myopic_voi,wrong_selection,lower,10,0.0,0.0,0.0,0.0,0.0,0,10,0
triad_uniform,passive,myopic_voi,brier_score,lower,10,0.6666666666666667,0.6666666666666667,0.0,0.0,0.0,0,10,0
triad_uniform,passive,myopic_voi,log_loss,lower,10,1.0986122886681096,1.0986122886681096,0.0,0.0,0.0,0,10,0
triad_uniform,passive,myopic_voi,final_truth_probability,higher,10,0.33333333333333337,0.33333333333333337,0.0,0.0,0.0,0,10,0
triad_uniform,round_robin,myopic_voi,total_decision_loss,lower,10,2.5,1.6470073600000004,0.8529926399999997,0.46567391999999963,1.214184,9,0,1
triad_uniform,round_robin,myopic_voi,decision_cost,lower,10,2.5,0.25,2.25,2.175,2.3131249999999994,10,0,0
triad_uniform,round_robin,myopic_voi,movement_cost,lower,10,0.0,1.3970073600000004,-1.3970073600000004,-1.7093260800000003,-1.1108160000000002,0,0,10
triad_uniform,round_robin,myopic_voi,resolution_steps,lower,10,10.0,2.0,8.0,7.7,8.3,10,0,0
triad_uniform,round_robin,myopic_voi,wrong_selection,lower,10,0.0,0.0,0.0,0.0,0.0,0,10,0
triad_uniform,round_robin,myopic_voi,brier_score,lower,10,0.6666666666666667,1.4154871190955675e-05,0.6666525117954758,0.6666249586944185,0.6666666665990395,10,0,0
triad_uniform,round_robin,myopic_voi,log_loss,lower,10,1.0986122886681096,0.0011194800864665095,1.097492808581643,1.0956687930939863,1.0986010081756692,10,0,0
triad_uniform,round_robin,myopic_voi,final_truth_probability,higher,10,0.33333333333333337,0.9988848633963133,0.66555153006298,0.6635514222492155,0.6666631611643096,10,0,0
triad_uniform,receding_horizon_voi,myopic_voi,total_decision_loss,lower,10,2.5,1.2224981227631866,1.2775018772368134,1.0128970210786947,1.5023046547195746,10,0,0
triad_uniform,receding_horizon_voi,myopic_voi,decision_cost,lower,10,2.5,0.35,2.15,2.025,2.263124999999999,10,0,0
triad_uniform,receding_horizon_voi,myopic_voi,movement_cost,lower,10,0.0,0.8724981227631867,-0.8724981227631867,-0.9626376961287813,-0.763252013707675,0,0,10
triad_uniform,receding_horizon_voi,myopic_voi,resolution_steps,lower,10,10.0,2.4,7.6,7.1,8.0,10,0,0
triad_uniform,receding_horizon_voi,myopic_voi,wrong_selection,lower,10,0.0,0.0,0.0,0.0,0.0,0,10,0
triad_uniform,receding_horizon_voi,myopic_voi,brier_score,lower,10,0.6666666666666667,2.946660774767336e-05,0.666637200058919,0.6666041999426648,0.666665923564622,10,0,0
triad_uniform,receding_horizon_voi,myopic_voi,log_loss,lower,10,1.0986122886681096,0.0023646268430644103,1.0962476618250452,1.0939493787855448,1.0980453088406745,10,0,0
triad_uniform,receding_horizon_voi,myopic_voi,final_truth_probability,higher,10,0.33333333333333337,0.99764372802211,0.6643103946887768,0.6620719103349522,0.6661437706604179,10,0,0
triad_uniform,computational_oracle,myopic_voi,total_decision_loss,lower,10,2.5,1.2224981227631866,1.2775018772368134,1.048484495082603,1.5092873005968133,10,0,0
triad_uniform,computational_oracle,myopic_voi,decision_cost,lower,10,2.5,0.35,2.15,2.025,2.275,10,0,0
triad_uniform,computational_oracle,myopic_voi,movement_cost,lower,10,0.0,0.8724981227631867,-0.8724981227631867,-0.9674643120032121,-0.7636386264925296,0,0,10
triad_uniform,computational_oracle,myopic_voi,resolution_steps,lower,10,10.0,2.4,7.6,7.1,8.1,10,0,0
triad_uniform,computational_oracle,myopic_voi,wrong_selection,lower,10,0.0,0.0,0.0,0.0,0.0,0,10,0
triad_uniform,computational_oracle,myopic_voi,brier_score,lower,10,0.6666666666666667,2.946660774767336e-05,0.666637200058919,0.666601766050518,0.6666622718911194,10,0,0
triad_uniform,computational_oracle,myopic_voi,log_loss,lower,10,1.0986122886681096,0.0023646268430644103,1.0962476618250452,1.0941225252409073,1.098232193065163,10,0,0
triad_uniform,computational_oracle,myopic_voi,final_truth_probability,higher,10,0.33333333333333337,0.99764372802211,0.6643103946887768,0.6619409624399895,0.6661942605719253,10,0,0
near_pair_rare_distractor,round_robin,passive,total_decision_loss,lower,10,2.5,2.4647533440000005,0.03524665599999954,-0.4052751104000006,0.47576842239999967,5,0,5
near_pair_rare_distractor,round_robin,passive,decision_cost,lower,10,2.5,0.375,2.125,2.05,2.2,10,0,0
near_pair_rare_distractor,round_robin,passive,movement_cost,lower,10,0.0,2.089753344000001,-2.089753344000001,-2.455275110400001,-1.7242315776000006,0,0,10
near_pair_rare_distractor,round_robin,passive,resolution_steps,lower,10,10.0,2.5,7.5,7.1,7.8,10,0,0
near_pair_rare_distractor,round_robin,passive,wrong_selection,lower,10,0.0,0.0,0.0,0.0,0.0,0,10,0
near_pair_rare_distractor,round_robin,passive,brier_score,lower,10,0.585,2.0243125658778962e-07,0.5849997975687435,0.5149995179509816,0.7249999890247251,10,0,0
near_pair_rare_distractor,round_robin,passive,log_loss,lower,10,0.9489154358953993,0.00015900082745736943,0.9487564350679417,0.7982013255162218,1.2496475254618016,10,0,0
near_pair_rare_distractor,round_robin,passive,final_truth_probability,higher,10,0.41500000000000004,0.9998410498065432,0.5848410498065432,0.5496803989407546,0.6549265878627025,10,0,0
near_pair_rare_distractor,myopic_voi,passive,total_decision_loss,lower,10,2.5,2.5,0.0,0.0,0.0,0,10,0
near_pair_rare_distractor,myopic_voi,passive,decision_cost,lower,10,2.5,2.5,0.0,0.0,0.0,0,10,0
near_pair_rare_distractor,myopic_voi,passive,movement_cost,lower,10,0.0,0.0,0.0,0.0,0.0,0,10,0
near_pair_rare_distractor,myopic_voi,passive,resolution_steps,lower,10,10.0,10.0,0.0,0.0,0.0,0,10,0
near_pair_rare_distractor,myopic_voi,passive,wrong_selection,lower,10,0.0,0.0,0.0,0.0,0.0,0,10,0
near_pair_rare_distractor,myopic_voi,passive,brier_score,lower,10,0.585,0.585,0.0,0.0,0.0,0,10,0
near_pair_rare_distractor,myopic_voi,passive,log_loss,lower,10,0.9489154358953993,0.9489154358953993,0.0,0.0,0.0,0,10,0
near_pair_rare_distractor,myopic_voi,passive,final_truth_probability,higher,10,0.41500000000000004,0.41500000000000004,0.0,0.0,0.0,0,10,0
near_pair_rare_distractor,receding_horizon_voi,passive,total_decision_loss,lower,10,2.5,1.8429131469787834,0.6570868530212165,0.38453483513060976,0.9460208230190421,9,0,1
near_pair_rare_distractor,receding_horizon_voi,passive,decision_cost,lower,10,2.5,0.525,1.975,1.825,2.1131249999999993,10,0,0
near_pair_rare_distractor,receding_horizon_voi,passive,movement_cost,lower,10,0.0,1.3179131469787835,-1.3179131469787835,-1.5265936504054392,-1.1315397359145218,0,0,10
near_pair_rare_distractor,receding_horizon_voi,passive,resolution_steps,lower,10,10.0,3.1,6.9,6.4,7.5,10,0,0
near_pair_rare_distractor,receding_horizon_voi,passive,wrong_selection,lower,10,0.0,0.0,0.0,0.0,0.0,0,10,0
near_pair_rare_distractor,receding_horizon_voi,passive,brier_score,lower,10,0.585,5.667601160217801e-06,0.5849943323988398,0.514988576780252,0.7249984138508768,10,0,0
near_pair_rare_distractor,receding_horizon_voi,passive,log_loss,lower,10,0.9489154358953993,0.0009898858753117075,0.9479255500200873,0.796731866365502,1.2493653359463237,10,0,0
near_pair_rare_distractor,receding_horizon_voi,passive,final_truth_probability,higher,10,0.41500000000000004,0.9990115640648675,0.5840115640648674,0.5482199864403027,0.6542692162351902,10,0,0
near_pair_rare_distractor,computational_oracle,passive,total_decision_loss,lower,10,2.5,1.0312101555200002,1.4687898444799998,1.3769064089599998,1.5539176787839997,10,0,0
near_pair_rare_distractor,computational_oracle,passive,decision_cost,lower,10,2.5,0.575,1.925,1.85,1.9881249999999995,10,0,0
near_pair_rare_distractor,computational_oracle,passive,movement_cost,lower,10,0.0,0.45621015552,-0.45621015552,-0.48317359104,-0.42706234368,0,0,10
near_pair_rare_distractor,computational_oracle,passive,resolution_steps,lower,10,10.0,3.3,6.7,6.4,6.9,10,0,0
near_pair_rare_distractor,computational_oracle,passive,wrong_selection,lower,10,0.0,0.0,0.0,0.0,0.0,0,10,0
near_pair_rare_distractor,computational_oracle,passive,brier_score,lower,10,0.585,1.4774695367051344e-05,0.584985225304633,0.5149718381387043,0.724993095982154,10,0,0
near_pair_rare_distractor,computational_oracle,passive,log_loss,lower,10,0.9489154358953993,0.0016376950437818338,0.9472777408516173,0.7954145685412135,1.249269905868963,10,0,0
near_pair_rare_distractor,computational_oracle,passive,final_truth_probability,higher,10,0.41500000000000004,0.998366014426195,0.583366014426195,0.547217035871293,0.6541160042669748,10,0,0
near_pair_rare_distractor,passive,round_robin,total_decision_loss,lower,10,2.4647533440000005,2.5,-0.03524665599999954,-0.47576842239999967,0.4052751104000006,5,0,5
near_pair_rare_distractor,passive,round_robin,decision_cost,lower,10,0.375,2.5,-2.125,-2.2,-2.05,0,0,10
near_pair_rare_distractor,passive,round_robin,movement_cost,lower,10,2.089753344000001,0.0,2.089753344000001,1.7242315776000006,2.455275110400001,10,0,0
near_pair_rare_distractor,passive,round_robin,resolution_steps,lower,10,2.5,10.0,-7.5,-7.8,-7.2,0,0,10
near_pair_rare_distractor,passive,round_robin,wrong_selection,lower,10,0.0,0.0,0.0,0.0,0.0,0,10,0
near_pair_rare_distractor,passive,round_robin,brier_score,lower,10,2.0243125658778962e-07,0.585,-0.5849997975687435,-0.7249999528574338,-0.5149994978705049,0,0,10
near_pair_rare_distractor,passive,round_robin,log_loss,lower,10,0.00015900082745736943,0.9489154358953993,-0.9487564350679417,-1.249675295185771,-0.7982192885389993,0,0,10
near_pair_rare_distractor,passive,round_robin,final_truth_probability,higher,10,0.9998410498065432,0.41500000000000004,-0.5848410498065432,-0.6548930314742234,-0.5497039532472163,0,0,10
near_pair_rare_distractor,myopic_voi,round_robin,total_decision_loss,lower,10,2.4647533440000005,2.5,-0.03524665599999954,-0.47576842239999967,0.4052751104000006,5,0,5
near_pair_rare_distractor,myopic_voi,round_robin,decision_cost,lower,10,0.375,2.5,-2.125,-2.2,-2.05,0,0,10
near_pair_rare_distractor,myopic_voi,round_robin,movement_cost,lower,10,2.089753344000001,0.0,2.089753344000001,1.7242315776000006,2.455275110400001,10,0,0
near_pair_rare_distractor,myopic_voi,round_robin,resolution_steps,lower,10,2.5,10.0,-7.5,-7.8,-7.2,0,0,10
near_pair_rare_distractor,myopic_voi,round_robin,wrong_selection,lower,10,0.0,0.0,0.0,0.0,0.0,0,10,0
near_pair_rare_distractor,myopic_voi,round_robin,brier_score,lower,10,2.0243125658778962e-07,0.585,-0.5849997975687435,-0.724999965900134,-0.5149995419242237,0,0,10
near_pair_rare_distractor,myopic_voi,round_robin,log_loss,lower,10,0.00015900082745736943,0.9489154358953993,-0.9487564350679417,-1.2496611336992947,-0.7981774719177731,0,0,10
near_pair_rare_distractor,myopic_voi,round_robin,final_truth_probability,higher,10,0.9998410498065432,0.41500000000000004,-0.5848410498065432,-0.654940457677416,-0.5496970969167769,0,0,10
near_pair_rare_distractor,receding_horizon_voi,round_robin,total_decision_loss,lower,10,2.4647533440000005,1.8429131469787834,0.6218401970212171,0.3584417474997287,0.8869907167442768,9,1,0
near_pair_rare_distractor,receding_horizon_voi,round_robin,decision_cost,lower,10,0.375,0.525,-0.15,-0.25,-0.05,0,5,5
near_pair_rare_distractor,receding_horizon_voi,round_robin,movement_cost,lower,10,2.089753344000001,1.3179131469787835,0.771840197021217,0.46309898390529186,1.0838785617966389,9,1,0
near_pair_rare_distractor,receding_horizon_voi,round_robin,resolution_steps,lower,10,2.5,3.1,-0.6,-1.0,-0.2,0,5,5
near_pair_rare_distractor,receding_horizon_voi,round_robin,wrong_selection,lower,10,0.0,0.0,0.0,0.0,0.0,0,10,0
near_pair_rare_distractor,receding_horizon_voi,round_robin,brier_score,lower,10,2.0243125658778962e-07,5.667601160217801e-06,-5.465169903630012e-06,-1.286926639563642e-05,-7.001762447759194e-07,1,1,8
near_pair_rare_distractor,receding_horizon_voi,round_robin,log_loss,lower,10,0.00015900082745736943,0.0009898858753117075,-0.000830885047854338,-0.0017689637722488848,-0.00018077013920480948,1,1,8
near_pair_rare_distractor,receding_horizon_voi,round_robin,final_truth_probability,higher,10,0.9998410498065432,0.9990115640648675,-0.0008294857416757395,-0.0017546793310300173,-0.0001235724796200472,1,1,8
near_pair_rare_distractor,computational_oracle,round_robin,total_decision_loss,lower,10,2.4647533440000005,1.0312101555200002,1.4335431884800003,0.9436616102400003,1.9014845560960005,10,0,0
near_pair_rare_distractor,computational_oracle,round_robin,decision_cost,lower,10,0.375,0.575,-0.2,-0.325,-0.075,0,4,6
near_pair_rare_distractor,computational_oracle,round_robin,movement_cost,lower,10,2.089753344000001,0.45621015552,1.6335431884800002,1.2483802114560003,2.009144954880001,10,0,0
near_pair_rare_distractor,computational_oracle,round_robin,resolution_steps,lower,10,2.5,3.3,-0.8,-1.2,-0.4,0,4,6
near_pair_rare_distractor,computational_oracle,round_robin,wrong_selection,lower,10,0.0,0.0,0.0,0.0,0.0,0,10,0
near_pair_rare_distractor,computational_oracle,round_robin,brier_score,lower,10,2.0243125658778962e-07,1.4774695367051344e-05,-1.4572264110463553e-05,-2.8839295829089635e-05,-8.696837044180935e-07,2,0,8
near_pair_rare_distractor,computational_oracle,round_robin,log_loss,lower,10,0.00015900082745736943,0.0016376950437818338,-0.0014786942163244644,-0.0028846183038161275,-0.00013438739377931688,2,0,8
near_pair_rare_distractor,computational_oracle,round_robin,final_truth_probability,higher,10,0.9998410498065432,0.998366014426195,-0.0014750353803481553,-0.0030558538118684734,-0.0001660830406848026,2,0,8
near_pair_rare_distractor,passive,myopic_voi,total_decision_loss,lower,10,2.5,2.5,0.0,0.0,0.0,0,10,0
near_pair_rare_distractor,passive,myopic_voi,decision_cost,lower,10,2.5,2.5,0.0,0.0,0.0,0,10,0
near_pair_rare_distractor,passive,myopic_voi,movement_cost,lower,10,0.0,0.0,0.0,0.0,0.0,0,10,0
near_pair_rare_distractor,passive,myopic_voi,resolution_steps,lower,10,10.0,10.0,0.0,0.0,0.0,0,10,0
near_pair_rare_distractor,passive,myopic_voi,wrong_selection,lower,10,0.0,0.0,0.0,0.0,0.0,0,10,0
near_pair_rare_distractor,passive,myopic_voi,brier_score,lower,10,0.585,0.585,0.0,0.0,0.0,0,10,0
near_pair_rare_distractor,passive,myopic_voi,log_loss,lower,10,0.9489154358953993,0.9489154358953993,0.0,0.0,0.0,0,10,0
near_pair_rare_distractor,passive,myopic_voi,final_truth_probability,higher,10,0.41500000000000004,0.41500000000000004,0.0,0.0,0.0,0,10,0
near_pair_rare_distractor,round_robin,myopic_voi,total_decision_loss,lower,10,2.5,2.4647533440000005,0.03524665599999954,-0.4052751104000006,0.47576842239999967,5,0,5
near_pair_rare_distractor,round_robin,myopic_voi,decision_cost,lower,10,2.5,0.375,2.125,2.05,2.2,10,0,0
near_pair_rare_distractor,round_robin,myopic_voi,movement_cost,lower,10,0.0,2.089753344000001,-2.089753344000001,-2.455275110400001,-1.7242315776000006,0,0,10
near_pair_rare_distractor,round_robin,myopic_voi,resolution_steps,lower,10,10.0,2.5,7.5,7.2,7.8,10,0,0
near_pair_rare_distractor,round_robin,myopic_voi,wrong_selection,lower,10,0.0,0.0,0.0,0.0,0.0,0,10,0
near_pair_rare_distractor,round_robin,myopic_voi,brier_score,lower,10,0.585,2.0243125658778962e-07,0.5849997975687435,0.5149995060981675,0.7249999570570872,10,0,0
near_pair_rare_distractor,round_robin,myopic_voi,log_loss,lower,10,0.9489154358953993,0.00015900082745736943,0.9487564350679417,0.798170945105656,1.249719527648905,10,0,0
near_pair_rare_distractor,round_robin,myopic_voi,final_truth_probability,higher,10,0.41500000000000004,0.9998410498065432,0.5848410498065432,0.5496459779874506,0.6549137236487599,10,0,0
near_pair_rare_distractor,receding_horizon_voi,myopic_voi,total_decision_loss,lower,10,2.5,1.8429131469787834,0.6570868530212165,0.3603481337054871,0.9387214957095276,9,0,1
near_pair_rare_distractor,receding_horizon_voi,myopic_voi,decision_cost,lower,10,2.5,0.525,1.975,1.8,2.125,10,0,0
near_pair_rare_distractor,receding_horizon_voi,myopic_voi,movement_cost,lower,10,0.0,1.3179131469787835,-1.3179131469787835,-1.487724579214736,-1.1311857297430525,0,0,10
near_pair_rare_distractor,receding_horizon_voi,myopic_voi,resolution_steps,lower,10,10.0,3.1,6.9,6.3,7.4,10,0,0
near_pair_rare_distractor,receding_horizon_voi,myopic_voi,wrong_selection,lower,10,0.0,0.0,0.0,0.0,0.0,0,10,0
near_pair_rare_distractor,receding_horizon_voi,myopic_voi,brier_score,lower,10,0.585,5.667601160217801e-06,0.5849943323988398,0.5149873733635256,0.7249984519482232,10,0,0
near_pair_rare_distractor,receding_horizon_voi,myopic_voi,log_loss,lower,10,0.9489154358953993,0.0009898858753117075,0.9479255500200873,0.7966660618685694,1.2493410731922039,10,0,0
near_pair_rare_distractor,receding_horizon_voi,myopic_voi,final_truth_probability,higher,10,0.41500000000000004,0.9990115640648675,0.5840115640648674,0.5482358544332508,0.6545803511737153,10,0,0
near_pair_rare_distractor,computational_oracle,myopic_voi,total_decision_loss,lower,10,2.5,1.0312101555200002,1.4687898444799998,1.37690640896,1.55692546816,10,0,0
near_pair_rare_distractor,computational_oracle,myopic_voi,decision_cost,lower,10,2.5,0.575,1.925,1.85,2.0,10,0,0
near_pair_rare_distractor,computational_oracle,myopic_voi,movement_cost,lower,10,0.0,0.45621015552,-0.45621015552,-0.48426577919999997,-0.42706234368,0,0,10
near_pair_rare_distractor,computational_oracle,myopic_voi,resolution_steps,lower,10,10.0,3.3,6.7,6.4,7.0,10,0,0
near_pair_rare_distractor,computational_oracle,myopic_voi,wrong_selection,lower,10,0.0,0.0,0.0,0.0,0.0,0,10,0
near_pair_rare_distractor,computational_oracle,myopic_voi,brier_score,lower,10,0.585,1.4774695367051344e-05,0.584985225304633,0.5149687960770368,0.7249931976796974,10,0,0
near_pair_rare_distractor,computational_oracle,myopic_voi,log_loss,lower,10,0.9489154358953993,0.0016376950437818338,0.9472777408516173,0.7957747055873158,1.2485707798030512,10,0,0
near_pair_rare_distractor,computational_oracle,myopic_voi,final_truth_probability,higher,10,0.41500000000000004,0.998366014426195,0.583366014426195,0.5471611445245224,0.6541877625983704,10,0,0
asymmetric_transit,round_robin,passive,total_decision_loss,lower,10,2.5,1.9960866176000003,0.5039133823999997,0.19218174719999978,0.6597791999999998,9,0,1
asymmetric_transit,round_robin,passive,decision_cost,lower,10,2.5,0.275,2.225,2.175,2.25,10,0,0
asymmetric_transit,round_robin,passive,movement_cost,lower,10,0.0,1.7210866176000004,-1.7210866176000004,-1.9828182528000007,-1.5902208000000004,0,0,10
asymmetric_transit,round_robin,passive,resolution_steps,lower,10,10.0,2.1,7.9,7.7,8.0,10,0,0
asymmetric_transit,round_robin,passive,wrong_selection,lower,10,0.0,0.0,0.0,0.0,0.0,0,10,0
asymmetric_transit,round_robin,passive,brier_score,lower,10,0.5849999999999997,1.5283074665017777e-06,0.5849984716925335,0.45499847197921367,0.7349970197404151,10,0,0
asymmetric_transit,round_robin,passive,log_loss,lower,10,0.956214438568032,0.0002828635547797268,0.9559315750132523,0.7644791383389229,1.1797655652928618,10,0,0
asymmetric_transit,round_robin,passive,final_truth_probability,higher,10,0.40499999999999997,0.9997175192287096,0.5947175192287094,0.529996954327757,0.6649884887481331,10,0,0
asymmetric_transit,myopic_voi,passive,total_decision_loss,lower,10,2.5,2.5,0.0,0.0,0.0,0,10,0
asymmetric_transit,myopic_voi,passive,decision_cost,lower,10,2.5,2.5,0.0,0.0,0.0,0,10,0
asymmetric_transit,myopic_voi,passive,movement_cost,lower,10,0.0,0.0,0.0,0.0,0.0,0,10,0
asymmetric_transit,myopic_voi,passive,resolution_steps,lower,10,10.0,10.0,0.0,0.0,0.0,0,10,0
asymmetric_transit,myopic_voi,passive,wrong_selection,lower,10,0.0,0.0,0.0,0.0,0.0,0,10,0
asymmetric_transit,myopic_voi,passive,brier_score,lower,10,0.5849999999999997,0.5849999999999997,0.0,0.0,0.0,0,10,0
asymmetric_transit,myopic_voi,passive,log_loss,lower,10,0.956214438568032,0.956214438568032,0.0,0.0,0.0,0,10,0
asymmetric_transit,myopic_voi,passive,final_truth_probability,higher,10,0.40499999999999997,0.40499999999999997,0.0,0.0,0.0,0,10,0
asymmetric_transit,receding_horizon_voi,passive,total_decision_loss,lower,10,2.5,1.419076301298514,1.080923698701486,0.8662705979458885,1.2612939575306985,10,0,0
asymmetric_transit,receding_horizon_voi,passive,decision_cost,lower,10,2.5,0.425,2.075,1.95,2.175,10,0,0
asymmetric_transit,receding_horizon_voi,passive,movement_cost,lower,10,0.0,0.9940763012985141,-0.9940763012985141,-1.0831489130265668,-0.9142968841293412,0,0,10
asymmetric_transit,receding_horizon_voi,passive,resolution_steps,lower,10,10.0,2.7,7.3,6.8,7.752499999999998,10,0,0
asymmetric_transit,receding_horizon_voi,passive,wrong_selection,lower,10,0.0,0.0,0.0,0.0,0.0,0,10,0
asymmetric_transit,receding_horizon_voi,passive,brier_score,lower,10,0.5849999999999997,1.008110277243277e-05,0.5849899188972275,0.4549931340839902,0.7149894610463986,10,0,0
asymmetric_transit,receding_horizon_voi,passive,log_loss,lower,10,0.956214438568032,0.001360231345731878,0.9548542072223001,0.764039101110646,1.196156264248517,10,0,0
asymmetric_transit,receding_horizon_voi,passive,final_truth_probability,higher,10,0.40499999999999997,0.9986425865044763,0.5936425865044762,0.5295473435570232,0.6671130373958676,10,0,0
asymmetric_transit,computational_oracle,passive,total_decision_loss,lower,10,2.5,1.419076301298514,1.080923698701486,0.8614933232461341,1.2978934501403667,10,0,0
asymmetric_transit,computational_oracle,passive,decision_cost,lower,10,2.5,0.425,2.075,1.95,2.2,10,0,0
asymmetric_transit,computational_oracle,passive,movement_cost,lower,10,0.0,0.9940763012985141,-0.9940763012985141,-1.0832276398137952,-0.9109992762144764,0,0,10
asymmetric_transit,computational_oracle,passive,resolution_steps,lower,10,10.0,2.7,7.3,6.9,7.752499999999998,10,0,0
asymmetric_transit,computational_oracle,passive,wrong_selection,lower,10,0.0,0.0,0.0,0.0,0.0,0,10,0
asymmetric_transit,computational_oracle,passive,brier_score,lower,10,0.5849999999999997,1.008110277243277e-05,0.5849899188972275,0.4549879605826587,0.7249932429884673,10,0,0
asymmetric_transit,computational_oracle,passive,log_loss,lower,10,0.956214438568032,0.001360231345731878,0.9548542072223001,0.7634462446657672,1.1960866746975514,10,0,0
asymmetric_transit,computational_oracle,passive,final_truth_probability,higher,10,0.40499999999999997,0.9986425865044763,0.5936425865044762,0.529141185317883,0.6647317440847897,10,0,0
asymmetric_transit,passive,round_robin,total_decision_loss,lower,10,1.9960866176000003,2.5,-0.5039133823999997,-0.6597791999999998,-0.19218174719999978,1,0,9
asymmetric_transit,passive,round_robin,decision_cost,lower,10,0.275,2.5,-2.225,-2.25,-2.175,0,0,10
asymmetric_transit,passive,round_robin,movement_cost,lower,10,1.7210866176000004,0.0,1.7210866176000004,1.5902208000000004,1.9828182528000007,10,0,0
asymmetric_transit,passive,round_robin,resolution_steps,lower,10,2.1,10.0,-7.9,-8.0,-7.7,0,0,10
asymmetric_transit,passive,round_robin,wrong_selection,lower,10,0.0,0.0,0.0,0.0,0.0,0,10,0
asymmetric_transit,passive,round_robin,brier_score,lower,10,1.5283074665017777e-06,0.5849999999999997,-0.5849984716925335,-0.7354991971243576,-0.4597499999101964,0,0,10
asymmetric_transit,passive,round_robin,log_loss,lower,10,0.0002828635547797268,0.956214438568032,-0.9559315750132523,-1.2323868606095245,-0.7644808318571905,0,0,10
asymmetric_transit,passive,round_robin,final_truth_probability,higher,10,0.9997175192287096,0.40499999999999997,-0.5947175192287094,-0.664712804290324,-0.5444444032405257,0,0,10
asymmetric_transit,myopic_voi,round_robin,total_decision_loss,lower,10,1.9960866176000003,2.5,-0.5039133823999997,-0.6597791999999998,-0.19218174719999978,1,0,9
asymmetric_transit,myopic_voi,round_robin,decision_cost,lower,10,0.275,2.5,-2.225,-2.25,-2.175,0,0,10
asymmetric_transit,myopic_voi,round_robin,movement_cost,lower,10,1.7210866176000004,0.0,1.7210866176000004,1.5902208000000004,1.9828182528000005,10,0,0
asymmetric_transit,myopic_voi,round_robin,resolution_steps,lower,10,2.1,10.0,-7.9,-8.0,-7.7,0,0,10
asymmetric_transit,myopic_voi,round_robin,wrong_selection,lower,10,0.0,0.0,0.0,0.0,0.0,0,10,0
asymmetric_transit,myopic_voi,round_robin,brier_score,lower,10,1.5283074665017777e-06,0.5849999999999997,-0.5849984716925335,-0.7349984711991076,-0.45499999989245465,0,0,10
asymmetric_transit,myopic_voi,round_robin,log_loss,lower,10,0.0002828635547797268,0.956214438568032,-0.9559315750132523,-1.1967195462099798,-0.7995953603904443,0,0,10
asymmetric_transit,myopic_voi,round_robin,final_truth_probability,higher,10,0.9997175192287096,0.40499999999999997,-0.5947175192287094,-0.6649858208546635,-0.5299954466627071,0,0,10
asymmetric_transit,receding_horizon_voi,round_robin,total_decision_loss,lower,10,1.9960866176000003,1.419076301298514,0.5770103163014861,0.332220778224591,0.8043002591124836,9,0,1
asymmetric_transit,receding_horizon_voi,round_robin,decision_cost,lower,10,0.275,0.425,-0.15,-0.25,-0.05,0,5,5
asymmetric_transit,receding_horizon_voi,round_robin,movement_cost,lower,10,1.7210866176000004,0.9940763012985141,0.727010316301486,0.5726258212852227,0.9697674960320666,10,0,0
asymmetric_transit,receding_horizon_voi,round_robin,resolution_steps,lower,10,2.1,2.7,-0.6,-1.1,-0.24750000000000227,0,5,5
asymmetric_transit,receding_horizon_voi,round_robin,wrong_selection,lower,10,0.0,0.0,0.0,0.0,0.0,0,10,0
asymmetric_transit,receding_horizon_voi,round_robin,brier_score,lower,10,1.5283074665017777e-06,1.008110277243277e-05,-8.55279530593099e-06,-1.7043197357454885e-05,-1.1424024073052182e-07,2,0,8
asymmetric_transit,receding_horizon_voi,round_robin,log_loss,lower,10,0.0002828635547797268,0.001360231345731878,-0.001077367790952151,-0.002187612403444216,-0.00014380910039948943,2,0,8
asymmetric_transit,receding_horizon_voi,round_robin,final_truth_probability,higher,10,0.9997175192287096,0.9986425865044763,-0.0010749327242333684,-0.0021893317522943493,-0.00019380680696779882,2,0,8
asymmetric_transit,computational_oracle,round_robin,total_decision_loss,lower,10,1.9960866176000003,1.419076301298514,0.5770103163014861,0.33463229786755433,0.8496887440650084,9,0,1
asymmetric_transit,computational_oracle,round_robin,decision_cost,lower,10,0.275,0.425,-0.15,-0.25,-0.05,0,5,5
asymmetric_transit,computational_oracle,round_robin,movement_cost,lower,10,1.7210866176000004,0.9940763012985141,0.727010316301486,0.5719727857662319,0.9731929351076671,10,0,0
asymmetric_transit,computational_oracle,round_robin,resolution_steps,lower,10,2.1,2.7,-0.6,-1.1,-0.2,0,5,5
asymmetric_transit,computational_oracle,round_robin,wrong_selection,lower,10,0.0,0.0,0.0,0.0,0.0,0,10,0
asymmetric_transit,computational_oracle,round_robin,brier_score,lower,10,1.5283074665017777e-06,1.008110277243277e-05,-8.55279530593099e-06,-1.804017769412886e-05,-8.944868231052526e-08,2,0,8
asymmetric_transit,computational_oracle,round_robin,log_loss,lower,10,0.0002828635547797268,0.001360231345731878,-0.001077367790952151,-0.0021508823884650564,-0.0002086928319386105,2,0,8
asymmetric_transit,computational_oracle,round_robin,final_truth_probability,higher,10,0.9997175192287096,0.9986425865044763,-0.0010749327242333684,-0.0021951496625360794,-0.00015635785029296116,2,0,8
asymmetric_transit,passive,myopic_voi,total_decision_loss,lower,10,2.5,2.5,0.0,0.0,0.0,0,10,0
asymmetric_transit,passive,myopic_voi,decision_cost,lower,10,2.5,2.5,0.0,0.0,0.0,0,10,0
asymmetric_transit,passive,myopic_voi,movement_cost,lower,10,0.0,0.0,0.0,0.0,0.0,0,10,0
asymmetric_transit,passive,myopic_voi,resolution_steps,lower,10,10.0,10.0,0.0,0.0,0.0,0,10,0
asymmetric_transit,passive,myopic_voi,wrong_selection,lower,10,0.0,0.0,0.0,0.0,0.0,0,10,0
asymmetric_transit,passive,myopic_voi,brier_score,lower,10,0.5849999999999997,0.5849999999999997,0.0,0.0,0.0,0,10,0
asymmetric_transit,passive,myopic_voi,log_loss,lower,10,0.956214438568032,0.956214438568032,0.0,0.0,0.0,0,10,0
asymmetric_transit,passive,myopic_voi,final_truth_probability,higher,10,0.40499999999999997,0.40499999999999997,0.0,0.0,0.0,0,10,0
asymmetric_transit,round_robin,myopic_voi,total_decision_loss,lower,10,2.5,1.9960866176000003,0.5039133823999997,0.19218174719999978,0.6597791999999998,9,0,1
asymmetric_transit,round_robin,myopic_voi,decision_cost,lower,10,2.5,0.275,2.225,2.175,2.25,10,0,0
asymmetric_transit,round_robin,myopic_voi,movement_cost,lower,10,0.0,1.7210866176000004,-1.7210866176000004,-1.9828182528000005,-1.5902208000000004,0,0,10
asymmetric_transit,round_robin,myopic_voi,resolution_steps,lower,10,10.0,2.1,7.9,7.6,8.0,10,0,0
asymmetric_transit,round_robin,myopic_voi,wrong_selection,lower,10,0.0,0.0,0.0,0.0,0.0,0,10,0
asymmetric_transit,round_robin,myopic_voi,brier_score,lower,10,0.5849999999999997,1.5283074665017777e-06,0.5849984716925335,0.45499999994006285,0.7149969433891544,10,0,0
asymmetric_transit,round_robin,myopic_voi,log_loss,lower,10,0.956214438568032,0.0002828635547797268,0.9559315750132523,0.7995938151675277,1.204027729224493,10,0,0
asymmetric_transit,round_robin,myopic_voi,final_truth_probability,higher,10,0.40499999999999997,0.9997175192287096,0.5947175192287094,0.5299958302865593,0.6721797972577838,10,0,0
asymmetric_transit,receding_horizon_voi,myopic_voi,total_decision_loss,lower,10,2.5,1.419076301298514,1.080923698701486,0.9021279756168432,1.2945274680707686,10,0,0
asymmetric_transit,receding_horizon_voi,myopic_voi,decision_cost,lower,10,2.5,0.425,2.075,1.95,2.2,10,0,0
asymmetric_transit,receding_horizon_voi,myopic_voi,movement_cost,lower,10,0.0,0.9940763012985141,-0.9940763012985141,-1.0828536664147048,-0.905406894627447,0,0,10
asymmetric_transit,receding_horizon_voi,myopic_voi,resolution_steps,lower,10,10.0,2.7,7.3,6.8,7.8,10,0,0
asymmetric_transit,receding_horizon_voi,myopic_voi,wrong_selection,lower,10,0.0,0.0,0.0,0.0,0.0,0,10,0
asymmetric_transit,receding_horizon_voi,myopic_voi,brier_score,lower,10,0.5849999999999997,1.008110277243277e-05,0.5849899188972275,0.4549912039495696,0.7402383408355341,10,0,0
asymmetric_transit,receding_horizon_voi,myopic_voi,log_loss,lower,10,0.956214438568032,0.001360231345731878,0.9548542072223001,0.7636554772738078,1.2145573197127004,10,0,0
asymmetric_transit,receding_horizon_voi,myopic_voi,final_truth_probability,higher,10,0.40499999999999997,0.9986425865044763,0.5936425865044762,0.5314359584328262,0.6642985081943009,10,0,0
asymmetric_transit,computational_oracle,myopic_voi,total_decision_loss,lower,10,2.5,1.419076301298514,1.080923698701486,0.8411988577321496,1.2975851140430612,10,0,0
asymmetric_transit,computational_oracle,myopic_voi,decision_cost,lower,10,2.5,0.425,2.075,1.95,2.1881249999999994,10,0,0
asymmetric_transit,computational_oracle,myopic_voi,movement_cost,lower,10,0.0,0.9940763012985141,-0.9940763012985141,-1.0826075241763506,-0.905406894627447,0,0,10
asymmetric_transit,computational_oracle,myopic_voi,resolution_steps,lower,10,10.0,2.7,7.3,6.8,7.8,10,0,0
asymmetric_transit,computational_oracle,myopic_voi,wrong_selection,lower,10,0.0,0.0,0.0,0.0,0.0,0,10,0
asymmetric_transit,computational_oracle,myopic_voi,brier_score,lower,10,0.5849999999999997,1.008110277243277e-05,0.5849899188972275,0.4549950011142196,0.7249910109145198,10,0,0
asymmetric_transit,computational_oracle,myopic_voi,log_loss,lower,10,0.956214438568032,0.001360231345731878,0.9548542072223001,0.7635572828773554,1.1603026762533148,10,0,0
asymmetric_transit,computational_oracle,myopic_voi,final_truth_probability,higher,10,0.40499999999999997,0.9986425865044763,0.5936425865044762,0.5294034268029745,0.6636759741326086,10,0,0
four_mode_cross,round_robin,passive,total_decision_loss,lower,10,2.5,1.8773909887999998,0.6226090111999997,0.3289278335999996,0.7694495999999997,9,0,1
four_mode_cross,round_robin,passive,decision_cost,lower,10,2.5,0.275,2.225,2.175,2.25,10,0,0
four_mode_cross,round_robin,passive,movement_cost,lower,10,0.0,1.6023909888000003,-1.6023909888000003,-1.8460721664000004,-1.4805504000000003,0,0,10
four_mode_cross,round_robin,passive,resolution_steps,lower,10,10.0,2.1,7.9,7.7,8.0,10,0,0
four_mode_cross,round_robin,passive,wrong_selection,lower,10,0.0,0.0,0.0,0.0,0.0,0,10,0
four_mode_cross,round_robin,passive,brier_score,lower,10,0.75,8.284041049406347e-06,0.7499917159589505,0.749975969174747,0.7499999931732179,10,0,0
four_mode_cross,round_robin,passive,log_loss,lower,10,1.3862943611198906,0.0008493589172018142,1.3854450022026887,1.3841201339157034,1.38626039067834,10,0,0
four_mode_cross,round_robin,passive,final_truth_probability,higher,10,0.25,0.9991527247423171,0.7491527247423173,0.7479130781684321,0.7499563544056402,10,0,0
four_mode_cross,myopic_voi,passive,total_decision_loss,lower,10,2.5,2.5,0.0,0.0,0.0,0,10,0
four_mode_cross,myopic_voi,passive,decision_cost,lower,10,2.5,2.5,0.0,0.0,0.0,0,10,0
four_mode_cross,myopic_voi,passive,movement_cost,lower,10,0.0,0.0,0.0,0.0,0.0,0,10,0
four_mode_cross,myopic_voi,passive,resolution_steps,lower,10,10.0,10.0,0.0,0.0,0.0,0,10,0
four_mode_cross,myopic_voi,passive,wrong_selection,lower,10,0.0,0.0,0.0,0.0,0.0,0,10,0
four_mode_cross,myopic_voi,passive,brier_score,lower,10,0.75,0.75,0.0,0.0,0.0,0,10,0
four_mode_cross,myopic_voi,passive,log_loss,lower,10,1.3862943611198906,1.3862943611198906,0.0,0.0,0.0,0,10,0
four_mode_cross,myopic_voi,passive,final_truth_probability,higher,10,0.25,0.25,0.0,0.0,0.0,0,10,0
four_mode_cross,receding_horizon_voi,passive,total_decision_loss,lower,10,2.5,1.406613446137903,1.0933865538620968,0.8389954245041129,1.274045430708471,10,0,0
four_mode_cross,receding_horizon_voi,passive,decision_cost,lower,10,2.5,0.4,2.1,1.95,2.225,10,0,0
four_mode_cross,receding_horizon_voi,passive,movement_cost,lower,10,0.0,1.0066134461379028,-1.0066134461379028,-1.105089096870502,-0.9197927983425795,0,0,10
four_mode_cross,receding_horizon_voi,passive,resolution_steps,lower,10,10.0,2.6,7.4,6.7,7.8,10,0,0
four_mode_cross,receding_horizon_voi,passive,wrong_selection,lower,10,0.0,0.0,0.0,0.0,0.0,0,10,0
four_mode_cross,receding_horizon_voi,passive,brier_score,lower,10,0.75,3.0048500255607637e-05,0.7499699514997444,0.749931597808583,0.749998741023428,10,0,0
four_mode_cross,receding_horizon_voi,passive,log_loss,lower,10,1.3862943611198906,0.002094761638531248,1.3841995994813594,1.3816385699274454,1.3860246435492156,10,0,0
four_mode_cross,receding_horizon_voi,passive,final_truth_probability,higher,10,0.25,0.9979136741058516,0.7479136741058516,0.7455585309902025,0.7498054162286556,10,0,0
four_mode_cross,computational_oracle,passive,total_decision_loss,lower,10,2.5,1.4763070465613277,1.0236929534386723,0.7703562542094519,1.2281435427084708,10,0,0
four_mode_cross,computational_oracle,passive,decision_cost,lower,10,2.5,0.45,2.05,1.9,2.15,10,0,0
four_mode_cross,computational_oracle,passive,movement_cost,lower,10,0.0,1.0263070465613278,-1.0263070465613278,-1.1236743079629954,-0.9394863987660041,0,0,10
four_mode_cross,computational_oracle,passive,resolution_steps,lower,10,10.0,2.8,7.2,6.7,7.7,10,0,0
four_mode_cross,computational_oracle,passive,wrong_selection,lower,10,0.0,0.0,0.0,0.0,0.0,0,10,0
four_mode_cross,computational_oracle,passive,brier_score,lower,10,0.75,1.2743363192475e-06,0.7499987256636808,0.7499962010400473,0.7499999995687773,10,0,0
four_mode_cross,computational_oracle,passive,log_loss,lower,10,1.3862943611198906,0.00029027094030239684,1.3860040901795883,1.3854733911381518,1.3862877959808722,10,0,0
four_mode_cross,computational_oracle,passive,final_truth_probability,higher,10,0.25,0.9997100513463121,0.7497100513463122,0.7491825311205259,0.7499917344018646,10,0,0
four_mode_cross,passive,round_robin,total_decision_loss,lower,10,1.8773909887999998,2.5,-0.6226090111999997,-0.7694495999999997,-0.3289278335999996,1,0,9
four_mode_cross,passive,round_robin,decision_cost,lower,10,0.275,2.5,-2.225,-2.25,-2.175,0,0,10
four_mode_cross,passive,round_robin,movement_cost,lower,10,1.6023909888000003,0.0,1.6023909888000003,1.4805504000000003,1.8460721664000004,10,0,0
four_mode_cross,passive,round_robin,resolution_steps,lower,10,2.1,10.0,-7.9,-8.0,-7.7,0,0,10
four_mode_cross,passive,round_robin,wrong_selection,lower,10,0.0,0.0,0.0,0.0,0.0,0,10,0
four_mode_cross,passive,round_robin,brier_score,lower,10,8.284041049406347e-06,0.75,-0.7499917159589505,-0.749999986849691,-0.7499762654105342,0,0,10
four_mode_cross,passive,round_robin,log_loss,lower,10,0.0008493589172018142,1.3862943611198906,-1.3854450022026887,-1.3862487943673012,-1.384102661093428,0,0,10
four_mode_cross,passive,round_robin,final_truth_probability,higher,10,0.9991527247423171,0.25,-0.7491527247423173,-0.749947609727503,-0.7476749895867573,0,0,10
four_mode_cross,myopic_voi,round_robin,total_decision_loss,lower,10,1.8773909887999998,2.5,-0.6226090111999997,-0.7694495999999997,-0.3289278335999996,1,0,9
four_mode_cross,myopic_voi,round_robin,decision_cost,lower,10,0.275,2.5,-2.225,-2.25,-2.175,0,0,10
four_mode_cross,myopic_voi,round_robin,movement_cost,lower,10,1.6023909888000003,0.0,1.6023909888000003,1.4805504000000003,1.8460721664000004,10,0,0
four_mode_cross,myopic_voi,round_robin,resolution_steps,lower,10,2.1,10.0,-7.9,-8.0,-7.7,0,0,10
four_mode_cross,myopic_voi,round_robin,wrong_selection,lower,10,0.0,0.0,0.0,0.0,0.0,0,10,0
four_mode_cross,myopic_voi,round_robin,brier_score,lower,10,8.284041049406347e-06,0.75,-0.7499917159589505,-0.7499999877725725,-0.7499757277378903,0,0,10
four_mode_cross,myopic_voi,round_robin,log_loss,lower,10,0.0008493589172018142,1.3862943611198906,-1.3854450022026887,-1.3862459555654987,-1.3840687707174635,0,0,10
four_mode_cross,myopic_voi,round_robin,final_truth_probability,higher,10,0.9991527247423171,0.25,-0.7491527247423173,-0.7499594252096488,-0.7479110664505546,0,0,10
four_mode_cross,receding_horizon_voi,round_robin,total_decision_loss,lower,10,1.8773909887999998,1.406613446137903,0.47077754266209704,0.32245899438534076,0.6092875929174606,10,0,0
four_mode_cross,receding_horizon_voi,round_robin,decision_cost,lower,10,0.275,0.4,-0.125,-0.23812499999999998,-0.025,0,6,4
four_mode_cross,receding_horizon_voi,round_robin,movement_cost,lower,10,1.6023909888000003,1.0066134461379028,0.5957775426620971,0.4510747825941127,0.7926360318282144,10,0,0
four_mode_cross,receding_horizon_voi,round_robin,resolution_steps,lower,10,2.1,2.6,-0.5,-1.0,-0.1,0,6,4
four_mode_cross,receding_horizon_voi,round_robin,wrong_selection,lower,10,0.0,0.0,0.0,0.0,0.0,0,10,0
four_mode_cross,receding_horizon_voi,round_robin,brier_score,lower,10,8.284041049406347e-06,3.0048500255607637e-05,-2.1764459206201293e-05,-7.396028263138922e-05,1.478446393900016e-05,3,1,6
four_mode_cross,receding_horizon_voi,round_robin,log_loss,lower,10,0.0008493589172018142,0.002094761638531248,-0.0012454027213294337,-0.00396711340369254,0.0016272659822395878,4,0,6
four_mode_cross,receding_horizon_voi,round_robin,final_truth_probability,higher,10,0.9991527247423171,0.9979136741058516,-0.0012390506364656551,-0.004311786046048308,0.0014295815471920476,4,0,6
four_mode_cross,computational_oracle,round_robin,total_decision_loss,lower,10,1.8773909887999998,1.4763070465613277,0.40108394223867244,0.23024422552273488,0.5741625911329581,10,0,0
four_mode_cross,computational_oracle,round_robin,decision_cost,lower,10,0.275,0.45,-0.175,-0.275,-0.075,0,4,6
four_mode_cross,computational_oracle,round_robin,movement_cost,lower,10,1.6023909888000003,1.0263070465613278,0.5760839422386725,0.4305258533601165,0.783953700863535,10,0,0
four_mode_cross,computational_oracle,round_robin,resolution_steps,lower,10,2.1,2.8,-0.7,-1.1,-0.3,0,4,6
four_mode_cross,computational_oracle,round_robin,wrong_selection,lower,10,0.0,0.0,0.0,0.0,0.0,0,10,0
four_mode_cross,computational_oracle,round_robin,brier_score,lower,10,8.284041049406347e-06,1.2743363192475e-06,7.0097047301588475e-06,-3.2476661968323556e-06,2.3260880415843136e-05,5,1,4
four_mode_cross,computational_oracle,round_robin,log_loss,lower,10,0.0008493589172018142,0.00029027094030239684,0.0005590879768994173,-0.0005232054873274254,0.002058413938932053,6,0,4
four_mode_cross,computational_oracle,round_robin,final_truth_probability,higher,10,0.9991527247423171,0.9997100513463121,0.0005573266039948233,-0.0005371762284547663,0.001916841683314504,6,0,4
four_mode_cross,passive,myopic_voi,total_decision_loss,lower,10,2.5,2.5,0.0,0.0,0.0,0,10,0
four_mode_cross,passive,myopic_voi,decision_cost,lower,10,2.5,2.5,0.0,0.0,0.0,0,10,0
four_mode_cross,passive,myopic_voi,movement_cost,lower,10,0.0,0.0,0.0,0.0,0.0,0,10,0
four_mode_cross,passive,myopic_voi,resolution_steps,lower,10,10.0,10.0,0.0,0.0,0.0,0,10,0
four_mode_cross,passive,myopic_voi,wrong_selection,lower,10,0.0,0.0,0.0,0.0,0.0,0,10,0
four_mode_cross,passive,myopic_voi,brier_score,lower,10,0.75,0.75,0.0,0.0,0.0,0,10,0
four_mode_cross,passive,myopic_voi,log_loss,lower,10,1.3862943611198906,1.3862943611198906,0.0,0.0,0.0,0,10,0
four_mode_cross,passive,myopic_voi,final_truth_probability,higher,10,0.25,0.25,0.0,0.0,0.0,0,10,0
four_mode_cross,round_robin,myopic_voi,total_decision_loss,lower,10,2.5,1.8773909887999998,0.6226090111999997,0.3289278335999996,0.7694495999999997,9,0,1
four_mode_cross,round_robin,myopic_voi,decision_cost,lower,10,2.5,0.275,2.225,2.175,2.25,10,0,0
four_mode_cross,round_robin,myopic_voi,movement_cost,lower,10,0.0,1.6023909888000003,-1.6023909888000003,-1.8460721664000004,-1.4805504000000003,0,0,10
four_mode_cross,round_robin,myopic_voi,resolution_steps,lower,10,10.0,2.1,7.9,7.7,8.0,10,0,0
four_mode_cross,round_robin,myopic_voi,wrong_selection,lower,10,0.0,0.0,0.0,0.0,0.0,0,10,0
four_mode_cross,round_robin,myopic_voi,brier_score,lower,10,0.75,8.284041049406347e-06,0.7499917159589505,0.7499762225393652,0.749999964392212,10,0,0
four_mode_cross,round_robin,myopic_voi,log_loss,lower,10,1.3862943611198906,0.0008493589172018142,1.3854450022026887,1.3840971174678522,1.3862565793127108,10,0,0
four_mode_cross,round_robin,myopic_voi,final_truth_probability,higher,10,0.25,0.9991527247423171,0.7491527247423173,0.7477645435382618,0.7499538858471223,10,0,0
four_mode_cross,receding_horizon_voi,myopic_voi,total_decision_loss,lower,10,2.5,1.406613446137903,1.0933865538620968,0.8476017105181658,1.3006230252545439,10,0,0
four_mode_cross,receding_horizon_voi,myopic_voi,decision_cost,lower,10,2.5,0.4,2.1,1.95,2.225,10,0,0
four_mode_cross,receding_horizon_voi,myopic_voi,movement_cost,lower,10,0.0,1.0066134461379028,-1.0066134461379028,-1.1069518016786457,-0.9191584473648774,0,0,10
four_mode_cross,receding_horizon_voi,myopic_voi,resolution_steps,lower,10,10.0,2.6,7.4,6.8,7.9,10,0,0
four_mode_cross,receding_horizon_voi,myopic_voi,wrong_selection,lower,10,0.0,0.0,0.0,0.0,0.0,0,10,0
four_mode_cross,receding_horizon_voi,myopic_voi,brier_score,lower,10,0.75,3.0048500255607637e-05,0.7499699514997444,0.7499315099607015,0.749999901090094,10,0,0
four_mode_cross,receding_horizon_voi,myopic_voi,log_loss,lower,10,1.3862943611198906,0.002094761638531248,1.3841995994813594,1.3818331887508657,1.3862049616804624,10,0,0
four_mode_cross,receding_horizon_voi,myopic_voi,final_truth_probability,higher,10,0.25,0.9979136741058516,0.7479136741058516,0.74573774354148,0.749910488754384,10,0,0
four_mode_cross,computational_oracle,myopic_voi,total_decision_loss,lower,10,2.5,1.4763070465613277,1.0236929534386723,0.7867011016753062,1.235513601233996,10,0,0
four_mode_cross,computational_oracle,myopic_voi,decision_cost,lower,10,2.5,0.45,2.05,1.911875,2.175,10,0,0
four_mode_cross,computational_oracle,myopic_voi,movement_cost,lower,10,0.0,1.0263070465613278,-1.0263070465613278,-1.1232680267779735,-0.9352712512339107,0,0,10
four_mode_cross,computational_oracle,myopic_voi,resolution_steps,lower,10,10.0,2.8,7.2,6.6,7.7,10,0,0
four_mode_cross,computational_oracle,myopic_voi,wrong_selection,lower,10,0.0,0.0,0.0,0.0,0.0,0,10,0
four_mode_cross,computational_oracle,myopic_voi,brier_score,lower,10,0.75,1.2743363192475e-06,0.7499987256636808,0.749996209343931,0.7499999998176311,10,0,0
four_mode_cross,computational_oracle,myopic_voi,log_loss,lower,10,1.3862943611198906,0.00029027094030239684,1.3860040901795883,1.3855286711459975,1.3862872556318064,10,0,0
four_mode_cross,computational_oracle,myopic_voi,final_truth_probability,higher,10,0.25,0.9997100513463121,0.7497100513463122,0.7492096022152548,0.7499936188222515,10,0,0
four_mode_skewed_cost,round_robin,passive,total_decision_loss,lower,10,2.5,2.4445643392000003,0.05543566079999938,-0.43923747840000066,0.5501087999999994,7,0,3
four_mode_skewed_cost,round_robin,passive,decision_cost,lower,10,2.5,0.325,2.175,2.1,2.225,10,0,0
four_mode_skewed_cost,round_robin,passive,movement_cost,lower,10,0.0,2.1195643392000005,-2.1195643392000005,-2.5392374784000005,-1.6998912000000004,0,0,10
four_mode_skewed_cost,round_robin,passive,resolution_steps,lower,10,10.0,2.3,7.7,7.4,7.9,10,0,0
four_mode_skewed_cost,round_robin,passive,wrong_selection,lower,10,0.0,0.0,0.0,0.0,0.0,0,10,0
four_mode_skewed_cost,round_robin,passive,brier_score,lower,10,0.7038,1.6217209529171964e-05,0.7037837827904708,0.5497765567195968,0.8577967721557676,10,0,0
four_mode_skewed_cost,round_robin,passive,log_loss,lower,10,1.2892815207149533,0.001450332972220591,1.2878311877427326,1.011171334019443,1.609054120059003,10,0,0
four_mode_skewed_cost,round_robin,passive,final_truth_probability,higher,10,0.30700000000000005,0.9985538438764573,0.6915538438764572,0.6183632799549034,0.7642449284503027,10,0,0
four_mode_skewed_cost,myopic_voi,passive,total_decision_loss,lower,10,2.5,2.5,0.0,0.0,0.0,0,10,0
four_mode_skewed_cost,myopic_voi,passive,decision_cost,lower,10,2.5,2.5,0.0,0.0,0.0,0,10,0
four_mode_skewed_cost,myopic_voi,passive,movement_cost,lower,10,0.0,0.0,0.0,0.0,0.0,0,10,0
four_mode_skewed_cost,myopic_voi,passive,resolution_steps,lower,10,10.0,10.0,0.0,0.0,0.0,0,10,0
four_mode_skewed_cost,myopic_voi,passive,wrong_selection,lower,10,0.0,0.0,0.0,0.0,0.0,0,10,0
four_mode_skewed_cost,myopic_voi,passive,brier_score,lower,10,0.7038,0.7038,0.0,0.0,0.0,0,10,0
four_mode_skewed_cost,myopic_voi,passive,log_loss,lower,10,1.2892815207149533,1.2892815207149533,0.0,0.0,0.0,0,10,0
four_mode_skewed_cost,myopic_voi,passive,final_truth_probability,higher,10,0.30700000000000005,0.30700000000000005,0.0,0.0,0.0,0,10,0
four_mode_skewed_cost,receding_horizon_voi,passive,total_decision_loss,lower,10,2.5,1.661241193599971,0.8387588064000291,0.6504648548368446,1.0265983375968015,10,0,0
four_mode_skewed_cost,receding_horizon_voi,passive,decision_cost,lower,10,2.5,0.525,1.975,1.875,2.075,10,0,0
four_mode_skewed_cost,receding_horizon_voi,passive,movement_cost,lower,10,0.0,1.136241193599971,-1.136241193599971,-1.2234104547562858,-1.042115858894642,0,0,10
four_mode_skewed_cost,receding_horizon_voi,passive,resolution_steps,lower,10,10.0,3.1,6.9,6.5,7.3,10,0,0
four_mode_skewed_cost,receding_horizon_voi,passive,wrong_selection,lower,10,0.0,0.0,0.0,0.0,0.0,0,10,0
four_mode_skewed_cost,receding_horizon_voi,passive,brier_score,lower,10,0.7038,6.8220833181927255e-06,0.7037931779166817,0.5497898510866157,0.8450490267114782,10,0,0
four_mode_skewed_cost,receding_horizon_voi,passive,log_loss,lower,10,1.2892815207149533,0.0010529274996690595,1.2882285932152844,0.997593952061508,1.6293786369359449,10,0,0
four_mode_skewed_cost,receding_horizon_voi,passive,final_truth_probability,higher,10,0.30700000000000005,0.9989492759827746,0.6919492759827747,0.62317730858811,0.7656770120561861,10,0,0
four_mode_skewed_cost,computational_oracle,passive,total_decision_loss,lower,10,2.5,1.661241193599971,0.8387588064000291,0.6511351248773022,1.0703017135501134,10,0,0
four_mode_skewed_cost,computational_oracle,passive,decision_cost,lower,10,2.5,0.525,1.975,1.875,2.0881249999999993,10,0,0
four_mode_skewed_cost,computational_oracle,passive,movement_cost,lower,10,0.0,1.136241193599971,-1.136241193599971,-1.223864875122698,-1.0484016624031984,0,0,10
four_mode_skewed_cost,computational_oracle,passive,resolution_steps,lower,10,10.0,3.1,6.9,6.5,7.3,10,0,0
four_mode_skewed_cost,computational_oracle,passive,wrong_selection,lower,10,0.0,0.0,0.0,0.0,0.0,0,10,0
four_mode_skewed_cost,computational_oracle,passive,brier_score,lower,10,0.7038,6.8220833181927255e-06,0.7037931779166817,0.5677934690669404,0.867796535153856,10,0,0
four_mode_skewed_cost,computational_oracle,passive,log_loss,lower,10,1.2892815207149533,0.0010529274996690595,1.2882285932152844,0.9869537599503178,1.6148141767737993,10,0,0
four_mode_skewed_cost,computational_oracle,passive,final_truth_probability,higher,10,0.30700000000000005,0.9989492759827746,0.6919492759827747,0.6152283167768078,0.7653128683073368,10,0,0
four_mode_skewed_cost,passive,round_robin,total_decision_loss,lower,10,2.4445643392000003,2.5,-0.05543566079999938,-0.47178555295999913,0.43923747840000066,3,0,7
four_mode_skewed_cost,passive,round_robin,decision_cost,lower,10,0.325,2.5,-2.175,-2.25,-2.1,0,0,10
four_mode_skewed_cost,passive,round_robin,movement_cost,lower,10,2.1195643392000005,0.0,2.1195643392000005,1.8397822464000004,2.5392374784000005,10,0,0
four_mode_skewed_cost,passive,round_robin,resolution_steps,lower,10,2.3,10.0,-7.7,-7.9,-7.4,0,0,10
four_mode_skewed_cost,passive,round_robin,wrong_selection,lower,10,0.0,0.0,0.0,0.0,0.0,0,10,0
four_mode_skewed_cost,passive,round_robin,brier_score,lower,10,1.6217209529171964e-05,0.7038,-0.7037837827904708,-0.8757968180056558,-0.5677808170780043,0,0,10
four_mode_skewed_cost,passive,round_robin,log_loss,lower,10,0.001450332972220591,1.2892815207149533,-1.2878311877427326,-1.6262838489550249,-1.0006768315703944,0,0,10
four_mode_skewed_cost,passive,round_robin,final_truth_probability,higher,10,0.9985538438764573,0.30700000000000005,-0.6915538438764572,-0.776224018667986,-0.6234945254943282,0,0,10
four_mode_skewed_cost,myopic_voi,round_robin,total_decision_loss,lower,10,2.4445643392000003,2.5,-0.05543566079999938,-0.5501087999999994,0.43923747840000066,3,0,7
four_mode_skewed_cost,myopic_voi,round_robin,decision_cost,lower,10,0.325,2.5,-2.175,-2.225,-2.1,0,0,10
four_mode_skewed_cost,myopic_voi,round_robin,movement_cost,lower,10,2.1195643392000005,0.0,2.1195643392000005,1.7663394470400007,2.5392374784000005,10,0,0
four_mode_skewed_cost,myopic_voi,round_robin,resolution_steps,lower,10,2.3,10.0,-7.7,-8.0,-7.4,0,0,10
four_mode_skewed_cost,myopic_voi,round_robin,wrong_selection,lower,10,0.0,0.0,0.0,0.0,0.0,0,10,0
four_mode_skewed_cost,myopic_voi,round_robin,brier_score,lower,10,1.6217209529171964e-05,0.7038,-0.7037837827904708,-0.8497814868367564,-0.5497851046538434,0,0,10
four_mode_skewed_cost,myopic_voi,round_robin,log_loss,lower,10,0.001450332972220591,1.2892815207149533,-1.2878311877427326,-1.5827603012511327,-0.991866687703559,0,0,10
four_mode_skewed_cost,myopic_voi,round_robin,final_truth_probability,higher,10,0.9985538438764573,0.30700000000000005,-0.6915538438764572,-0.7717590259640602,-0.6266267096376131,0,0,10
four_mode_skewed_cost,receding_horizon_voi,round_robin,total_decision_loss,lower,10,2.4445643392000003,1.661241193599971,0.7833231456000297,0.31934672777214757,1.2926512951015487,8,0,2
four_mode_skewed_cost,receding_horizon_voi,round_robin,decision_cost,lower,10,0.325,0.525,-0.2,-0.313125,-0.075,0,4,6
four_mode_skewed_cost,receding_horizon_voi,round_robin,movement_cost,lower,10,2.1195643392000005,1.136241193599971,0.9833231456000296,0.6294861148014981,1.380830010795421,10,0,0
four_mode_skewed_cost,receding_horizon_voi,round_robin,resolution_steps,lower,10,2.3,3.1,-0.8,-1.3,-0.4,0,4,6
four_mode_skewed_cost,receding_horizon_voi,round_robin,wrong_selection,lower,10,0.0,0.0,0.0,0.0,0.0,0,10,0
four_mode_skewed_cost,receding_horizon_voi,round_robin,brier_score,lower,10,1.6217209529171964e-05,6.8220833181927255e-06,9.395126210979241e-06,-1.182978370770899e-05,3.4016233360027314e-05,5,0,5
four_mode_skewed_cost,receding_horizon_voi,round_robin,log_loss,lower,10,0.001450332972220591,0.0010529274996690595,0.0003974054725515314,-0.0014416766077797443,0.0025800179786872207,5,0,5
four_mode_skewed_cost,receding_horizon_voi,round_robin,final_truth_probability,higher,10,0.9985538438764573,0.9989492759827746,0.00039543210631725055,-0.001436375429895295,0.002255481127581418,5,0,5
four_mode_skewed_cost,computational_oracle,round_robin,total_decision_loss,lower,10,2.4445643392000003,1.661241193599971,0.7833231456000297,0.33579355938631783,1.2773260147595722,8,0,2
four_mode_skewed_cost,computational_oracle,round_robin,decision_cost,lower,10,0.325,0.525,-0.2,-0.325,-0.1,0,4,6
four_mode_skewed_cost,computational_oracle,round_robin,movement_cost,lower,10,2.1195643392000005,1.136241193599971,0.9833231456000296,0.6665887212598177,1.3872962378641764,10,0,0
four_mode_skewed_cost,computational_oracle,round_robin,resolution_steps,lower,10,2.3,3.1,-0.8,-1.3,-0.3,0,4,6
four_mode_skewed_cost,computational_oracle,round_robin,wrong_selection,lower,10,0.0,0.0,0.0,0.0,0.0,0,10,0
four_mode_skewed_cost,computational_oracle,round_robin,brier_score,lower,10,1.6217209529171964e-05,6.8220833181927255e-06,9.395126210979241e-06,-1.1707541490534937e-05,3.6546044133387055e-05,5,0,5
four_mode_skewed_cost,computational_oracle,round_robin,log_loss,lower,10,0.001450332972220591,0.0010529274996690595,0.0003974054725515314,-0.0014789164783267567,0.002522188807417819,5,0,5
four_mode_skewed_cost,computational_oracle,round_robin,final_truth_probability,higher,10,0.9985538438764573,0.9989492759827746,0.00039543210631725055,-0.0014391859878822334,0.0022868369767227595,5,0,5
four_mode_skewed_cost,passive,myopic_voi,total_decision_loss,lower,10,2.5,2.5,0.0,0.0,0.0,0,10,0
four_mode_skewed_cost,passive,myopic_voi,decision_cost,lower,10,2.5,2.5,0.0,0.0,0.0,0,10,0
four_mode_skewed_cost,passive,myopic_voi,movement_cost,lower,10,0.0,0.0,0.0,0.0,0.0,0,10,0
four_mode_skewed_cost,passive,myopic_voi,resolution_steps,lower,10,10.0,10.0,0.0,0.0,0.0,0,10,0
four_mode_skewed_cost,passive,myopic_voi,wrong_selection,lower,10,0.0,0.0,0.0,0.0,0.0,0,10,0
four_mode_skewed_cost,passive,myopic_voi,brier_score,lower,10,0.7038,0.7038,0.0,0.0,0.0,0,10,0
four_mode_skewed_cost,passive,myopic_voi,log_loss,lower,10,1.2892815207149533,1.2892815207149533,0.0,0.0,0.0,0,10,0
four_mode_skewed_cost,passive,myopic_voi,final_truth_probability,higher,10,0.30700000000000005,0.30700000000000005,0.0,0.0,0.0,0,10,0
four_mode_skewed_cost,round_robin,myopic_voi,total_decision_loss,lower,10,2.5,2.4445643392000003,0.05543566079999938,-0.43923747840000066,0.5501087999999994,7,0,3
four_mode_skewed_cost,round_robin,myopic_voi,decision_cost,lower,10,2.5,0.325,2.175,2.1,2.25,10,0,0
four_mode_skewed_cost,round_robin,myopic_voi,movement_cost,lower,10,0.0,2.1195643392000005,-2.1195643392000005,-2.5392374784000005,-1.6998912000000004,0,0,10
four_mode_skewed_cost,round_robin,myopic_voi,resolution_steps,lower,10,10.0,2.3,7.7,7.4,7.9,10,0,0
four_mode_skewed_cost,round_robin,myopic_voi,wrong_selection,lower,10,0.0,0.0,0.0,0.0,0.0,0,10,0
four_mode_skewed_cost,round_robin,myopic_voi,brier_score,lower,10,0.7038,1.6217209529171964e-05,0.7037837827904708,0.5677758382792097,0.8577996911233023,10,0,0
four_mode_skewed_cost,round_robin,myopic_voi,log_loss,lower,10,1.2892815207149533,0.001450332972220591,1.2878311877427326,0.9912508267039971,1.5999397968307891,10,0,0
four_mode_skewed_cost,round_robin,myopic_voi,final_truth_probability,higher,10,0.30700000000000005,0.9985538438764573,0.6915538438764572,0.6229137455290488,0.7695689031553978,10,0,0
four_mode_skewed_cost,receding_horizon_voi,myopic_voi,total_decision_loss,lower,10,2.5,1.661241193599971,0.8387588064000291,0.6509192752032565,1.0296598137464272,10,0,0
four_mode_skewed_cost,receding_horizon_voi,myopic_voi,decision_cost,lower,10,2.5,0.525,1.975,1.875,2.1,10,0,0
four_mode_skewed_cost,receding_horizon_voi,myopic_voi,movement_cost,lower,10,0.0,1.136241193599971,-1.136241193599971,-1.2234104547562858,-1.0427861289350995,0,0,10
four_mode_skewed_cost,receding_horizon_voi,myopic_voi,resolution_steps,lower,10,10.0,3.1,6.9,6.5,7.4,10,0,0
four_mode_skewed_cost,receding_horizon_voi,myopic_voi,wrong_selection,lower,10,0.0,0.0,0.0,0.0,0.0,0,10,0
four_mode_skewed_cost,receding_horizon_voi,myopic_voi,brier_score,lower,10,0.7038,6.8220833181927255e-06,0.7037931779166817,0.5677930517224781,0.8539936496395258,10,0,0
four_mode_skewed_cost,receding_horizon_voi,myopic_voi,log_loss,lower,10,1.2892815207149533,0.0010529274996690595,1.2882285932152844,1.0095921446271936,1.634647741883608,10,0,0
four_mode_skewed_cost,receding_horizon_voi,myopic_voi,final_truth_probability,higher,10,0.30700000000000005,0.9989492759827746,0.6919492759827747,0.6241053918507712,0.7698659687233548,10,0,0
four_mode_skewed_cost,computational_oracle,myopic_voi,total_decision_loss,lower,10,2.5,1.661241193599971,0.8387588064000291,0.6502262841444784,1.0552982736313725,10,0,0
four_mode_skewed_cost,computational_oracle,myopic_voi,decision_cost,lower,10,2.5,0.525,1.975,1.8618750000000002,2.075,10,0,0
four_mode_skewed_cost,computational_oracle,myopic_voi,movement_cost,lower,10,0.0,1.136241193599971,-1.136241193599971,-1.2240807247967436,-1.0484016624031984,0,0,10
four_mode_skewed_cost,computational_oracle,myopic_voi,resolution_steps,lower,10,10.0,3.1,6.9,6.5,7.3,10,0,0
four_mode_skewed_cost,computational_oracle,myopic_voi,wrong_selection,lower,10,0.0,0.0,0.0,0.0,0.0,0,10,0
four_mode_skewed_cost,computational_oracle,myopic_voi,brier_score,lower,10,0.7038,6.8220833181927255e-06,0.7037931779166817,0.5545490571375035,0.8577961301532367,10,0,0
four_mode_skewed_cost,computational_oracle,myopic_voi,log_loss,lower,10,1.2892815207149533,0.0010529274996690595,1.2882285932152844,0.9865012474848032,1.6303917889070396,10,0,0
four_mode_skewed_cost,computational_oracle,myopic_voi,final_truth_probability,higher,10,0.30700000000000005,0.9989492759827746,0.6919492759827747,0.6153901160954134,0.7695563103414672,10,0,0
overall,round_robin,passive,total_decision_loss,lower,10,2.5,2.08596052992,0.4140394700799998,0.2633991244799997,0.5816925306879998,9,0,1
overall,round_robin,passive,decision_cost,lower,10,2.5,0.3,2.2,2.1700000000000004,2.23,10,0,0
overall,round_robin,passive,movement_cost,lower,10,0.0,1.7859605299200005,-1.7859605299200005,-1.9306441082880006,-1.6290116398080003,0,0,10
overall,round_robin,passive,resolution_steps,lower,10,10.0,2.2,7.8,7.669499999999998,7.9,10,0,0
overall,round_robin,passive,wrong_selection,lower,10,0.0,0.0,0.0,0.0,0.0,0,10,0
overall,round_robin,passive,brier_score,lower,10,0.6580933333333332,8.07737209852471e-06,0.6580852559612348,0.5902539458382753,0.7432889443314484,10,0,0
overall,round_robin,passive,log_loss,lower,10,1.135863608993277,0.0007722072716252022,1.1350914017216516,1.017439334966098,1.301032760557599,10,0,0
overall,round_robin,passive,final_truth_probability,higher,10,0.34206666666666663,0.999230000210068,0.6571633335434015,0.6247058686198912,0.6981438136897993,10,0,0
overall,myopic_voi,passive,total_decision_loss,lower,10,2.5,2.5,0.0,0.0,0.0,0,10,0
overall,myopic_voi,passive,decision_cost,lower,10,2.5,2.5,0.0,0.0,0.0,0,10,0
overall,myopic_voi,passive,movement_cost,lower,10,0.0,0.0,0.0,0.0,0.0,0,10,0
overall,myopic_voi,passive,resolution_steps,lower,10,10.0,10.0,0.0,0.0,0.0,0,10,0
overall,myopic_voi,passive,wrong_selection,lower,10,0.0,0.0,0.0,0.0,0.0,0,10,0
overall,myopic_voi,passive,brier_score,lower,10,0.6580933333333332,0.6580933333333332,0.0,0.0,0.0,0,10,0
overall,myopic_voi,passive,log_loss,lower,10,1.135863608993277,1.135863608993277,0.0,0.0,0.0,0,10,0
overall,myopic_voi,passive,final_truth_probability,higher,10,0.34206666666666663,0.34206666666666663,0.0,0.0,0.0,0,10,0
overall,receding_horizon_voi,passive,total_decision_loss,lower,10,2.5,1.5104684421556718,0.9895315578443282,0.851661324333527,1.1079210264653327,10,0,0
overall,receding_horizon_voi,passive,decision_cost,lower,10,2.5,0.445,2.0549999999999997,1.987375,2.12,10,0,0
overall,receding_horizon_voi,passive,movement_cost,lower,10,0.0,1.0654684421556717,-1.0654684421556717,-1.137914026924041,-1.0066310094210396,0,0,10
overall,receding_horizon_voi,passive,resolution_steps,lower,10,10.0,2.78,7.220000000000001,6.9495,7.480000000000001,10,0,0
overall,receding_horizon_voi,passive,wrong_selection,lower,10,0.0,0.0,0.0,0.0,0.0,0,10,0
overall,receding_horizon_voi,passive,brier_score,lower,10,0.6580933333333332,1.641717905082486e-05,0.6580769161542823,0.5908631857927221,0.7504824415620822,10,0,0
overall,receding_horizon_voi,passive,log_loss,lower,10,1.135863608993277,0.0015724866404616608,1.1342911223528152,1.0072504754410065,1.3021430349480585,10,0,0
overall,receding_horizon_voi,passive,final_truth_probability,higher,10,0.34206666666666663,0.9984321657360159,0.6563654990693493,0.6236394780053569,0.7052989954751666,10,0,0
overall,computational_oracle,passive,total_decision_loss,lower,10,2.5,1.3620665639486,1.1379334360514,1.0418253465724807,1.2400150397250196,10,0,0
overall,computational_oracle,passive,decision_cost,lower,10,2.5,0.46499999999999997,2.0349999999999997,1.9799999999999998,2.0900000000000003,10,0,0
overall,computational_oracle,passive,movement_cost,lower,10,0.0,0.8970665639485998,-0.8970665639485998,-0.9384331257948033,-0.8550395150373616,0,0,10
overall,computational_oracle,passive,resolution_steps,lower,10,10.0,2.86,7.139999999999999,6.8695,7.359999999999999,10,0,0
overall,computational_oracle,passive,wrong_selection,lower,10,0.0,0.0,0.0,0.0,0.0,0,10,0
overall,computational_oracle,passive,brier_score,lower,10,0.6580933333333332,1.2483765104919538e-05,0.6580808495682283,0.5932782223436307,0.7391154654441876,10,0,0
overall,computational_oracle,passive,log_loss,lower,10,1.135863608993277,0.0013411503345099158,1.134522458658767,1.0061332916910983,1.3140572026007966,10,0,0
overall,computational_oracle,passive,final_truth_probability,higher,10,0.34206666666666663,0.9986623312563736,0.6565956645897069,0.6240024519695948,0.6962569795379034,10,0,0
overall,passive,round_robin,total_decision_loss,lower,10,2.08596052992,2.5,-0.4140394700799998,-0.5938582681599998,-0.2288954644479998,1,0,9
overall,passive,round_robin,decision_cost,lower,10,0.3,2.5,-2.2,-2.23,-2.17,0,0,10
overall,passive,round_robin,movement_cost,lower,10,1.7859605299200005,0.0,1.7859605299200005,1.6535476661760005,1.9586223175680004,10,0,0
overall,passive,round_robin,resolution_steps,lower,10,2.2,10.0,-7.8,-7.92,-7.659999999999999,0,0,10
overall,passive,round_robin,wrong_selection,lower,10,0.0,0.0,0.0,0.0,0.0,0,10,0
overall,passive,round_robin,brier_score,lower,10,8.07737209852471e-06,0.6580933333333332,-0.6580852559612348,-0.7528894564039916,-0.5932820733805672,0,0,10
overall,passive,round_robin,log_loss,lower,10,0.0007722072716252022,1.135863608993277,-1.1350914017216516,-1.3302633337152192,-1.0100748720370292,0,0,10
overall,passive,round_robin,final_truth_probability,higher,10,0.999230000210068,0.34206666666666663,-0.6571633335434015,-0.6965614333940273,-0.6233131404048139,0,0,10
overall,myopic_voi,round_robin,total_decision_loss,lower,10,2.08596052992,2.5,-0.4140394700799998,-0.5974683596799999,-0.22267393657600007,1,0,9
overall,myopic_voi,round_robin,decision_cost,lower,10,0.3,2.5,-2.2,-2.2276249999999997,-2.1650000000000005,0,0,10
overall,myopic_voi,round_robin,movement_cost,lower,10,1.7859605299200005,0.0,1.7859605299200005,1.6291795484160005,1.9286587192320006,10,0,0
overall,myopic_voi,round_robin,resolution_steps,lower,10,2.2,10.0,-7.8,-7.92,-7.659999999999999,0,0,10
overall,myopic_voi,round_robin,wrong_selection,lower,10,0.0,0.0,0.0,0.0,0.0,0,10,0
overall,myopic_voi,round_robin,brier_score,lower,10,8.07737209852471e-06,0.6580933333333332,-0.6580852559612348,-0.746318686473528,-0.5944804776811302,0,0,10
overall,myopic_voi,round_robin,log_loss,lower,10,0.0007722072716252022,1.135863608993277,-1.1350914017216516,-1.320531754774289,-1.0123638948630012,0,0,10
overall,myopic_voi,round_robin,final_truth_probability,higher,10,0.999230000210068,0.34206666666666663,-0.6571633335434015,-0.6998261578941072,-0.6261313938297577,0,0,10
overall,receding_horizon_voi,round_robin,total_decision_loss,lower,10,2.08596052992,1.5104684421556718,0.5754920877643286,0.48286643924130257,0.6732450018784987,10,0,0
overall,receding_horizon_voi,round_robin,decision_cost,lower,10,0.3,0.445,-0.14500000000000002,-0.18500000000000003,-0.1,0,1,9
overall,receding_horizon_voi,round_robin,movement_cost,lower,10,1.7859605299200005,1.0654684421556717,0.7204920877643288,0.6127216080813142,0.8251117073823355,10,0,0
overall,receding_horizon_voi,round_robin,resolution_steps,lower,10,2.2,2.78,-0.5799999999999998,-0.76,-0.39999999999999997,0,1,9
overall,receding_horizon_voi,round_robin,wrong_selection,lower,10,0.0,0.0,0.0,0.0,0.0,0,10,0
overall,receding_horizon_voi,round_robin,brier_score,lower,10,8.07737209852471e-06,1.641717905082486e-05,-8.339806952300146e-06,-1.8011857937223415e-05,-4.661053930043358e-07,3,0,7
overall,receding_horizon_voi,round_robin,log_loss,lower,10,0.0007722072716252022,0.0015724866404616608,-0.0008002793688364585,-0.0015525898101721477,-0.00011952228066992686,2,0,8
overall,receding_horizon_voi,round_robin,final_truth_probability,higher,10,0.999230000210068,0.9984321657360159,-0.0007978344740521171,-0.0016237308176598622,-0.00016692424212568754,2,0,8
overall,computational_oracle,round_robin,total_decision_loss,lower,10,2.08596052992,1.3620665639486,0.7238939659714003,0.5841921337852705,0.8621807855178384,10,0,0
overall,computational_oracle,round_robin,decision_cost,lower,10,0.3,0.46499999999999997,-0.165,-0.22000000000000003,-0.12,0,0,10
overall,computational_oracle,round_robin,movement_cost,lower,10,1.7859605299200005,0.8970665639485998,0.8888939659714004,0.763451388083416,1.0242986580162863,10,0,0
overall,computational_oracle,round_robin,resolution_steps,lower,10,2.2,2.86,-0.6599999999999999,-0.84,-0.47999999999999987,0,0,10
overall,computational_oracle,round_robin,wrong_selection,lower,10,0.0,0.0,0.0,0.0,0.0,0,10,0
overall,computational_oracle,round_robin,brier_score,lower,10,8.07737209852471e-06,1.2483765104919538e-05,-4.40639300639483e-06,-1.4054689455116809e-05,2.9353259992548795e-06,5,0,5
overall,computational_oracle,round_robin,log_loss,lower,10,0.0007722072716252022,0.0013411503345099158,-0.0005689430628847136,-0.0012423043275721784,-2.8728476065824173e-05,4,0,6
overall,computational_oracle,round_robin,final_truth_probability,higher,10,0.999230000210068,0.9986623312563736,-0.0005676689536945223,-0.0012924654778882084,-4.280089505093568e-06,4,0,6
overall,passive,myopic_voi,total_decision_loss,lower,10,2.5,2.5,0.0,0.0,0.0,0,10,0
overall,passive,myopic_voi,decision_cost,lower,10,2.5,2.5,0.0,0.0,0.0,0,10,0
overall,passive,myopic_voi,movement_cost,lower,10,0.0,0.0,0.0,0.0,0.0,0,10,0
overall,passive,myopic_voi,resolution_steps,lower,10,10.0,10.0,0.0,0.0,0.0,0,10,0
overall,passive,myopic_voi,wrong_selection,lower,10,0.0,0.0,0.0,0.0,0.0,0,10,0
overall,passive,myopic_voi,brier_score,lower,10,0.6580933333333332,0.6580933333333332,0.0,0.0,0.0,0,10,0
overall,passive,myopic_voi,log_loss,lower,10,1.135863608993277,1.135863608993277,0.0,0.0,0.0,0,10,0
overall,passive,myopic_voi,final_truth_probability,higher,10,0.34206666666666663,0.34206666666666663,0.0,0.0,0.0,0,10,0
overall,round_robin,myopic_voi,total_decision_loss,lower,10,2.5,2.08596052992,0.4140394700799998,0.2136974397439998,0.5922335656959997,9,0,1
overall,round_robin,myopic_voi,decision_cost,lower,10,2.5,0.3,2.2,2.165,2.23,10,0,0
overall,round_robin,myopic_voi,movement_cost,lower,10,0.0,1.7859605299200005,-1.7859605299200005,-1.9445205588480006,-1.6481490439680007,0,0,10
overall,round_robin,myopic_voi,resolution_steps,lower,10,10.0,2.2,7.8,7.669499999999999,7.92,10,0,0
overall,round_robin,myopic_voi,wrong_selection,lower,10,0.0,0.0,0.0,0.0,0.0,0,10,0
overall,round_robin,myopic_voi,brier_score,lower,10,0.6580933333333332,8.07737209852471e-06,0.6580852559612348,0.5968800333718454,0.7373510982391006,10,0,0
overall,round_robin,myopic_voi,log_loss,lower,10,1.135863608993277,0.0007722072716252022,1.1350914017216516,1.0182159528949315,1.2830483169823907,10,0,0
overall,round_robin,myopic_voi,final_truth_probability,higher,10,0.34206666666666663,0.999230000210068,0.6571633335434015,0.6274438326864678,0.6964713482135926,10,0,0
overall,receding_horizon_voi,myopic_voi,total_decision_loss,lower,10,2.5,1.5104684421556718,0.9895315578443282,0.8553465130159538,1.1030999280051252,10,0,0
overall,receding_horizon_voi,myopic_voi,decision_cost,lower,10,2.5,0.445,2.0549999999999997,1.985,2.12,10,0,0
overall,receding_horizon_voi,myopic_voi,movement_cost,lower,10,0.0,1.0654684421556717,-1.0654684421556717,-1.1303854067627692,-1.0093436977811987,0,0,10
overall,receding_horizon_voi,myopic_voi,resolution_steps,lower,10,10.0,2.78,7.220000000000001,6.94,7.459999999999999,10,0,0
overall,receding_horizon_voi,myopic_voi,wrong_selection,lower,10,0.0,0.0,0.0,0.0,0.0,0,10,0
overall,receding_horizon_voi,myopic_voi,brier_score,lower,10,0.6580933333333332,1.641717905082486e-05,0.6580769161542823,0.5932708151752194,0.7391151258156672,10,0,0
overall,receding_horizon_voi,myopic_voi,log_loss,lower,10,1.135863608993277,0.0015724866404616608,1.1342911223528152,1.0154463586563518,1.2960530220792574,10,0,0
overall,receding_horizon_voi,myopic_voi,final_truth_probability,higher,10,0.34206666666666663,0.9984321657360159,0.6563654990693493,0.6242863638248579,0.6952426314034135,10,0,0
overall,computational_oracle,myopic_voi,total_decision_loss,lower,10,2.5,1.3620665639486,1.1379334360514,1.033867899143415,1.2522136019888168,10,0,0
overall,computational_oracle,myopic_voi,decision_cost,lower,10,2.5,0.46499999999999997,2.0349999999999997,1.97,2.1,10,0,0
overall,computational_oracle,myopic_voi,movement_cost,lower,10,0.0,0.8970665639485998,-0.8970665639485998,-0.9408406171969647,-0.8525217371279401,0,0,10
overall,computational_oracle,myopic_voi,resolution_steps,lower,10,10.0,2.86,7.139999999999999,6.9094999999999995,7.38,10,0,0
overall,computational_oracle,myopic_voi,wrong_selection,lower,10,0.0,0.0,0.0,0.0,0.0,0,10,0
overall,computational_oracle,myopic_voi,brier_score,lower,10,0.6580933333333332,1.2483765104919538e-05,0.6580808495682283,0.5968791862824484,0.7391135781651955,10,0,0
overall,computational_oracle,myopic_voi,log_loss,lower,10,1.135863608993277,0.0013411503345099158,1.134522458658767,1.011904853463828,1.2902726437085932,10,0,0
overall,computational_oracle,myopic_voi,final_truth_probability,higher,10,0.34206666666666663,0.9986623312563736,0.6565956645897069,0.625056228176347,0.6908529361720195,10,0,0
