scenario,seed,policy,truth_mode,resolved,resolution_steps,selected_mode,wrong_selection,total_decision_loss,decision_cost,movement_cost,movement_distance,final_truth_probability,final_entropy,brier_score,log_loss,mean_confidence,hold_actions,spread_actions,probe_actions,unique_probe_actions,first_action,action_trace,planner_horizon,planning_sequences_evaluated,runtime_seconds,trace_fingerprint
triad_uniform,9000,passive,0,False,10,-1,False,2.5,2.5,0.0,0.0,0.3333333333333333,1.0986122886681096,0.6666666666666667,1.0986122886681098,0.33333333333333337,10,0,0,0,hold,hold|hold|hold|hold|hold|hold|hold|hold|hold|hold,0,0,0.012871000217273831,b4790588bf10805308689b81fc0e076cd86929ae2d49f55652c91e5e6c76dd88
triad_uniform,9001,passive,1,False,10,-1,False,2.5,2.5,0.0,0.0,0.3333333333333333,1.0986122886681096,0.6666666666666667,1.0986122886681098,0.33333333333333337,10,0,0,0,hold,hold|hold|hold|hold|hold|hold|hold|hold|hold|hold,0,0,0.00022104103118181229,0ea14cb6b0e6ec86545f480151f2ce50107378118f86c7d4e70ce96219738424
triad_uniform,9002,passive,2,False,10,-1,False,2.5,2.5,0.0,0.0,0.3333333333333333,1.0986122886681096,0.6666666666666667,1.0986122886681098,0.33333333333333337,10,0,0,0,hold,hold|hold|hold|hold|hold|hold|hold|hold|hold|hold,0,0,0.0002210419625043869,29014b4614fb5abaa1a505992db93a58777701da1993011bb1e5d76a9ac5ec9e
triad_uniform,9003,passive,2,False,10,-1,False,2.5,2.5,0.0,0.0,0.3333333333333333,1.0986122886681096,0.6666666666666667,1.0986122886681098,0.33333333333333337,10,0,0,0,hold,hold|hold|hold|hold|hold|hold|hold|hold|hold|hold,0,0,0.0001909998245537281,c774ceb6953105f1d364f7d680d5cdab0e18d4349b3c906e7ad9f919318bf541
triad_uniform,9004,passive,2,False,10,-1,False,2.5,2.5,0.0,0.0,0.3333333333333333,1.0986122886681096,0.6666666666666667,1.0986122886681098,0.33333333333333337,10,0,0,0,hold,hold|hold|hold|hold|hold|hold|hold|hold|hold|hold,0,0,0.0001895830500870943,a36f644c0d650082d15b83e8c94e1f5161de89317f1eca1f32a1dc323c7d919b
triad_uniform,9005,passive,0,False,10,-1,False,2.5,2.5,0.0,0.0,0.3333333333333333,1.0986122886681096,0.6666666666666667,1.0986122886681098,0.33333333333333337,10,0,0,0,hold,hold|hold|hold|hold|hold|hold|hold|hold|hold|hold,0,0,0.0001882920041680336,d42187bf3166e90dbee96f7f934170567b0cf3a2afe4da2070d3c43bf4322ec3
triad_uniform,9006,passive,1,False,10,-1,False,2.5,2.5,0.0,0.0,0.3333333333333333,1.0986122886681096,0.6666666666666667,1.0986122886681098,0.33333333333333337,10,0,0,0,hold,hold|hold|hold|hold|hold|hold|hold|hold|hold|hold,0,0,0.00019787508063018322,98251d46efc4db45386e98abe55bd5b0f1e079e65fcebe936906fd7446688003
triad_uniform,9007,passive,2,False,10,-1,False,2.5,2.5,0.0,0.0,0.3333333333333333,1.0986122886681096,0.6666666666666667,1.0986122886681098,0.33333333333333337,10,0,0,0,hold,hold|hold|hold|hold|hold|hold|hold|hold|hold|hold,0,0,0.000189624959602952,b64a4b5343df323bb76299065651c6347bda7e70833ad93a00fbc0909625c55f
triad_uniform,9008,passive,0,False,10,-1,False,2.5,2.5,0.0,0.0,0.3333333333333333,1.0986122886681096,0.6666666666666667,1.0986122886681098,0.33333333333333337,10,0,0,0,hold,hold|hold|hold|hold|hold|hold|hold|hold|hold|hold,0,0,0.00047808303497731686,2da5449d77396b883980b293d8865000c497223c207babeb38eae1d9394143f5
triad_uniform,9009,passive,1,False,10,-1,False,2.5,2.5,0.0,0.0,0.3333333333333333,1.0986122886681096,0.6666666666666667,1.0986122886681098,0.33333333333333337,10,0,0,0,hold,hold|hold|hold|hold|hold|hold|hold|hold|hold|hold,0,0,0.00019400008022785187,3343c1eb6a8231dc1f5685c8185cb82d45b9236165911622af4c760f60b05ea9
triad_uniform,9000,round_robin,0,True,2,0,False,1.6208800000000003,0.25,1.3708800000000003,1.3708800000000003,0.9999929926574396,9.017435821472159e-05,9.820567301013096e-11,7.007367111967361e-06,0.9537849575758575,0,2,0,0,spread,spread|spread,0,0,0.00011258409358561039,b4790588bf10805308689b81fc0e076cd86929ae2d49f55652c91e5e6c76dd88
triad_uniform,9001,round_robin,1,True,2,1,False,1.6208800000000003,0.25,1.3708800000000003,1.3708800000000003,0.9980635446265844,0.014031416171206141,7.499718523341143e-06,0.001938332727121481,0.8972045779449731,0,2,0,0,spread,spread|spread,0,0,9.300000965595245e-05,0ea14cb6b0e6ec86545f480151f2ce50107378118f86c7d4e70ce96219738424
triad_uniform,9002,round_robin,2,True,2,2,False,1.6208800000000003,0.25,1.3708800000000003,1.3708800000000003,0.9999870270630126,0.0001591705174974795,3.357930300111594e-10,1.2973021136706888e-05,0.712161829640348,0,2,0,0,spread,spread|spread,0,0,8.983397856354713e-05,29014b4614fb5abaa1a505992db93a58777701da1993011bb1e5d76a9ac5ec9e
triad_uniform,9003,round_robin,2,True,2,2,False,1.6208800000000003,0.25,1.3708800000000003,1.3708800000000003,0.9998952886845704,0.0010673702430932124,2.1829074317444953e-08,0.00010471679804207146,0.9526702700394829,0,2,0,0,spread,spread|spread,0,0,8.983304724097252e-05,c774ceb6953105f1d364f7d680d5cdab0e18d4349b3c906e7ad9f919318bf541
triad_uniform,9004,round_robin,2,True,2,2,False,1.6208800000000003,0.25,1.3708800000000003,1.3708800000000003,0.9999999727205516,5.033293384285104e-07,1.4803009057618951e-15,2.7279448738974495e-08,0.7865637240581611,0,2,0,0,spread,spread|spread,0,0,9.27499495446682e-05,a36f644c0d650082d15b83e8c94e1f5161de89317f1eca1f32a1dc323c7d919b
triad_uniform,9005,round_robin,0,True,2,0,False,1.6208800000000003,0.25,1.3708800000000003,1.3708800000000003,0.9999999993256257,1.5114518617146338e-08,8.373525135612511e-19,6.743743343804621e-10,0.9479354000308593,0,2,0,0,spread,spread|spread,0,0,9.283400140702724e-05,d42187bf3166e90dbee96f7f934170567b0cf3a2afe4da2070d3c43bf4322ec3
triad_uniform,9006,round_robin,1,True,2,1,False,1.6208800000000003,0.25,1.3708800000000003,1.3708800000000003,0.9999993344249924,1.0304431672727689e-05,8.266035414917272e-13,6.655752290475206e-07,0.7340142216011549,0,2,0,0,spread,spread|spread,0,0,9.420793503522873e-05,98251d46efc4db45386e98abe55bd5b0f1e079e65fcebe936906fd7446688003
triad_uniform,9007,round_robin,2,True,2,2,False,1.6208800000000003,0.25,1.3708800000000003,1.3708800000000003,0.999998920863243,1.593085808084836e-05,2.3209657070916778e-12,1.0791373392225244e-06,0.9519585599995005,0,2,0,0,spread,spread|spread,0,0,9.491713717579842e-05,b64a4b5343df323bb76299065651c6347bda7e70833ad93a00fbc0909625c55f
triad_uniform,9008,round_robin,0,True,3,0,False,2.9990336000000006,0.5,2.4990336000000006,2.4990336000000006,0.9999999999990687,2.676390185845565e-11,1.7344897052062936e-24,9.312550730560149e-13,0.7911446561109772,0,3,0,0,spread,spread|spread|spread,0,0,0.00011954200454056263,2da5449d77396b883980b293d8865000c497223c207babeb38eae1d9394143f5
triad_uniform,9009,round_robin,1,True,1,1,False,0.5040000000000001,0.0,0.5040000000000001,0.5040000000000001,0.9909115535980448,0.056904214711323044,0.00013402672716414474,0.009129998283930268,0.9909115535980448,0,1,0,0,spread,spread,0,0,6.041605956852436e-05,3343c1eb6a8231dc1f5685c8185cb82d45b9236165911622af4c760f60b05ea9
triad_uniform,9000,myopic_voi,0,False,10,-1,False,2.5,2.5,0.0,0.0,0.3333333333333333,1.0986122886681096,0.6666666666666667,1.0986122886681098,0.33333333333333337,10,0,0,0,hold,hold|hold|hold|hold|hold|hold|hold|hold|hold|hold,1,50,0.0033697078470140696,b4790588bf10805308689b81fc0e076cd86929ae2d49f55652c91e5e6c76dd88
triad_uniform,9001,myopic_voi,1,False,10,-1,False,2.5,2.5,0.0,0.0,0.3333333333333333,1.0986122886681096,0.6666666666666667,1.0986122886681098,0.33333333333333337,10,0,0,0,hold,hold|hold|hold|hold|hold|hold|hold|hold|hold|hold,1,50,0.0035062909591943026,0ea14cb6b0e6ec86545f480151f2ce50107378118f86c7d4e70ce96219738424
triad_uniform,9002,myopic_voi,2,False,10,-1,False,2.5,2.5,0.0,0.0,0.3333333333333333,1.0986122886681096,0.6666666666666667,1.0986122886681098,0.33333333333333337,10,0,0,0,hold,hold|hold|hold|hold|hold|hold|hold|hold|hold|hold,1,50,0.003583958139643073,29014b4614fb5abaa1a505992db93a58777701da1993011bb1e5d76a9ac5ec9e
triad_uniform,9003,myopic_voi,2,False,10,-1,False,2.5,2.5,0.0,0.0,0.3333333333333333,1.0986122886681096,0.6666666666666667,1.0986122886681098,0.33333333333333337,10,0,0,0,hold,hold|hold|hold|hold|hold|hold|hold|hold|hold|hold,1,50,0.003932667197659612,c774ceb6953105f1d364f7d680d5cdab0e18d4349b3c906e7ad9f919318bf541
triad_uniform,9004,myopic_voi,2,False,10,-1,False,2.5,2.5,0.0,0.0,0.3333333333333333,1.0986122886681096,0.6666666666666667,1.0986122886681098,0.33333333333333337,10,0,0,0,hold,hold|hold|hold|hold|hold|hold|hold|hold|hold|hold,1,50,0.003634124994277954,a36f644c0d650082d15b83e8c94e1f5161de89317f1eca1f32a1dc323c7d919b
triad_uniform,9005,myopic_voi,0,False,10,-1,False,2.5,2.5,0.0,0.0,0.3333333333333333,1.0986122886681096,0.6666666666666667,1.0986122886681098,0.33333333333333337,10,0,0,0,hold,hold|hold|hold|hold|hold|hold|hold|hold|hold|hold,1,50,0.003786291927099228,d42187bf3166e90dbee96f7f934170567b0cf3a2afe4da2070d3c43bf4322ec3
triad_uniform,9006,myopic_voi,1,False,10,-1,False,2.5,2.5,0.0,0.0,0.3333333333333333,1.0986122886681096,0.6666666666666667,1.0986122886681098,0.33333333333333337,10,0,0,0,hold,hold|hold|hold|hold|hold|hold|hold|hold|hold|hold,1,50,0.0034855830017477274,98251d46efc4db45386e98abe55bd5b0f1e079e65fcebe936906fd7446688003
triad_uniform,9007,myopic_voi,2,False,10,-1,False,2.5,2.5,0.0,0.0,0.3333333333333333,1.0986122886681096,0.6666666666666667,1.0986122886681098,0.33333333333333337,10,0,0,0,hold,hold|hold|hold|hold|hold|hold|hold|hold|hold|hold,1,50,0.003390541998669505,b64a4b5343df323bb76299065651c6347bda7e70833ad93a00fbc0909625c55f
triad_uniform,9008,myopic_voi,0,False,10,-1,False,2.5,2.5,0.0,0.0,0.3333333333333333,1.0986122886681096,0.6666666666666667,1.0986122886681098,0.33333333333333337,10,0,0,0,hold,hold|hold|hold|hold|hold|hold|hold|hold|hold|hold,1,50,0.003420041175559163,2da5449d77396b883980b293d8865000c497223c207babeb38eae1d9394143f5
triad_uniform,9009,myopic_voi,1,False,10,-1,False,2.5,2.5,0.0,0.0,0.3333333333333333,1.0986122886681096,0.6666666666666667,1.0986122886681098,0.33333333333333337,10,0,0,0,hold,hold|hold|hold|hold|hold|hold|hold|hold|hold|hold,1,50,0.003446750110015273,3343c1eb6a8231dc1f5685c8185cb82d45b9236165911622af4c760f60b05ea9
triad_uniform,9000,receding_horizon_voi,0,True,2,0,False,1.0443040000000001,0.25,0.7943040000000001,0.8668800000000002,0.9923617921435801,0.04484565760511795,0.00011667954923534947,0.007667528365568085,0.9499693573189278,1,1,0,0,spread,spread|hold,2,50,0.005611915839836001,b4790588bf10805308689b81fc0e076cd86929ae2d49f55652c91e5e6c76dd88
triad_uniform,9001,receding_horizon_voi,1,True,3,1,False,1.5033228800000003,0.5,1.0033228800000003,1.1281536000000003,0.9992358017768731,0.006248324508970992,1.1679968591726086e-06,0.0007644903714379773,0.7936629429403711,2,1,0,0,spread,spread|hold|hold,2,75,0.008244874887168407,0ea14cb6b0e6ec86545f480151f2ce50107378118f86c7d4e70ce96219738424
triad_uniform,9002,receding_horizon_voi,2,True,3,2,False,1.5033228800000003,0.5,1.0033228800000003,1.1281536000000003,0.9999995096060541,7.868172323879016e-06,4.006349064543314e-13,4.903940661387123e-07,0.7993771122089712,2,1,0,0,spread,spread|hold|hold,2,75,0.008382916916161776,29014b4614fb5abaa1a505992db93a58777701da1993011bb1e5d76a9ac5ec9e
triad_uniform,9003,receding_horizon_voi,2,True,3,2,False,1.5323207309869828,0.5,1.0323207309869828,1.1644009137337283,0.9999617448937845,0.0004278147990398673,2.9221880093913033e-09,3.825583796070574e-05,0.9559073857927709,1,1,1,1,spread,spread|hold|probe_1,2,75,0.00826837494969368,c774ceb6953105f1d364f7d680d5cdab0e18d4349b3c906e7ad9f919318bf541
triad_uniform,9004,receding_horizon_voi,2,True,2,2,False,1.1009822630448833,0.25,0.8509822630448832,0.937727828806104,0.9999196032808328,0.0008538289627846342,1.2339996558682417e-08,8.0399951156608e-05,0.7865235393383017,0,1,1,1,spread,spread|probe_2,2,50,0.005449125077575445,a36f644c0d650082d15b83e8c94e1f5161de89317f1eca1f32a1dc323c7d919b
triad_uniform,9005,receding_horizon_voi,0,True,2,0,False,1.0443040000000001,0.25,0.7943040000000001,0.8668800000000002,0.9999764666803456,0.00029046234184651454,8.349400678998348e-10,2.35335965673455e-05,0.9479236337082193,1,1,0,0,spread,spread|hold,2,50,0.00555004202760756,d42187bf3166e90dbee96f7f934170567b0cf3a2afe4da2070d3c43bf4322ec3
triad_uniform,9006,receding_horizon_voi,1,True,2,1,False,1.0443040000000001,0.25,0.7943040000000001,0.8668800000000002,0.9951386016902021,0.0329061586099604,4.081269918445279e-05,0.004873253343527414,0.7315838552337597,1,1,0,0,spread,spread|hold,2,50,0.005502999993041158,98251d46efc4db45386e98abe55bd5b0f1e079e65fcebe936906fd7446688003
triad_uniform,9007,receding_horizon_voi,2,True,2,2,False,1.0443040000000001,0.25,0.7943040000000001,0.8668800000000002,0.99897678262033,0.008324808587853116,1.9590334869134076e-06,0.0010237412239412623,0.9514474908780439,1,1,0,0,spread,spread|hold,2,50,0.005489540984854102,b64a4b5343df323bb76299065651c6347bda7e70833ad93a00fbc0909625c55f
triad_uniform,9008,receding_horizon_voi,0,True,4,0,False,1.9038164736000003,0.75,1.1538164736000003,1.3162705920000004,0.9999554239310542,0.0004911564651064259,3.97402142968866e-09,4.4577062488298814e-05,0.7970140080573566,3,1,0,0,spread,spread|hold|hold|hold,2,100,0.010766624938696623,2da5449d77396b883980b293d8865000c497223c207babeb38eae1d9394143f5
triad_uniform,9009,receding_horizon_voi,1,True,1,1,False,0.5040000000000001,0.0,0.5040000000000001,0.5040000000000001,0.9909115535980448,0.056904214711323044,0.00013402672716414474,0.009129998283930268,0.9909115535980448,0,1,0,0,spread,spread,2,25,0.00272966711781919,3343c1eb6a8231dc1f5685c8185cb82d45b9236165911622af4c760f60b05ea9
triad_uniform,9000,computational_oracle,0,True,2,0,False,1.0443040000000001,0.25,0.7943040000000001,0.8668800000000002,0.9923617921435801,0.04484565760511795,0.00011667954923534947,0.007667528365568085,0.9499693573189278,1,1,0,0,spread,spread|hold,3,250,0.03740720800124109,b4790588bf10805308689b81fc0e076cd86929ae2d49f55652c91e5e6c76dd88
triad_uniform,9001,computational_oracle,1,True,3,1,False,1.5033228800000003,0.5,1.0033228800000003,1.1281536000000003,0.9992358017768731,0.006248324508970992,1.1679968591726086e-06,0.0007644903714379773,0.7936629429403711,2,1,0,0,spread,spread|hold|hold,3,375,0.05551499989815056,0ea14cb6b0e6ec86545f480151f2ce50107378118f86c7d4e70ce96219738424
triad_uniform,9002,computational_oracle,2,True,3,2,False,1.5033228800000003,0.5,1.0033228800000003,1.1281536000000003,0.9999995096060541,7.868172323879016e-06,4.006349064543314e-13,4.903940661387123e-07,0.7993771122089712,2,1,0,0,spread,spread|hold|hold,3,375,0.05827679205685854,29014b4614fb5abaa1a505992db93a58777701da1993011bb1e5d76a9ac5ec9e
triad_uniform,9003,computational_oracle,2,True,3,2,False,1.5323207309869828,0.5,1.0323207309869828,1.1644009137337283,0.9999617448937845,0.0004278147990398673,2.9221880093913033e-09,3.825583796070574e-05,0.9559073857927709,1,1,1,1,spread,spread|hold|probe_1,3,375,0.05623204191215336,c774ceb6953105f1d364f7d680d5cdab0e18d4349b3c906e7ad9f919318bf541
triad_uniform,9004,computational_oracle,2,True,2,2,False,1.1009822630448833,0.25,0.8509822630448832,0.937727828806104,0.9999196032808328,0.0008538289627846342,1.2339996558682417e-08,8.0399951156608e-05,0.7865235393383017,0,1,1,1,spread,spread|probe_2,3,250,0.036871250020340085,a36f644c0d650082d15b83e8c94e1f5161de89317f1eca1f32a1dc323c7d919b
triad_uniform,9005,computational_oracle,0,True,2,0,False,1.0443040000000001,0.25,0.7943040000000001,0.8668800000000002,0.9999764666803456,0.00029046234184651454,8.349400678998348e-10,2.35335965673455e-05,0.9479236337082193,1,1,0,0,spread,spread|hold,3,250,0.036687124986201525,d42187bf3166e90dbee96f7f934170567b0cf3a2afe4da2070d3c43bf4322ec3
triad_uniform,9006,computational_oracle,1,True,2,1,False,1.0443040000000001,0.25,0.7943040000000001,0.8668800000000002,0.9951386016902021,0.0329061586099604,4.081269918445279e-05,0.004873253343527414,0.7315838552337597,1,1,0,0,spread,spread|hold,3,250,0.03692024992778897,98251d46efc4db45386e98abe55bd5b0f1e079e65fcebe936906fd7446688003
triad_uniform,9007,computational_oracle,2,True,2,2,False,1.0443040000000001,0.25,0.7943040000000001,0.8668800000000002,0.99897678262033,0.008324808587853116,1.9590334869134076e-06,0.0010237412239412623,0.9514474908780439,1,1,0,0,spread,spread|hold,3,250,0.0369887079577893,b64a4b5343df323bb76299065651c6347bda7e70833ad93a00fbc0909625c55f
triad_uniform,9008,computational_oracle,0,True,4,0,False,1.9038164736000003,0.75,1.1538164736000003,1.3162705920000004,0.9999554239310542,0.0004911564651064259,3.97402142968866e-09,4.4577062488298814e-05,0.7970140080573566,3,1,0,0,spread,spread|hold|hold|hold,3,500,0.07300466694869101,2da5449d77396b883980b293d8865000c497223c207babeb38eae1d9394143f5
triad_uniform,9009,computational_oracle,1,True,1,1,False,0.5040000000000001,0.0,0.5040000000000001,0.5040000000000001,0.9909115535980448,0.056904214711323044,0.00013402672716414474,0.009129998283930268,0.9909115535980448,0,1,0,0,spread,spread,3,125,0.018394916085526347,3343c1eb6a8231dc1f5685c8185cb82d45b9236165911622af4c760f60b05ea9
near_pair_rare_distractor,9000,passive,0,False,10,-1,False,2.5,2.5,0.0,0.0,0.44999999999999996,0.948915435895399,0.515,0.7985076962177717,0.45,10,0,0,0,hold,hold|hold|hold|hold|hold|hold|hold|hold|hold|hold,0,0,0.00021170801483094692,ef740832e75ba574c672f685632e2a7ff9b68a0b835d228a479307ba0e2b4987
near_pair_rare_distractor,9001,passive,1,False,10,-1,False,2.5,2.5,0.0,0.0,0.44999999999999996,0.948915435895399,0.515,0.7985076962177717,0.45,10,0,0,0,hold,hold|hold|hold|hold|hold|hold|hold|hold|hold|hold,0,0,0.00020674988627433777,08084dd6a557df3b1a90d6ec1c76609ca3d1609cfc65ea6e99c0b67883fe0847
near_pair_rare_distractor,9002,passive,2,False,10,-1,False,2.5,2.5,0.0,0.0,0.09999999999999994,0.948915435895399,1.2149999999999999,2.3025850929940463,0.45,10,0,0,0,hold,hold|hold|hold|hold|hold|hold|hold|hold|hold|hold,0,0,0.00018895813263952732,8e640680c47c4d6ec14d278b2f96066278df4f4da25413e81bf8384006bac519
near_pair_rare_distractor,9003,passive,1,False,10,-1,False,2.5,2.5,0.0,0.0,0.45000000000000007,0.9489154358953987,0.515,0.7985076962177715,0.45,10,0,0,0,hold,hold|hold|hold|hold|hold|hold|hold|hold|hold|hold,0,0,0.0002013330813497305,eb9daf01e99b0cc0b2c3b147db8ba9b3a4c7a690b2ccb6f174b406e60d285947
near_pair_rare_distractor,9004,passive,1,False,10,-1,False,2.5,2.5,0.0,0.0,0.44999999999999996,0.9489154358953991,0.515,0.7985076962177717,0.45,10,0,0,0,hold,hold|hold|hold|hold|hold|hold|hold|hold|hold|hold,0,0,0.00018520792946219444,6e1ba6010bc0e1172302e7371b410a4c1702a73c5768a2308c20a4b4c707b6bb
near_pair_rare_distractor,9005,passive,0,False,10,-1,False,2.5,2.5,0.0,0.0,0.44999999999999996,0.9489154358953992,0.515,0.7985076962177717,0.45,10,0,0,0,hold,hold|hold|hold|hold|hold|hold|hold|hold|hold|hold,0,0,0.0001877918839454651,39f6b8fc78fb1f6b17f0ff7782ceda8f0d44f93f088913fd2f2f7d47ab46c582
near_pair_rare_distractor,9006,passive,0,False,10,-1,False,2.5,2.5,0.0,0.0,0.44999999999999996,0.948915435895399,0.515,0.7985076962177717,0.45,10,0,0,0,hold,hold|hold|hold|hold|hold|hold|hold|hold|hold|hold,0,0,0.0001885418314486742,fadf4100cbbc08d5fe121a1acae3e0bacee2d55b406b39f187c59020733566b7
near_pair_rare_distractor,9007,passive,1,False,10,-1,False,2.5,2.5,0.0,0.0,0.44999999999999996,0.9489154358953992,0.515,0.7985076962177717,0.45,10,0,0,0,hold,hold|hold|hold|hold|hold|hold|hold|hold|hold|hold,0,0,0.00018266704864799976,3a5122cff207cbf5d6485816bb60f042432ef5ad985052dcf7e27d583bd1ff4a
near_pair_rare_distractor,9008,passive,0,False,10,-1,False,2.5,2.5,0.0,0.0,0.45000000000000007,0.9489154358953987,0.515,0.7985076962177715,0.45,10,0,0,0,hold,hold|hold|hold|hold|hold|hold|hold|hold|hold|hold,0,0,0.00018345913849771023,9e5f55005f2e3e8add09a75b19196c6c11711e24092ff2d45c49ccb6acb1bed9
near_pair_rare_distractor,9009,passive,0,False,10,-1,False,2.5,2.5,0.0,0.0,0.44999999999999996,0.9489154358953992,0.515,0.7985076962177717,0.45,10,0,0,0,hold,hold|hold|hold|hold|hold|hold|hold|hold|hold|hold,0,0,0.00018629198893904686,ff54a97671fb1c4e687976baea0432c8588df8e3e7d814dfddb8676aa4047ff3
near_pair_rare_distractor,9000,round_robin,0,True,2,0,False,1.7305504000000003,0.25,1.4805504000000003,1.37088,0.9999269875977368,0.0007684475722131866,1.0661585507778626e-08,7.301506779839382e-05,0.9565044260185425,0,2,0,0,spread,spread|spread,0,0,9.158393368124962e-05,ef740832e75ba574c672f685632e2a7ff9b68a0b835d228a479307ba0e2b4987
near_pair_rare_distractor,9001,round_robin,1,True,3,1,False,3.1989562880000006,0.5,2.6989562880000006,2.4990336,0.9999983755833342,2.3278477221233792e-05,5.277459008715551e-12,1.624417985212521e-06,0.7865164531126526,0,3,0,0,spread,spread|spread|spread,0,0,0.0001220828853547573,08084dd6a557df3b1a90d6ec1c76609ca3d1609cfc65ea6e99c0b67883fe0847
near_pair_rare_distractor,9002,round_robin,2,True,2,2,False,1.7305504000000003,0.25,1.4805504000000003,1.37088,0.9999999999971387,7.937754648557811e-11,1.577474950703568e-23,2.861266779068047e-12,0.7448405153180442,0,2,0,0,spread,spread|spread,0,0,8.816691115498543e-05,8e640680c47c4d6ec14d278b2f96066278df4f4da25413e81bf8384006bac519
near_pair_rare_distractor,9003,round_robin,1,True,2,1,False,1.7305504000000003,0.25,1.4805504000000003,1.37088,0.999789732484235,0.0019906077889878743,8.842485637202458e-08,0.00021028962507842224,0.8710661983229673,0,2,0,0,spread,spread|spread,0,0,8.920906111598015e-05,eb9daf01e99b0cc0b2c3b147db8ba9b3a4c7a690b2ccb6f174b406e60d285947
near_pair_rare_distractor,9004,round_robin,1,True,3,1,False,3.1989562880000006,0.5,2.6989562880000006,2.4990336,1.0,6.907755278982138e-14,2.0259858209251524e-34,-0.0,0.896563964450522,0,3,0,0,spread,spread|spread|spread,0,0,0.00011904188431799412,6e1ba6010bc0e1172302e7371b410a4c1702a73c5768a2308c20a4b4c707b6bb
near_pair_rare_distractor,9005,round_robin,0,True,2,0,False,1.7305504000000003,0.25,1.4805504000000003,1.37088,0.9995870883741522,0.0036303481184248795,3.4099202152045803e-07,0.00041299689732702307,0.8278719705529001,0,2,0,0,spread,spread|spread,0,0,8.679204620420933e-05,39f6b8fc78fb1f6b17f0ff7782ceda8f0d44f93f088913fd2f2f7d47ab46c582
near_pair_rare_distractor,9006,round_robin,0,True,2,0,False,1.7305504000000003,0.25,1.4805504000000003,1.37088,0.9991099931672925,0.0071412691160587715,1.5842243245290787e-06,0.0008904031239406414,0.8121184129241998,0,2,0,0,spread,spread|spread,0,0,8.495780639350414e-05,fadf4100cbbc08d5fe121a1acae3e0bacee2d55b406b39f187c59020733566b7
near_pair_rare_distractor,9007,round_robin,1,True,3,1,False,3.1989562880000006,0.5,2.6989562880000006,2.4990336,0.9999998087668446,3.1495665698999975e-06,7.314023946620687e-14,1.9123317370719468e-07,0.9160416804695601,0,3,0,0,spread,spread|spread|spread,0,0,0.00011112517677247524,3a5122cff207cbf5d6485816bb60f042432ef5ad985052dcf7e27d583bd1ff4a
near_pair_rare_distractor,9008,round_robin,0,True,3,0,False,3.1989562880000006,0.5,2.6989562880000006,2.4990336,0.9999985121577201,2.1451982119957136e-05,4.427349299880054e-12,1.4878433867731264e-06,0.7932960414823284,0,3,0,0,spread,spread|spread|spread,0,0,0.00011654198169708252,9e5f55005f2e3e8add09a75b19196c6c11711e24092ff2d45c49ccb6acb1bed9
near_pair_rare_distractor,9009,round_robin,0,True,3,0,False,3.1989562880000006,0.5,2.6989562880000006,2.4990336,0.9999999999369777,1.5432953195241446e-09,7.94361597388998e-21,6.302225408404277e-11,0.8563091890066996,0,3,0,0,spread,spread|spread|spread,0,0,0.00011108303442597389,ff54a97671fb1c4e687976baea0432c8588df8e3e7d814dfddb8676aa4047ff3
near_pair_rare_distractor,9000,myopic_voi,0,False,10,-1,False,2.5,2.5,0.0,0.0,0.44999999999999996,0.948915435895399,0.515,0.7985076962177717,0.45,10,0,0,0,hold,hold|hold|hold|hold|hold|hold|hold|hold|hold|hold,1,50,0.0031977910548448563,ef740832e75ba574c672f685632e2a7ff9b68a0b835d228a479307ba0e2b4987
near_pair_rare_distractor,9001,myopic_voi,1,False,10,-1,False,2.5,2.5,0.0,0.0,0.44999999999999996,0.948915435895399,0.515,0.7985076962177717,0.45,10,0,0,0,hold,hold|hold|hold|hold|hold|hold|hold|hold|hold|hold,1,50,0.0032042500097304583,08084dd6a557df3b1a90d6ec1c76609ca3d1609cfc65ea6e99c0b67883fe0847
near_pair_rare_distractor,9002,myopic_voi,2,False,10,-1,False,2.5,2.5,0.0,0.0,0.09999999999999994,0.948915435895399,1.2149999999999999,2.3025850929940463,0.45,10,0,0,0,hold,hold|hold|hold|hold|hold|hold|hold|hold|hold|hold,1,50,0.0031588750425726175,8e640680c47c4d6ec14d278b2f96066278df4f4da25413e81bf8384006bac519
near_pair_rare_distractor,9003,myopic_voi,1,False,10,-1,False,2.5,2.5,0.0,0.0,0.45000000000000007,0.9489154358953987,0.515,0.7985076962177715,0.45,10,0,0,0,hold,hold|hold|hold|hold|hold|hold|hold|hold|hold|hold,1,50,0.0031882920302450657,eb9daf01e99b0cc0b2c3b147db8ba9b3a4c7a690b2ccb6f174b406e60d285947
near_pair_rare_distractor,9004,myopic_voi,1,False,10,-1,False,2.5,2.5,0.0,0.0,0.44999999999999996,0.9489154358953991,0.515,0.7985076962177717,0.45,10,0,0,0,hold,hold|hold|hold|hold|hold|hold|hold|hold|hold|hold,1,50,0.0032221670262515545,6e1ba6010bc0e1172302e7371b410a4c1702a73c5768a2308c20a4b4c707b6bb
near_pair_rare_distractor,9005,myopic_voi,0,False,10,-1,False,2.5,2.5,0.0,0.0,0.44999999999999996,0.9489154358953992,0.515,0.7985076962177717,0.45,10,0,0,0,hold,hold|hold|hold|hold|hold|hold|hold|hold|hold|hold,1,50,0.0031699591781944036,39f6b8fc78fb1f6b17f0ff7782ceda8f0d44f93f088913fd2f2f7d47ab46c582
near_pair_rare_distractor,9006,myopic_voi,0,False,10,-1,False,2.5,2.5,0.0,0.0,0.44999999999999996,0.948915435895399,0.515,0.7985076962177717,0.45,10,0,0,0,hold,hold|hold|hold|hold|hold|hold|hold|hold|hold|hold,1,50,0.0031699170358479023,fadf4100cbbc08d5fe121a1acae3e0bacee2d55b406b39f187c59020733566b7
near_pair_rare_distractor,9007,myopic_voi,1,False,10,-1,False,2.5,2.5,0.0,0.0,0.44999999999999996,0.9489154358953992,0.515,0.7985076962177717,0.45,10,0,0,0,hold,hold|hold|hold|hold|hold|hold|hold|hold|hold|hold,1,50,0.003393084043636918,3a5122cff207cbf5d6485816bb60f042432ef5ad985052dcf7e27d583bd1ff4a
near_pair_rare_distractor,9008,myopic_voi,0,False,10,-1,False,2.5,2.5,0.0,0.0,0.45000000000000007,0.9489154358953987,0.515,0.7985076962177715,0.45,10,0,0,0,hold,hold|hold|hold|hold|hold|hold|hold|hold|hold|hold,1,50,0.003378292080014944,9e5f55005f2e3e8add09a75b19196c6c11711e24092ff2d45c49ccb6acb1bed9
near_pair_rare_distractor,9009,myopic_voi,0,False,10,-1,False,2.5,2.5,0.0,0.0,0.44999999999999996,0.9489154358953992,0.515,0.7985076962177717,0.45,10,0,0,0,hold,hold|hold|hold|hold|hold|hold|hold|hold|hold|hold,1,50,0.0033807081636041403,ff54a97671fb1c4e687976baea0432c8588df8e3e7d814dfddb8676aa4047ff3
near_pair_rare_distractor,9000,receding_horizon_voi,0,True,2,0,False,1.084624,0.25,0.834624,0.86688,0.9956293062627842,0.02872492419303983,3.702357441622434e-05,0.004380273141707004,0.9543555853510661,1,1,0,0,spread,spread|hold,2,50,0.005680416943505406,ef740832e75ba574c672f685632e2a7ff9b68a0b835d228a479307ba0e2b4987
near_pair_rare_distractor,9001,receding_horizon_voi,1,True,5,1,False,2.5207676430744526,1.0,1.5207676430744528,1.724559553843066,0.9999969927150193,4.124332384184874e-05,1.8087525910755787e-11,3.0072895025955597e-06,0.8059179435847936,3,1,1,1,spread,spread|probe_0|hold|hold|hold,2,125,0.014126082882285118,08084dd6a557df3b1a90d6ec1c76609ca3d1609cfc65ea6e99c0b67883fe0847
near_pair_rare_distractor,9002,receding_horizon_voi,2,True,2,2,False,1.1682017953546775,0.25,0.9182017953546775,0.9713522441933469,0.999994822005425,6.854561573486959e-05,5.2966337085313493e-11,5.178007980860975e-06,0.7448379263221874,0,1,1,1,spread,spread|probe_0,2,50,0.005647042067721486,8e640680c47c4d6ec14d278b2f96066278df4f4da25413e81bf8384006bac519
near_pair_rare_distractor,9003,receding_horizon_voi,1,True,3,1,False,1.6873966880100453,0.5,1.1873966880100453,1.3078458600125566,0.9998103191805267,0.00181525927951829,7.195762655215553e-08,0.00018969881115513988,0.9060799366845971,1,1,1,1,spread,spread|probe_0|hold,2,75,0.008378083119168878,eb9daf01e99b0cc0b2c3b147db8ba9b3a4c7a690b2ccb6f174b406e60d285947
near_pair_rare_distractor,9004,receding_horizon_voi,1,True,3,1,False,1.7837927866009686,0.5,1.2837927866009686,1.4283409832512108,0.9999735908507507,0.00030480877131340155,1.394886328143094e-09,2.640949797706191e-05,0.8323996314055154,0,1,2,1,spread,spread|probe_0|probe_0,2,75,0.008453916991129518,6e1ba6010bc0e1172302e7371b410a4c1702a73c5768a2308c20a4b4c707b6bb
near_pair_rare_distractor,9005,receding_horizon_voi,0,True,2,0,False,1.7305504000000003,0.25,1.4805504000000003,1.37088,0.9995870883741522,0.0036303481184248795,3.4099202152045803e-07,0.00041299689732702307,0.8278719705529001,0,2,0,0,spread,spread|spread,2,50,0.005504207918420434,39f6b8fc78fb1f6b17f0ff7782ceda8f0d44f93f088913fd2f2f7d47ab46c582
near_pair_rare_distractor,9006,receding_horizon_voi,0,True,3,0,False,1.6873966880100453,0.5,1.1873966880100453,1.3078458600125566,0.997605792097571,0.016839672706997478,1.1464462960106575e-05,0.0023970786011173273,0.8629974540976582,1,1,1,1,spread,spread|probe_0|hold,2,75,0.00843529193662107,fadf4100cbbc08d5fe121a1acae3e0bacee2d55b406b39f187c59020733566b7
near_pair_rare_distractor,9007,receding_horizon_voi,1,True,4,1,False,1.9992561388373555,0.75,1.2492561388373555,1.3851701735466944,0.999395140909331,0.005086993512037726,7.317090391298615e-07,0.0006050420917257239,0.8551080201266184,2,1,1,1,spread,spread|probe_1|hold|hold,2,100,0.01133833290077746,3a5122cff207cbf5d6485816bb60f042432ef5ad985052dcf7e27d583bd1ff4a
near_pair_rare_distractor,9008,receding_horizon_voi,0,True,3,0,False,2.4701270296019917,0.5,1.9701270296019915,1.9828507870024892,0.9981235875185089,0.013655506994142468,7.041847601390827e-06,0.0018781751487304188,0.7926710666025913,0,2,1,1,spread,spread|spread|probe_1,2,75,0.008407416986301541,9e5f55005f2e3e8add09a75b19196c6c11711e24092ff2d45c49ccb6acb1bed9
near_pair_rare_distractor,9009,receding_horizon_voi,0,True,4,0,False,2.2970183002982982,0.75,1.5470183002982982,1.757372875372873,0.9999990007346053,1.480536087634372e-05,1.9970626580444622e-12,9.99265893918224e-07,0.8190208617263799,1,1,2,1,spread,spread|probe_0|probe_0|hold,2,100,0.010722959181293845,ff54a97671fb1c4e687976baea0432c8588df8e3e7d814dfddb8676aa4047ff3
near_pair_rare_distractor,9000,computational_oracle,0,True,4,0,False,1.2388848384,0.75,0.48888483839999997,0.611106048,0.9945591208363597,0.03379378599300515,5.9206332146671714e-05,0.005455734655804981,0.7442680733183005,2,0,2,1,probe_0,probe_0|probe_0|hold|hold,3,500,0.07381516601890326,ef740832e75ba574c672f685632e2a7ff9b68a0b835d228a479307ba0e2b4987
near_pair_rare_distractor,9001,computational_oracle,1,True,3,1,False,0.99980672,0.5,0.49980672000000004,0.6247584,0.9999573468065283,0.00047518473265631417,3.5845000382324444e-09,4.2654103145065977e-05,0.7382173310909312,0,0,3,1,probe_0,probe_0|probe_0|probe_0,3,375,0.05541504197753966,08084dd6a557df3b1a90d6ec1c76609ca3d1609cfc65ea6e99c0b67883fe0847
near_pair_rare_distractor,9002,computational_oracle,2,True,4,2,False,1.2388848384,0.75,0.48888483839999997,0.611106048,0.9999909614518901,0.00011401231354166376,1.6339070386914288e-10,9.038588957774156e-06,0.7741433628492308,2,0,2,1,probe_0,probe_0|probe_0|hold|hold,3,500,0.07348858402110636,8e640680c47c4d6ec14d278b2f96066278df4f4da25413e81bf8384006bac519
near_pair_rare_distractor,9003,computational_oracle,1,True,3,1,False,0.99980672,0.5,0.49980672000000004,0.6247584,0.9978817660353675,0.015158416599712139,8.973800513080649e-06,0.002120480595350625,0.7060393027365163,0,0,3,1,probe_0,probe_0|probe_0|probe_0,3,375,0.057201834162697196,eb9daf01e99b0cc0b2c3b147db8ba9b3a4c7a690b2ccb6f174b406e60d285947
near_pair_rare_distractor,9004,computational_oracle,1,True,3,1,False,0.89900672,0.5,0.39900672,0.49875840000000005,0.9940230094166118,0.036585818294998414,7.141344260127681e-05,0.005994924287030411,0.8084164092350153,1,0,2,1,probe_0,probe_0|probe_0|hold,3,375,0.05579850007779896,6e1ba6010bc0e1172302e7371b410a4c1702a73c5768a2308c20a4b4c707b6bb
near_pair_rare_distractor,9005,computational_oracle,0,True,3,0,False,0.89900672,0.5,0.39900672,0.49875840000000005,0.9999093658839686,0.0009343139791244877,1.6429085977587246e-08,9.063822355106893e-05,0.7758499950023957,1,0,2,1,probe_0,probe_0|probe_0|hold,3,375,0.05692337499931455,39f6b8fc78fb1f6b17f0ff7782ceda8f0d44f93f088913fd2f2f7d47ab46c582
near_pair_rare_distractor,9006,computational_oracle,0,True,3,0,False,0.99980672,0.5,0.49980672000000004,0.6247584,0.9999101940491988,0.000926601133607103,1.613021759860854e-08,8.98099835970614e-05,0.7290457055800569,0,0,3,1,probe_0,probe_0|probe_0|probe_0,3,375,0.05686566699296236,fadf4100cbbc08d5fe121a1acae3e0bacee2d55b406b39f187c59020733566b7
near_pair_rare_distractor,9007,computational_oracle,1,True,3,1,False,0.89900672,0.5,0.39900672,0.49875840000000005,0.9994354762157299,0.005004747535393229,5.653367709542246e-07,0.0005646831878157984,0.8270416573215987,1,0,2,1,probe_0,probe_0|probe_0|hold,3,375,0.064324582926929,3a5122cff207cbf5d6485816bb60f042432ef5ad985052dcf7e27d583bd1ff4a
near_pair_rare_distractor,9008,computational_oracle,0,True,3,0,False,0.89900672,0.5,0.39900672,0.49875840000000005,0.9980579292274748,0.014066474541069615,7.543277770988147e-06,0.0019439590371263184,0.8230731189411555,1,0,2,1,probe_0,probe_0|probe_0|hold,3,375,0.0670733330771327,9e5f55005f2e3e8add09a75b19196c6c11711e24092ff2d45c49ccb6acb1bed9
near_pair_rare_distractor,9009,computational_oracle,0,True,4,0,False,1.2388848384,0.75,0.48888483839999997,0.611106048,0.9999349743388207,0.0006919182970732814,8.456673223603582e-09,6.502777543923482e-05,0.812406893268186,2,0,2,1,probe_0,probe_0|probe_0|hold|hold,3,500,0.07927216682583094,ff54a97671fb1c4e687976baea0432c8588df8e3e7d814dfddb8676aa4047ff3
asymmetric_transit,9000,passive,0,False,10,-1,False,2.5,2.5,0.0,0.0,0.5000000000000006,0.9985793315873919,0.3949999999999991,0.6931471805599442,0.5000000000000002,10,0,0,0,hold,hold|hold|hold|hold|hold|hold|hold|hold|hold|hold,0,0,0.00027308380231261253,3bd999e4ad018352d4dd5e026cfd7d4849e5a83c9d669a97a56a13f5624ebc8b
asymmetric_transit,9001,passive,1,False,10,-1,False,2.5,2.5,0.0,0.0,0.3499999999999996,0.9985793315873922,0.6950000000000006,1.049822124498679,0.5000000000000002,10,0,0,0,hold,hold|hold|hold|hold|hold|hold|hold|hold|hold|hold,0,0,0.0002027079463005066,d3a33c032cfac64ca16cca514ba45d5b6dfb5e01d60b328c5be539cb035d329a
asymmetric_transit,9002,passive,2,False,10,-1,False,2.5,2.5,0.0,0.0,0.14999999999999997,0.9985793315873921,1.095,1.8971199848858815,0.49999999999999983,10,0,0,0,hold,hold|hold|hold|hold|hold|hold|hold|hold|hold|hold,0,0,0.000203792005777359,95b1fc6fa610b5c15d51096e727288bb9f6dff26c4f2e216731fa28cb1f908db
asymmetric_transit,9003,passive,1,False,10,-1,False,2.5,2.5,0.0,0.0,0.34999999999999937,0.9985793315873919,0.6950000000000014,1.0498221244986794,0.5000000000000004,10,0,0,0,hold,hold|hold|hold|hold|hold|hold|hold|hold|hold|hold,0,0,0.00020087510347366333,855fd9d51b22d7f21015bc3b38980630c5d108feb0c0e9184c4183ebd58a03fa
asymmetric_transit,9004,passive,1,False,10,-1,False,2.5,2.5,0.0,0.0,0.3500000000000002,0.9985793315873923,0.6949999999999995,1.0498221244986772,0.49999999999999983,10,0,0,0,hold,hold|hold|hold|hold|hold|hold|hold|hold|hold|hold,0,0,0.00019950000569224358,8aeb8b9caec6aa4e2ff33d26e4734c832278b86f47e2252f7bd8e4ca52323f16
asymmetric_transit,9005,passive,0,False,10,-1,False,2.5,2.5,0.0,0.0,0.5000000000000004,0.9985793315873919,0.39499999999999924,0.6931471805599444,0.5000000000000002,10,0,0,0,hold,hold|hold|hold|hold|hold|hold|hold|hold|hold|hold,0,0,0.0002002499531954527,877914219b86dae52be433f45a624fee7b2f88d32234441c7e8a6ad77322d16d
asymmetric_transit,9006,passive,0,False,10,-1,False,2.5,2.5,0.0,0.0,0.4999999999999999,0.9985793315873922,0.3950000000000001,0.6931471805599455,0.5,10,0,0,0,hold,hold|hold|hold|hold|hold|hold|hold|hold|hold|hold,0,0,0.0002062499988824129,5e76c4ebbbc4f80cb622e99ddc63cd11cebf9574b2646395da24c83c04fe1047
asymmetric_transit,9007,passive,1,False,10,-1,False,2.5,2.5,0.0,0.0,0.35000000000000014,0.9985793315873921,0.6949999999999996,1.0498221244986772,0.49999999999999983,10,0,0,0,hold,hold|hold|hold|hold|hold|hold|hold|hold|hold|hold,0,0,0.00020366604439914227,97e12a34fd7ba846f8ba42457b5ac27b7861f7c6b64c60e153f634fe6a41286e
asymmetric_transit,9008,passive,0,False,10,-1,False,2.5,2.5,0.0,0.0,0.5,0.9985793315873921,0.395,0.6931471805599453,0.5,10,0,0,0,hold,hold|hold|hold|hold|hold|hold|hold|hold|hold|hold,0,0,0.0002019170206040144,44a9667e6c437c2383c287d67d59e91be1cc052f58e4d8aed2c1029f4ad5ba77
asymmetric_transit,9009,passive,0,False,10,-1,False,2.5,2.5,0.0,0.0,0.5000000000000003,0.9985793315873919,0.3949999999999994,0.6931471805599446,0.5000000000000001,10,0,0,0,hold,hold|hold|hold|hold|hold|hold|hold|hold|hold|hold,0,0,0.00021062488667666912,eca7b82e77214b151a646e8ceef52f94621dffc529a479630e6af63f6b838305
asymmetric_transit,9000,round_robin,0,True,2,0,False,1.8402208000000002,0.25,1.5902208000000002,1.3708800000000003,0.9999978977861639,2.958346334801071e-05,8.838600459788712e-12,2.1022160457739074e-06,0.984653433609964,0,2,0,0,spread,spread|spread,0,0,0.00010058307088911533,3bd999e4ad018352d4dd5e026cfd7d4849e5a83c9d669a97a56a13f5624ebc8b
asymmetric_transit,9001,round_robin,1,True,2,1,False,1.8402208000000002,0.25,1.5902208000000002,1.3708800000000003,0.9972359291873611,0.019043529333140845,1.5280174729288637e-05,0.0027678979102401524,0.8669732957049858,0,2,0,0,spread,spread|spread,0,0,9.904196485877037e-05,d3a33c032cfac64ca16cca514ba45d5b6dfb5e01d60b328c5be539cb035d329a
asymmetric_transit,9002,round_robin,2,True,2,2,False,1.8402208000000002,0.25,1.5902208000000002,1.3708800000000003,0.9999696993868473,0.0003462473838971616,1.8300233007446975e-09,3.03010722255306e-05,0.7412336008770362,0,2,0,0,spread,spread|spread,0,0,9.733298793435097e-05,95b1fc6fa610b5c15d51096e727288bb9f6dff26c4f2e216731fa28cb1f908db
asymmetric_transit,9003,round_robin,1,True,2,1,False,1.8402208000000002,0.25,1.5902208000000002,1.3708800000000003,0.9999999999459284,1.3690322031473958e-09,4.429296480880357e-21,5.407163605899072e-11,0.9243776851509433,0,2,0,0,spread,spread|spread,0,0,9.804219007492065e-05,855fd9d51b22d7f21015bc3b38980630c5d108feb0c0e9184c4183ebd58a03fa
asymmetric_transit,9004,round_robin,1,True,2,1,False,1.8402208000000002,0.25,1.5902208000000002,1.3708800000000003,0.9999767880352805,0.0002746832403982989,1.0377891735741943e-09,2.3212234121371426e-05,0.8704297575875899,0,2,0,0,spread,spread|spread,0,0,9.52498521655798e-05,8aeb8b9caec6aa4e2ff33d26e4734c832278b86f47e2252f7bd8e4ca52323f16
asymmetric_transit,9005,round_robin,0,True,2,0,False,1.8402208000000002,0.25,1.5902208000000002,1.3708800000000003,0.9999999997742333,5.347427400333839e-09,8.677735174844597e-20,2.2576673866287491e-10,0.9662828080213661,0,2,0,0,spread,spread|spread,0,0,9.833415970206261e-05,877914219b86dae52be433f45a624fee7b2f88d32234441c7e8a6ad77322d16d
asymmetric_transit,9006,round_robin,0,True,2,0,False,1.8402208000000002,0.25,1.5902208000000002,1.3708800000000003,0.9999999867050733,2.553156638545284e-07,3.490744653396434e-16,1.3294926803468121e-08,0.889693855571311,0,2,0,0,spread,spread|spread,0,0,0.00018454203382134438,5e76c4ebbbc4f80cb622e99ddc63cd11cebf9574b2646395da24c83c04fe1047
asymmetric_transit,9007,round_robin,1,True,2,1,False,1.8402208000000002,0.25,1.5902208000000002,1.3708800000000003,0.9999977345731705,3.3222899258393554e-05,7.829052745845512e-12,2.2654293955451936e-06,0.9442203668021383,0,2,0,0,spread,spread|spread,0,0,0.00012954208068549633,97e12a34fd7ba846f8ba42457b5ac27b7861f7c6b64c60e153f634fe6a41286e
asymmetric_transit,9008,round_robin,0,True,3,0,False,3.398878976,0.5,2.898878976,2.4990336000000006,0.9999999999997207,8.389668455858182e-12,1.560792618210467e-25,2.793321129957284e-13,0.8028866140085329,0,3,0,0,spread,spread|spread|spread,0,0,0.00013441615737974644,44a9667e6c437c2383c287d67d59e91be1cc052f58e4d8aed2c1029f4ad5ba77
asymmetric_transit,9009,round_robin,0,True,2,0,False,1.8402208000000002,0.25,1.5902208000000002,1.3708800000000003,0.9999971568933173,3.968280269326691e-05,1.5455252446264558e-11,2.8431107243838074e-06,0.7760245723099282,0,2,0,0,spread,spread|spread,0,0,9.92089044302702e-05,eca7b82e77214b151a646e8ceef52f94621dffc529a479630e6af63f6b838305
asymmetric_transit,9000,myopic_voi,0,False,10,-1,False,2.5,2.5,0.0,0.0,0.5000000000000006,0.9985793315873919,0.3949999999999991,0.6931471805599442,0.5000000000000002,10,0,0,0,hold,hold|hold|hold|hold|hold|hold|hold|hold|hold|hold,1,50,0.0037704170681536198,3bd999e4ad018352d4dd5e026cfd7d4849e5a83c9d669a97a56a13f5624ebc8b
asymmetric_transit,9001,myopic_voi,1,False,10,-1,False,2.5,2.5,0.0,0.0,0.3499999999999996,0.9985793315873922,0.6950000000000006,1.049822124498679,0.5000000000000002,10,0,0,0,hold,hold|hold|hold|hold|hold|hold|hold|hold|hold|hold,1,50,0.003931292099878192,d3a33c032cfac64ca16cca514ba45d5b6dfb5e01d60b328c5be539cb035d329a
asymmetric_transit,9002,myopic_voi,2,False,10,-1,False,2.5,2.5,0.0,0.0,0.14999999999999997,0.9985793315873921,1.095,1.8971199848858815,0.49999999999999983,10,0,0,0,hold,hold|hold|hold|hold|hold|hold|hold|hold|hold|hold,1,50,0.0035233749076724052,95b1fc6fa610b5c15d51096e727288bb9f6dff26c4f2e216731fa28cb1f908db
asymmetric_transit,9003,myopic_voi,1,False,10,-1,False,2.5,2.5,0.0,0.0,0.34999999999999937,0.9985793315873919,0.6950000000000014,1.0498221244986794,0.5000000000000004,10,0,0,0,hold,hold|hold|hold|hold|hold|hold|hold|hold|hold|hold,1,50,0.0034534998703747988,855fd9d51b22d7f21015bc3b38980630c5d108feb0c0e9184c4183ebd58a03fa
asymmetric_transit,9004,myopic_voi,1,False,10,-1,False,2.5,2.5,0.0,0.0,0.3500000000000002,0.9985793315873923,0.6949999999999995,1.0498221244986772,0.49999999999999983,10,0,0,0,hold,hold|hold|hold|hold|hold|hold|hold|hold|hold|hold,1,50,0.0057145829778164625,8aeb8b9caec6aa4e2ff33d26e4734c832278b86f47e2252f7bd8e4ca52323f16
asymmetric_transit,9005,myopic_voi,0,False,10,-1,False,2.5,2.5,0.0,0.0,0.5000000000000004,0.9985793315873919,0.39499999999999924,0.6931471805599444,0.5000000000000002,10,0,0,0,hold,hold|hold|hold|hold|hold|hold|hold|hold|hold|hold,1,50,0.0049680001102387905,877914219b86dae52be433f45a624fee7b2f88d32234441c7e8a6ad77322d16d
asymmetric_transit,9006,myopic_voi,0,False,10,-1,False,2.5,2.5,0.0,0.0,0.4999999999999999,0.9985793315873922,0.3950000000000001,0.6931471805599455,0.5,10,0,0,0,hold,hold|hold|hold|hold|hold|hold|hold|hold|hold|hold,1,50,0.004896458936855197,5e76c4ebbbc4f80cb622e99ddc63cd11cebf9574b2646395da24c83c04fe1047
asymmetric_transit,9007,myopic_voi,1,False,10,-1,False,2.5,2.5,0.0,0.0,0.35000000000000014,0.9985793315873921,0.6949999999999996,1.0498221244986772,0.49999999999999983,10,0,0,0,hold,hold|hold|hold|hold|hold|hold|hold|hold|hold|hold,1,50,0.00528108305297792,97e12a34fd7ba846f8ba42457b5ac27b7861f7c6b64c60e153f634fe6a41286e
asymmetric_transit,9008,myopic_voi,0,False,10,-1,False,2.5,2.5,0.0,0.0,0.5,0.9985793315873921,0.395,0.6931471805599453,0.5,10,0,0,0,hold,hold|hold|hold|hold|hold|hold|hold|hold|hold|hold,1,50,0.005864874925464392,44a9667e6c437c2383c287d67d59e91be1cc052f58e4d8aed2c1029f4ad5ba77
asymmetric_transit,9009,myopic_voi,0,False,10,-1,False,2.5,2.5,0.0,0.0,0.5000000000000003,0.9985793315873919,0.3949999999999994,0.6931471805599446,0.5000000000000001,10,0,0,0,hold,hold|hold|hold|hold|hold|hold|hold|hold|hold|hold,1,50,0.005702916998416185,eca7b82e77214b151a646e8ceef52f94621dffc529a479630e6af63f6b838305
asymmetric_transit,9000,receding_horizon_voi,0,True,2,0,False,1.0920714471763013,0.25,0.8420714471763013,0.8825756576122078,0.9964750728433793,0.023437816754818243,2.484184791935476e-05,0.0035311543502596896,0.9828920211385718,0,1,1,1,spread,spread|probe_1,2,50,0.007969917031005025,3bd999e4ad018352d4dd5e026cfd7d4849e5a83c9d669a97a56a13f5624ebc8b
asymmetric_transit,9001,receding_horizon_voi,1,True,4,1,False,1.967133922685868,0.75,1.217133922685868,1.3514037519991657,0.9955034084673607,0.028788036664033984,4.043865323674952e-05,0.004506731608950189,0.7668080703227718,2,1,1,1,spread,spread|probe_1|hold|hold,2,100,0.013884791871532798,d3a33c032cfac64ca16cca514ba45d5b6dfb5e01d60b328c5be539cb035d329a
asymmetric_transit,9002,receding_horizon_voi,2,True,3,2,False,1.5772582213389355,0.5,1.0772582213389355,1.1644009137337283,0.9999987706095796,1.8809908270784486e-05,2.270042976584549e-12,1.229391176055215e-06,0.807672007704347,1,1,1,1,spread,spread|hold|probe_1,2,75,0.009037291165441275,95b1fc6fa610b5c15d51096e727288bb9f6dff26c4f2e216731fa28cb1f908db
asymmetric_transit,9003,receding_horizon_voi,1,True,2,1,False,1.1249440000000002,0.25,0.8749440000000002,0.8668800000000002,0.9999916372096013,0.00011193279478204971,1.0492108294115682e-10,8.362825367057029e-06,0.9243735037827797,1,1,0,0,spread,spread|hold,2,50,0.005677917040884495,855fd9d51b22d7f21015bc3b38980630c5d108feb0c0e9184c4183ebd58a03fa
asymmetric_transit,9004,receding_horizon_voi,1,True,3,1,False,1.5601310259609331,0.5,1.0601310259609331,1.1551501310929972,0.9999991244916797,1.3089612978776705e-05,1.5326301878352765e-12,8.755087035436779e-07,0.7340219255933693,1,1,1,1,spread,spread|probe_1|hold,2,75,0.008382499916478992,8aeb8b9caec6aa4e2ff33d26e4734c832278b86f47e2252f7bd8e4ca52323f16
asymmetric_transit,9005,receding_horizon_voi,0,True,2,0,False,1.0920714471763013,0.25,0.8420714471763013,0.8825756576122078,0.999978949487884,0.000260665032830112,6.987133006379179e-10,2.105073368112274e-05,0.9662722828781914,0,1,1,1,spread,spread|probe_1,2,50,0.005340958014130592,877914219b86dae52be433f45a624fee7b2f88d32234441c7e8a6ad77322d16d
asymmetric_transit,9006,receding_horizon_voi,0,True,2,0,False,1.1249440000000002,0.25,0.8749440000000002,0.8668800000000002,0.9997720922501429,0.002198637250462586,9.687968450107582e-08,0.00022793372477503552,0.8895799083438458,1,1,0,0,spread,spread|hold,2,50,0.005670499987900257,5e76c4ebbbc4f80cb622e99ddc63cd11cebf9574b2646395da24c83c04fe1047
asymmetric_transit,9007,receding_horizon_voi,1,True,2,1,False,1.1249440000000002,0.25,0.8749440000000002,0.8668800000000002,0.9951735909729698,0.033883723919342995,3.5032050491176255e-05,0.0048380937510772775,0.9418082950020379,1,1,0,0,spread,spread|hold,2,50,0.005565375089645386,97e12a34fd7ba846f8ba42457b5ac27b7861f7c6b64c60e153f634fe6a41286e
asymmetric_transit,9008,receding_horizon_voi,0,True,4,0,False,1.967133922685868,0.75,1.217133922685868,1.3514037519991657,0.9995526597142198,0.0038973922849598027,4.0021247613512784e-07,0.0004474403722954364,0.7388005267778879,2,1,1,1,spread,spread|probe_1|hold|hold,2,100,0.010915083112195134,44a9667e6c437c2383c287d67d59e91be1cc052f58e4d8aed2c1029f4ad5ba77
asymmetric_transit,9009,receding_horizon_voi,0,True,3,0,False,1.5601310259609331,0.5,1.0601310259609331,1.1551501310929972,0.9999805589979454,0.00024331925280225014,5.764793542168444e-10,1.9441191033372903e-05,0.840645540024623,1,1,1,1,spread,spread|probe_1|hold,2,75,0.008301874855533242,eca7b82e77214b151a646e8ceef52f94621dffc529a479630e6af63f6b838305
asymmetric_transit,9000,computational_oracle,0,True,2,0,False,1.0920714471763013,0.25,0.8420714471763013,0.8825756576122078,0.9964750728433793,0.023437816754818243,2.484184791935476e-05,0.0035311543502596896,0.9828920211385718,0,1,1,1,spread,spread|probe_1,3,250,0.03875987511128187,3bd999e4ad018352d4dd5e026cfd7d4849e5a83c9d669a97a56a13f5624ebc8b
asymmetric_transit,9001,computational_oracle,1,True,4,1,False,1.967133922685868,0.75,1.217133922685868,1.3514037519991657,0.9955034084673607,0.028788036664033984,4.043865323674952e-05,0.004506731608950189,0.7668080703227718,2,1,1,1,spread,spread|probe_1|hold|hold,3,500,0.07487166696228087,d3a33c032cfac64ca16cca514ba45d5b6dfb5e01d60b328c5be539cb035d329a
asymmetric_transit,9002,computational_oracle,2,True,3,2,False,1.5772582213389355,0.5,1.0772582213389355,1.1644009137337283,0.9999987706095796,1.8809908270784486e-05,2.270042976584549e-12,1.229391176055215e-06,0.807672007704347,1,1,1,1,spread,spread|hold|probe_1,3,375,0.056094665778800845,95b1fc6fa610b5c15d51096e727288bb9f6dff26c4f2e216731fa28cb1f908db
asymmetric_transit,9003,computational_oracle,1,True,2,1,False,1.1249440000000002,0.25,0.8749440000000002,0.8668800000000002,0.9999916372096013,0.00011193279478204971,1.0492108294115682e-10,8.362825367057029e-06,0.9243735037827797,1,1,0,0,spread,spread|hold,3,250,0.037414749851450324,855fd9d51b22d7f21015bc3b38980630c5d108feb0c0e9184c4183ebd58a03fa
asymmetric_transit,9004,computational_oracle,1,True,3,1,False,1.5601310259609331,0.5,1.0601310259609331,1.1551501310929972,0.9999991244916797,1.3089612978776705e-05,1.5326301878352765e-12,8.755087035436779e-07,0.7340219255933693,1,1,1,1,spread,spread|probe_1|hold,3,375,0.055339458864182234,8aeb8b9caec6aa4e2ff33d26e4734c832278b86f47e2252f7bd8e4ca52323f16
asymmetric_transit,9005,computational_oracle,0,True,2,0,False,1.0920714471763013,0.25,0.8420714471763013,0.8825756576122078,0.999978949487884,0.000260665032830112,6.987133006379179e-10,2.105073368112274e-05,0.9662722828781914,0,1,1,1,spread,spread|probe_1,3,250,0.036865332862362266,877914219b86dae52be433f45a624fee7b2f88d32234441c7e8a6ad77322d16d
asymmetric_transit,9006,computational_oracle,0,True,2,0,False,1.1249440000000002,0.25,0.8749440000000002,0.8668800000000002,0.9997720922501429,0.002198637250462586,9.687968450107582e-08,0.00022793372477503552,0.8895799083438458,1,1,0,0,spread,spread|hold,3,250,0.0367215839214623,5e76c4ebbbc4f80cb622e99ddc63cd11cebf9574b2646395da24c83c04fe1047
asymmetric_transit,9007,computational_oracle,1,True,2,1,False,1.1249440000000002,0.25,0.8749440000000002,0.8668800000000002,0.9951735909729698,0.033883723919342995,3.5032050491176255e-05,0.0048380937510772775,0.9418082950020379,1,1,0,0,spread,spread|hold,3,250,0.03852945799008012,97e12a34fd7ba846f8ba42457b5ac27b7861f7c6b64c60e153f634fe6a41286e
asymmetric_transit,9008,computational_oracle,0,True,4,0,False,1.967133922685868,0.75,1.217133922685868,1.3514037519991657,0.9995526597142198,0.0038973922849598027,4.0021247613512784e-07,0.0004474403722954364,0.7388005267778879,2,1,1,1,spread,spread|probe_1|hold|hold,3,500,0.0752077498473227,44a9667e6c437c2383c287d67d59e91be1cc052f58e4d8aed2c1029f4ad5ba77
asymmetric_transit,9009,computational_oracle,0,True,3,0,False,1.5601310259609331,0.5,1.0601310259609331,1.1551501310929972,0.9999805589979454,0.00024331925280225014,5.764793542168444e-10,1.9441191033372903e-05,0.840645540024623,1,1,1,1,spread,spread|probe_1|hold,3,375,0.05545441689901054,eca7b82e77214b151a646e8ceef52f94621dffc529a479630e6af63f6b838305
four_mode_cross,9000,passive,0,False,10,-1,False,2.5,2.5,0.0,0.0,0.25,1.3862943611198906,0.75,1.3862943611198906,0.25,10,0,0,0,hold,hold|hold|hold|hold|hold|hold|hold|hold|hold|hold,0,0,0.00025345804169774055,2db979e9d6b2d55a072fe86b98674c2e4152d701d8175f7c4ec024bf98446ee6
four_mode_cross,9001,passive,2,False,10,-1,False,2.5,2.5,0.0,0.0,0.25,1.3862943611198906,0.75,1.3862943611198906,0.25,10,0,0,0,hold,hold|hold|hold|hold|hold|hold|hold|hold|hold|hold,0,0,0.0002020830288529396,2c12503da0ad0f7cf9f699cffc9b9ceb8e3614b40dbf2b6b25b5b1e5b6ef6f13
four_mode_cross,9002,passive,3,False,10,-1,False,2.5,2.5,0.0,0.0,0.25,1.3862943611198906,0.75,1.3862943611198906,0.25,10,0,0,0,hold,hold|hold|hold|hold|hold|hold|hold|hold|hold|hold,0,0,0.00019587506540119648,09ab93a8348bc84ed9f0e4ebf315dc8cd6cef40a95270a663d75101bd31abda1
four_mode_cross,9003,passive,3,False,10,-1,False,2.5,2.5,0.0,0.0,0.25,1.3862943611198906,0.75,1.3862943611198906,0.25,10,0,0,0,hold,hold|hold|hold|hold|hold|hold|hold|hold|hold|hold,0,0,0.0001888331025838852,1faa572e5175011c51a97e4ff0b51435a3a1b303f1af236f13a427e0c061d539
four_mode_cross,9004,passive,2,False,10,-1,False,2.5,2.5,0.0,0.0,0.25,1.3862943611198906,0.75,1.3862943611198906,0.25,10,0,0,0,hold,hold|hold|hold|hold|hold|hold|hold|hold|hold|hold,0,0,0.00018837489187717438,1120588f4fdf3985432700792e4ece0470c3dd393c375625811918385457cdd3
four_mode_cross,9005,passive,0,False,10,-1,False,2.5,2.5,0.0,0.0,0.25,1.3862943611198906,0.75,1.3862943611198906,0.25,10,0,0,0,hold,hold|hold|hold|hold|hold|hold|hold|hold|hold|hold,0,0,0.00018670805729925632,5a8c1946310cd22dab62adcad223967fec637aec5d68eb27636297cc5e72ff3c
four_mode_cross,9006,passive,1,False,10,-1,False,2.5,2.5,0.0,0.0,0.25,1.3862943611198906,0.75,1.3862943611198906,0.25,10,0,0,0,hold,hold|hold|hold|hold|hold|hold|hold|hold|hold|hold,0,0,0.00019812490791082382,5044132be2b3e823fa3c4566731a6f4de5ad338b9eb434dac1186ec69ccc835e
four_mode_cross,9007,passive,3,False,10,-1,False,2.5,2.5,0.0,0.0,0.25,1.3862943611198906,0.75,1.3862943611198906,0.25,10,0,0,0,hold,hold|hold|hold|hold|hold|hold|hold|hold|hold|hold,0,0,0.00019858404994010925,726e86b4a7927869e2c5adc1b5a618e056edfff014e11a2b04e8b380095c4162
four_mode_cross,9008,passive,1,False,10,-1,False,2.5,2.5,0.0,0.0,0.25,1.3862943611198906,0.75,1.3862943611198906,0.25,10,0,0,0,hold,hold|hold|hold|hold|hold|hold|hold|hold|hold|hold,0,0,0.00018558395095169544,714ce49daecc8166836d64afe5cd5ca45ee1de35ddd950f99ce5c0d3b410cdbf
four_mode_cross,9009,passive,1,False,10,-1,False,2.5,2.5,0.0,0.0,0.25,1.3862943611198906,0.75,1.3862943611198906,0.25,10,0,0,0,hold,hold|hold|hold|hold|hold|hold|hold|hold|hold|hold,0,0,0.0001884580124169588,a6768aab982d8f213efba5f35c4bdb6dd72b469c19b3a039d8938074c5dc9832
four_mode_cross,9000,round_robin,0,True,3,0,False,3.1989562880000006,0.5,2.6989562880000006,2.4990336000000006,0.9999999206092781,1.3773405166051503e-06,1.2605773442409181e-14,7.939072503689635e-08,0.847932935430312,0,3,0,0,spread,spread|spread|spread,0,0,0.00011358293704688549,2db979e9d6b2d55a072fe86b98674c2e4152d701d8175f7c4ec024bf98446ee6
four_mode_cross,9001,round_robin,2,True,2,2,False,1.7305504000000003,0.25,1.4805504000000003,1.3708800000000003,0.9937768652399369,0.03781476768328423,7.745408601079044e-05,0.006242579175302795,0.7042406027073249,0,2,0,0,spread,spread|spread,0,0,8.825003169476986e-05,2c12503da0ad0f7cf9f699cffc9b9ceb8e3614b40dbf2b6b25b5b1e5b6ef6f13
four_mode_cross,9002,round_robin,3,True,2,3,False,1.7305504000000003,0.25,1.4805504000000003,1.3708800000000003,0.9999942108297047,7.566630847774574e-05,6.693321285226899e-11,5.789187052567191e-06,0.9245850999005927,0,2,0,0,spread,spread|spread,0,0,8.662487380206585e-05,09ab93a8348bc84ed9f0e4ebf315dc8cd6cef40a95270a663d75101bd31abda1
four_mode_cross,9003,round_robin,3,True,2,3,False,1.7305504000000003,0.25,1.4805504000000003,1.3708800000000003,0.9983948865857105,0.012179981266327751,4.976337944556833e-06,0.0016064029889529816,0.7522714343117788,0,2,0,0,spread,spread|spread,0,0,8.716713637113571e-05,1faa572e5175011c51a97e4ff0b51435a3a1b303f1af236f13a427e0c061d539
four_mode_cross,9004,round_robin,2,True,2,2,False,1.7305504000000003,0.25,1.4805504000000003,1.3708800000000003,0.9995837873207919,0.0036562800687306393,3.464489337238054e-07,0.00041629931974670017,0.7237129340763488,0,2,0,0,spread,spread|spread,0,0,8.583418093621731e-05,1120588f4fdf3985432700792e4ece0470c3dd393c375625811918385457cdd3
four_mode_cross,9005,round_robin,0,True,2,0,False,1.7305504000000003,0.25,1.4805504000000003,1.3708800000000003,0.9999999764471957,4.3974797798124545e-07,1.0853233256207143e-15,2.355280453983949e-08,0.8859971756786567,0,2,0,0,spread,spread|spread,0,0,8.462485857307911e-05,5a8c1946310cd22dab62adcad223967fec637aec5d68eb27636297cc5e72ff3c
four_mode_cross,9006,round_robin,1,True,2,1,False,1.7305504000000003,0.25,1.4805504000000003,1.3708800000000003,0.9998286417017898,0.0016579021449291624,5.8704870227076636e-08,0.00017137298172087892,0.767026911881711,0,2,0,0,spread,spread|spread,0,0,8.754199370741844e-05,5044132be2b3e823fa3c4566731a6f4de5ad338b9eb434dac1186ec69ccc835e
four_mode_cross,9007,round_robin,3,True,2,3,False,1.7305504000000003,0.25,1.4805504000000003,1.3708800000000003,0.9999993325620942,1.0167701534747116e-05,8.892136609239986e-13,6.674381285692358e-07,0.7678081594006324,0,2,0,0,spread,spread|spread,0,0,8.583301678299904e-05,726e86b4a7927869e2c5adc1b5a618e056edfff014e11a2b04e8b380095c4162
four_mode_cross,9008,round_robin,1,True,2,1,False,1.7305504000000003,0.25,1.4805504000000003,1.3708800000000003,0.9999999094920902,1.5696764345514145e-06,1.5948659849020677e-14,9.050791392928937e-08,0.8055650574680322,0,2,0,0,spread,spread|spread,0,0,8.674990385770798e-05,714ce49daecc8166836d64afe5cd5ca45ee1de35ddd950f99ce5c0d3b410cdbf
four_mode_cross,9009,round_robin,1,True,2,1,False,1.7305504000000003,0.25,1.4805504000000003,1.3708800000000003,0.9999497166345807,0.0005596032931000579,4.764882699047935e-09,5.02846296701454e-05,0.8500999883000346,0,2,0,0,spread,spread|spread,0,0,8.65831971168518e-05,a6768aab982d8f213efba5f35c4bdb6dd72b469c19b3a039d8938074c5dc9832
four_mode_cross,9000,myopic_voi,0,False,10,-1,False,2.5,2.5,0.0,0.0,0.25,1.3862943611198906,0.75,1.3862943611198906,0.25,10,0,0,0,hold,hold|hold|hold|hold|hold|hold|hold|hold|hold|hold,1,60,0.0046526670921593904,2db979e9d6b2d55a072fe86b98674c2e4152d701d8175f7c4ec024bf98446ee6
four_mode_cross,9001,myopic_voi,2,False,10,-1,False,2.5,2.5,0.0,0.0,0.25,1.3862943611198906,0.75,1.3862943611198906,0.25,10,0,0,0,hold,hold|hold|hold|hold|hold|hold|hold|hold|hold|hold,1,60,0.004643332911655307,2c12503da0ad0f7cf9f699cffc9b9ceb8e3614b40dbf2b6b25b5b1e5b6ef6f13
four_mode_cross,9002,myopic_voi,3,False,10,-1,False,2.5,2.5,0.0,0.0,0.25,1.3862943611198906,0.75,1.3862943611198906,0.25,10,0,0,0,hold,hold|hold|hold|hold|hold|hold|hold|hold|hold|hold,1,60,0.004593041958287358,09ab93a8348bc84ed9f0e4ebf315dc8cd6cef40a95270a663d75101bd31abda1
four_mode_cross,9003,myopic_voi,3,False,10,-1,False,2.5,2.5,0.0,0.0,0.25,1.3862943611198906,0.75,1.3862943611198906,0.25,10,0,0,0,hold,hold|hold|hold|hold|hold|hold|hold|hold|hold|hold,1,60,0.004643416963517666,1faa572e5175011c51a97e4ff0b51435a3a1b303f1af236f13a427e0c061d539
four_mode_cross,9004,myopic_voi,2,False,10,-1,False,2.5,2.5,0.0,0.0,0.25,1.3862943611198906,0.75,1.3862943611198906,0.25,10,0,0,0,hold,hold|hold|hold|hold|hold|hold|hold|hold|hold|hold,1,60,0.004627041984349489,1120588f4fdf3985432700792e4ece0470c3dd393c375625811918385457cdd3
four_mode_cross,9005,myopic_voi,0,False,10,-1,False,2.5,2.5,0.0,0.0,0.25,1.3862943611198906,0.75,1.3862943611198906,0.25,10,0,0,0,hold,hold|hold|hold|hold|hold|hold|hold|hold|hold|hold,1,60,0.004681750200688839,5a8c1946310cd22dab62adcad223967fec637aec5d68eb27636297cc5e72ff3c
four_mode_cross,9006,myopic_voi,1,False,10,-1,False,2.5,2.5,0.0,0.0,0.25,1.3862943611198906,0.75,1.3862943611198906,0.25,10,0,0,0,hold,hold|hold|hold|hold|hold|hold|hold|hold|hold|hold,1,60,0.004696708172559738,5044132be2b3e823fa3c4566731a6f4de5ad338b9eb434dac1186ec69ccc835e
four_mode_cross,9007,myopic_voi,3,False,10,-1,False,2.5,2.5,0.0,0.0,0.25,1.3862943611198906,0.75,1.3862943611198906,0.25,10,0,0,0,hold,hold|hold|hold|hold|hold|hold|hold|hold|hold|hold,1,60,0.004706416977569461,726e86b4a7927869e2c5adc1b5a618e056edfff014e11a2b04e8b380095c4162
four_mode_cross,9008,myopic_voi,1,False,10,-1,False,2.5,2.5,0.0,0.0,0.25,1.3862943611198906,0.75,1.3862943611198906,0.25,10,0,0,0,hold,hold|hold|hold|hold|hold|hold|hold|hold|hold|hold,1,60,0.004666624823585153,714ce49daecc8166836d64afe5cd5ca45ee1de35ddd950f99ce5c0d3b410cdbf
four_mode_cross,9009,myopic_voi,1,False,10,-1,False,2.5,2.5,0.0,0.0,0.25,1.3862943611198906,0.75,1.3862943611198906,0.25,10,0,0,0,hold,hold|hold|hold|hold|hold|hold|hold|hold|hold|hold,1,60,0.004673083079978824,a6768aab982d8f213efba5f35c4bdb6dd72b469c19b3a039d8938074c5dc9832
four_mode_cross,9000,receding_horizon_voi,0,True,5,0,False,2.3054288818247075,1.0,1.3054288818247075,1.455386102280884,0.9999999999917428,2.190480667375653e-10,1.3636131333235337e-22,8.25717272338123e-12,0.8862785687557884,3,1,1,1,spread,spread|probe_2|hold|hold|hold,2,180,0.02371899993158877,2db979e9d6b2d55a072fe86b98674c2e4152d701d8175f7c4ec024bf98446ee6
four_mode_cross,9001,receding_horizon_voi,2,True,3,2,False,1.6704078866390328,0.5,1.1704078866390328,1.286609858298791,0.9999987011406241,1.89044361889967e-05,3.3738766991715987e-12,1.298860219460777e-06,0.6716582714114573,1,1,1,1,spread,spread|probe_0|hold,2,108,0.014138625003397465,2c12503da0ad0f7cf9f699cffc9b9ceb8e3614b40dbf2b6b25b5b1e5b6ef6f13
four_mode_cross,9002,receding_horizon_voi,3,True,2,3,False,1.0846240000000003,0.25,0.8346240000000003,0.8668800000000002,0.997480912514094,0.01771633393560325,1.2581647945529908e-05,0.002522265725417737,0.9233284507427872,1,1,0,0,spread,spread|hold,2,72,0.00956216687336564,09ab93a8348bc84ed9f0e4ebf315dc8cd6cef40a95270a663d75101bd31abda1
four_mode_cross,9003,receding_horizon_voi,3,True,3,3,False,1.6704078866390328,0.5,1.1704078866390328,1.286609858298791,0.999999974091643,4.964445602448691e-07,1.0070576592271578e-15,2.590835735094661e-08,0.8196727237768924,1,1,1,1,spread,spread|probe_3|hold,2,108,0.014220125041902065,1faa572e5175011c51a97e4ff0b51435a3a1b303f1af236f13a427e0c061d539
four_mode_cross,9004,receding_horizon_voi,2,True,3,2,False,1.5436428800000004,0.5,1.0436428800000004,1.1281536000000003,0.9999914256860246,0.000108794050878447,1.465673170884254e-10,8.574350735024861e-06,0.8042409502294708,2,1,0,0,spread,spread|hold|hold,2,108,0.01438754191622138,1120588f4fdf3985432700792e4ece0470c3dd393c375625811918385457cdd3
four_mode_cross,9005,receding_horizon_voi,0,True,2,0,False,1.1583245852552517,0.25,0.9083245852552517,0.9590057315690645,0.9999773607548849,0.00027081288776199634,9.539937592387673e-10,2.2639501386718935e-05,0.8859858678325012,0,1,1,1,spread,spread|probe_0,2,72,0.00969233294017613,5a8c1946310cd22dab62adcad223967fec637aec5d68eb27636297cc5e72ff3c
four_mode_cross,9006,receding_horizon_voi,1,True,2,1,False,1.1583245852552517,0.25,0.9083245852552517,0.9590057315690645,0.9901406309476491,0.055996956652459504,0.00019221019402917877,0.009908294479583177,0.7621829065046407,0,1,1,1,spread,spread|probe_0,2,72,0.009494999889284372,5044132be2b3e823fa3c4566731a6f4de5ad338b9eb434dac1186ec69ccc835e
four_mode_cross,9007,receding_horizon_voi,3,True,2,3,False,1.1583245852552517,0.25,0.9083245852552517,0.9590057315690645,0.9999548670154315,0.0004987127360707277,4.043805205753854e-09,4.513400309233525e-05,0.767785926627301,0,1,1,1,spread,spread|probe_3,2,72,0.009605209110304713,726e86b4a7927869e2c5adc1b5a618e056edfff014e11a2b04e8b380095c4162
four_mode_cross,9008,receding_horizon_voi,1,True,2,1,False,1.1583245852552517,0.25,0.9083245852552517,0.9590057315690645,0.9995925903534055,0.0036130261315800707,3.282145515377996e-07,0.0004074926604524023,0.8053613978986899,0,1,1,1,spread,spread|probe_0,2,72,0.0095469169318676,714ce49daecc8166836d64afe5cd5ca45ee1de35ddd950f99ce5c0d3b410cdbf
four_mode_cross,9009,receding_horizon_voi,1,True,2,1,False,1.1583245852552517,0.25,0.9083245852552517,0.9590057315690645,0.9920002785630166,0.052730919950298494,9.535979828866407e-05,0.008031890887811099,0.8461252692642527,0,1,1,1,spread,spread|probe_0,2,72,0.009431167040020227,a6768aab982d8f213efba5f35c4bdb6dd72b469c19b3a039d8938074c5dc9832
four_mode_cross,9000,computational_oracle,0,True,5,0,False,2.3054288818247075,1.0,1.3054288818247075,1.455386102280884,0.9999999999917428,2.190480667375653e-10,1.3636131333235337e-22,8.25717272338123e-12,0.8862785687557884,3,1,1,1,spread,spread|probe_2|hold|hold|hold,3,1080,0.19967354112304747,2db979e9d6b2d55a072fe86b98674c2e4152d701d8175f7c4ec024bf98446ee6
four_mode_cross,9001,computational_oracle,2,True,3,2,False,1.6704078866390328,0.5,1.1704078866390328,1.286609858298791,0.9999987011406241,1.89044361889967e-05,3.3738766991715987e-12,1.298860219460777e-06,0.6716582714114573,1,1,1,1,spread,spread|probe_0|hold,3,648,0.12020904081873596,2c12503da0ad0f7cf9f699cffc9b9ceb8e3614b40dbf2b6b25b5b1e5b6ef6f13
four_mode_cross,9002,computational_oracle,3,True,2,3,False,1.0846240000000003,0.25,0.8346240000000003,0.8668800000000002,0.997480912514094,0.01771633393560325,1.2581647945529908e-05,0.002522265725417737,0.9233284507427872,1,1,0,0,spread,spread|hold,3,432,0.0812724579591304,09ab93a8348bc84ed9f0e4ebf315dc8cd6cef40a95270a663d75101bd31abda1
four_mode_cross,9003,computational_oracle,3,True,3,3,False,1.6704078866390328,0.5,1.1704078866390328,1.286609858298791,0.999999974091643,4.964445602448691e-07,1.0070576592271578e-15,2.590835735094661e-08,0.8196727237768924,1,1,1,1,spread,spread|probe_3|hold,3,648,0.12011995888315141,1faa572e5175011c51a97e4ff0b51435a3a1b303f1af236f13a427e0c061d539
four_mode_cross,9004,computational_oracle,2,True,3,2,False,1.5436428800000004,0.5,1.0436428800000004,1.1281536000000003,0.9999914256860246,0.000108794050878447,1.465673170884254e-10,8.574350735024861e-06,0.8042409502294708,2,1,0,0,spread,spread|hold|hold,3,648,0.1266692909412086,1120588f4fdf3985432700792e4ece0470c3dd393c375625811918385457cdd3
four_mode_cross,9005,computational_oracle,0,True,2,0,False,1.1583245852552517,0.25,0.9083245852552517,0.9590057315690645,0.9999773607548849,0.00027081288776199634,9.539937592387673e-10,2.2639501386718935e-05,0.8859858678325012,0,1,1,1,spread,spread|probe_0,3,432,0.08138958388008177,5a8c1946310cd22dab62adcad223967fec637aec5d68eb27636297cc5e72ff3c
four_mode_cross,9006,computational_oracle,1,True,3,1,False,1.5436428800000004,0.5,1.0436428800000004,1.1281536000000003,0.9999998853393894,2.0209419995055563e-06,2.0354343161509533e-14,1.1466061713528478e-07,0.8351806868251508,2,1,0,0,spread,spread|hold|hold,3,648,0.14061679202131927,5044132be2b3e823fa3c4566731a6f4de5ad338b9eb434dac1186ec69ccc835e
four_mode_cross,9007,computational_oracle,3,True,2,3,False,1.1583245852552517,0.25,0.9083245852552517,0.9590057315690645,0.9999548670154315,0.0004987127360707277,4.043805205753854e-09,4.513400309233525e-05,0.767785926627301,0,1,1,1,spread,spread|probe_3,3,432,0.08266650000587106,726e86b4a7927869e2c5adc1b5a618e056edfff014e11a2b04e8b380095c4162
four_mode_cross,9008,computational_oracle,1,True,2,1,False,1.0846240000000003,0.25,0.8346240000000003,0.8668800000000002,0.9997058226421492,0.0027867686293769527,1.564603401996918e-07,0.0002942206364976317,0.8054180140430618,1,1,0,0,spread,spread|hold,3,432,0.08291887491941452,714ce49daecc8166836d64afe5cd5ca45ee1de35ddd950f99ce5c0d3b410cdbf
four_mode_cross,9009,computational_oracle,1,True,3,1,False,1.5436428800000004,0.5,1.0436428800000004,1.1281536000000003,0.9999915642871374,0.00011279014813611204,1.0714522521938406e-10,8.435748443401456e-06,0.8933792074429902,2,1,0,0,spread,spread|hold|hold,3,648,0.14306412497535348,a6768aab982d8f213efba5f35c4bdb6dd72b469c19b3a039d8938074c5dc9832
four_mode_skewed_cost,9000,passive,0,False,10,-1,False,2.5,2.5,0.0,0.0,0.4200000000000003,1.2450354115604019,0.47779999999999934,0.8675005677047223,0.42000000000000026,10,0,0,0,hold,hold|hold|hold|hold|hold|hold|hold|hold|hold|hold,0,0,0.0002783341333270073,0e0eb575e225b4017ee4085e3784b6524f7bfb677ba9e3527fc110872ead268a
four_mode_skewed_cost,9001,passive,1,False,10,-1,False,2.5,2.5,0.0,0.0,0.32999999999999974,1.2450354115604023,0.6578000000000005,1.108662624521612,0.42000000000000004,10,0,0,0,hold,hold|hold|hold|hold|hold|hold|hold|hold|hold|hold,0,0,0.000208292156457901,7f3abd66d0f5609a7600a686912e8df077a6a8ac2c5a56adba1675b3f7e31905
four_mode_skewed_cost,9002,passive,3,False,10,-1,False,2.5,2.5,0.0,0.0,0.1000000000000001,1.2450354115604023,1.1177999999999997,2.3025850929940446,0.41999999999999993,10,0,0,0,hold,hold|hold|hold|hold|hold|hold|hold|hold|hold|hold,0,0,0.00019149994477629662,e4a701e7c40702e402d5054877b0e89ee57330d928f92bf0c7b814a022160f96
four_mode_skewed_cost,9003,passive,2,False,10,-1,False,2.5,2.5,0.0,0.0,0.14999999999999983,1.2450354115604019,1.0178000000000005,1.8971199848858824,0.4200000000000001,10,0,0,0,hold,hold|hold|hold|hold|hold|hold|hold|hold|hold|hold,0,0,0.00018816697411239147,517e4e37bae4cde925fd3293fcd86789ff7e20d32c48a2229a874ece895b6324
four_mode_skewed_cost,9004,passive,1,False,10,-1,False,2.5,2.5,0.0,0.0,0.32999999999999996,1.2450354115604023,0.6578000000000002,1.1086626245216114,0.41999999999999993,10,0,0,0,hold,hold|hold|hold|hold|hold|hold|hold|hold|hold|hold,0,0,0.000187374884262681,67c2430d4519dc29713b4189b503373ef983ce51b6614f1ef578e281f8074ad8
four_mode_skewed_cost,9005,passive,0,False,10,-1,False,2.5,2.5,0.0,0.0,0.4200000000000005,1.2450354115604019,0.4777999999999991,0.867500567704722,0.42000000000000026,10,0,0,0,hold,hold|hold|hold|hold|hold|hold|hold|hold|hold|hold,0,0,0.00018737511709332466,b642e7c010f4d9d2fcd272a3f4ad72aeece481838699ced1371f883d99d37f25
four_mode_skewed_cost,9006,passive,0,False,10,-1,False,2.5,2.5,0.0,0.0,0.4200000000000004,1.2450354115604019,0.47779999999999934,0.8675005677047222,0.4200000000000001,10,0,0,0,hold,hold|hold|hold|hold|hold|hold|hold|hold|hold|hold,0,0,0.000186417018994689,d784a84f9019d2cda45ef09af409e434866be82f92e3defc3406a2087f145978
four_mode_skewed_cost,9007,passive,2,False,10,-1,False,2.5,2.5,0.0,0.0,0.15000000000000002,1.2450354115604023,1.0177999999999998,1.897119984885881,0.41999999999999976,10,0,0,0,hold,hold|hold|hold|hold|hold|hold|hold|hold|hold|hold,0,0,0.00018620910122990608,4d05b759af4c7b93f0513587b06278c2a13350fd353711d138c28fa3d1fbb7a5
four_mode_skewed_cost,9008,passive,0,False,10,-1,False,2.5,2.5,0.0,0.0,0.4199999999999999,1.2450354115604023,0.4778,0.8675005677047234,0.41999999999999993,10,0,0,0,hold,hold|hold|hold|hold|hold|hold|hold|hold|hold|hold,0,0,0.00019683316349983215,563845c08fc9b4a9fca96cd9832ba0a8bc5103cd5048c40ecd2f09ad3705579c
four_mode_skewed_cost,9009,passive,1,False,10,-1,False,2.5,2.5,0.0,0.0,0.3299999999999996,1.2450354115604019,0.6578000000000008,1.1086626245216122,0.4200000000000002,10,0,0,0,hold,hold|hold|hold|hold|hold|hold|hold|hold|hold|hold,0,0,0.00018737511709332466,50b05f414f79ec6d0660db296c1337e5a17be8d9ea030290151c7ca78cbf5aa4
four_mode_skewed_cost,9000,round_robin,0,True,3,0,False,3.5988016640000007,0.5,3.0988016640000007,2.4990336000000006,0.9999536339306425,0.0005090493407781211,4.29962477449311e-09,4.636714429690521e-05,0.8509644322065059,0,3,0,0,spread,spread|spread|spread,0,0,0.00011462485417723656,0e0eb575e225b4017ee4085e3784b6524f7bfb677ba9e3527fc110872ead268a
four_mode_skewed_cost,9001,round_robin,1,True,3,1,False,3.5988016640000007,0.5,3.0988016640000007,2.4990336000000006,0.9999999999486309,1.2684678518260914e-09,5.2775436975070234e-21,5.1369131172305685e-11,0.8650217467460237,0,3,0,0,spread,spread|spread|spread,0,0,0.000111832981929183,7f3abd66d0f5609a7600a686912e8df077a6a8ac2c5a56adba1675b3f7e31905
four_mode_skewed_cost,9002,round_robin,3,True,2,3,False,1.9498912000000006,0.25,1.6998912000000006,1.3708800000000003,0.9994945339694296,0.0043466910891448675,5.103546660451811e-07,0.000505593821588969,0.7431835835076945,0,2,0,0,spread,spread|spread,0,0,8.874991908669472e-05,e4a701e7c40702e402d5054877b0e89ee57330d928f92bf0c7b814a022160f96
four_mode_skewed_cost,9003,round_robin,2,True,3,2,False,3.5988016640000007,0.5,3.0988016640000007,2.4990336000000006,0.9999999999999016,3.0986002285195e-12,1.9250782457788442e-26,9.83657599817937e-14,0.8036529595715102,0,3,0,0,spread,spread|spread|spread,0,0,0.00011595804244279861,517e4e37bae4cde925fd3293fcd86789ff7e20d32c48a2229a874ece895b6324
four_mode_skewed_cost,9004,round_robin,1,True,2,1,False,1.9498912000000006,0.25,1.6998912000000006,1.3708800000000003,0.9999974502817947,3.655943410758796e-05,1.1150200140482692e-11,2.5497214558838733e-06,0.759714262602031,0,2,0,0,spread,spread|spread,0,0,8.55838879942894e-05,67c2430d4519dc29713b4189b503373ef983ce51b6614f1ef578e281f8074ad8
four_mode_skewed_cost,9005,round_robin,0,True,2,0,False,1.9498912000000006,0.25,1.6998912000000006,1.3708800000000003,0.999999727196107,4.491638517668267e-06,1.340670362643581e-13,2.7280393024207045e-07,0.9508310856193574,0,2,0,0,spread,spread|spread,0,0,8.704210631549358e-05,b642e7c010f4d9d2fcd272a3f4ad72aeece481838699ced1371f883d99d37f25
four_mode_skewed_cost,9006,round_robin,0,True,2,0,False,1.9498912000000006,0.25,1.6998912000000006,1.3708800000000003,0.992735327402276,0.04428698328997579,0.00010143804255715114,0.007291188830915968,0.8813169282994632,0,2,0,0,spread,spread|spread,0,0,8.65831971168518e-05,d784a84f9019d2cda45ef09af409e434866be82f92e3defc3406a2087f145978
four_mode_skewed_cost,9007,round_robin,2,True,2,2,False,1.9498912000000006,0.25,1.6998912000000006,1.3708800000000003,0.999196189053745,0.006531799423818576,1.2921914229052276e-06,0.0008041341754954361,0.6993040734588906,0,2,0,0,spread,spread|spread,0,0,8.595781400799751e-05,4d05b759af4c7b93f0513587b06278c2a13350fd353711d138c28fa3d1fbb7a5
four_mode_skewed_cost,9008,round_robin,0,True,2,0,False,1.9498912000000006,0.25,1.6998912000000006,1.3708800000000003,0.9945857507258762,0.0336562211194736,5.8627101620331595e-05,0.005428959442094988,0.8336843046453593,0,2,0,0,spread,spread|spread,0,0,8.474988862872124e-05,563845c08fc9b4a9fca96cd9832ba0a8bc5103cd5048c40ecd2f09ad3705579c
four_mode_skewed_cost,9009,round_robin,1,True,2,1,False,1.9498912000000006,0.25,1.6998912000000006,1.3708800000000003,0.9995758262561701,0.003936336598702167,3.0009411624484375e-07,0.000424263730960021,0.902719619930133,0,2,0,0,spread,spread|spread,0,0,0.00012400001287460327,50b05f414f79ec6d0660db296c1337e5a17be8d9ea030290151c7ca78cbf5aa4
four_mode_skewed_cost,9000,myopic_voi,0,False,10,-1,False,2.5,2.5,0.0,0.0,0.4200000000000003,1.2450354115604019,0.47779999999999934,0.8675005677047223,0.42000000000000026,10,0,0,0,hold,hold|hold|hold|hold|hold|hold|hold|hold|hold|hold,1,60,0.004716166062280536,0e0eb575e225b4017ee4085e3784b6524f7bfb677ba9e3527fc110872ead268a
four_mode_skewed_cost,9001,myopic_voi,1,False,10,-1,False,2.5,2.5,0.0,0.0,0.32999999999999974,1.2450354115604023,0.6578000000000005,1.108662624521612,0.42000000000000004,10,0,0,0,hold,hold|hold|hold|hold|hold|hold|hold|hold|hold|hold,1,60,0.004656458040699363,7f3abd66d0f5609a7600a686912e8df077a6a8ac2c5a56adba1675b3f7e31905
four_mode_skewed_cost,9002,myopic_voi,3,False,10,-1,False,2.5,2.5,0.0,0.0,0.1000000000000001,1.2450354115604023,1.1177999999999997,2.3025850929940446,0.41999999999999993,10,0,0,0,hold,hold|hold|hold|hold|hold|hold|hold|hold|hold|hold,1,60,0.004772208863869309,e4a701e7c40702e402d5054877b0e89ee57330d928f92bf0c7b814a022160f96
four_mode_skewed_cost,9003,myopic_voi,2,False,10,-1,False,2.5,2.5,0.0,0.0,0.14999999999999983,1.2450354115604019,1.0178000000000005,1.8971199848858824,0.4200000000000001,10,0,0,0,hold,hold|hold|hold|hold|hold|hold|hold|hold|hold|hold,1,60,0.004743083147332072,517e4e37bae4cde925fd3293fcd86789ff7e20d32c48a2229a874ece895b6324
four_mode_skewed_cost,9004,myopic_voi,1,False,10,-1,False,2.5,2.5,0.0,0.0,0.32999999999999996,1.2450354115604023,0.6578000000000002,1.1086626245216114,0.41999999999999993,10,0,0,0,hold,hold|hold|hold|hold|hold|hold|hold|hold|hold|hold,1,60,0.004710459150373936,67c2430d4519dc29713b4189b503373ef983ce51b6614f1ef578e281f8074ad8
four_mode_skewed_cost,9005,myopic_voi,0,False,10,-1,False,2.5,2.5,0.0,0.0,0.4200000000000005,1.2450354115604019,0.4777999999999991,0.867500567704722,0.42000000000000026,10,0,0,0,hold,hold|hold|hold|hold|hold|hold|hold|hold|hold|hold,1,60,0.004644416971132159,b642e7c010f4d9d2fcd272a3f4ad72aeece481838699ced1371f883d99d37f25
four_mode_skewed_cost,9006,myopic_voi,0,False,10,-1,False,2.5,2.5,0.0,0.0,0.4200000000000004,1.2450354115604019,0.47779999999999934,0.8675005677047222,0.4200000000000001,10,0,0,0,hold,hold|hold|hold|hold|hold|hold|hold|hold|hold|hold,1,60,0.004812249913811684,d784a84f9019d2cda45ef09af409e434866be82f92e3defc3406a2087f145978
four_mode_skewed_cost,9007,myopic_voi,2,False,10,-1,False,2.5,2.5,0.0,0.0,0.15000000000000002,1.2450354115604023,1.0177999999999998,1.897119984885881,0.41999999999999976,10,0,0,0,hold,hold|hold|hold|hold|hold|hold|hold|hold|hold|hold,1,60,0.004732500063255429,4d05b759af4c7b93f0513587b06278c2a13350fd353711d138c28fa3d1fbb7a5
four_mode_skewed_cost,9008,myopic_voi,0,False,10,-1,False,2.5,2.5,0.0,0.0,0.4199999999999999,1.2450354115604023,0.4778,0.8675005677047234,0.41999999999999993,10,0,0,0,hold,hold|hold|hold|hold|hold|hold|hold|hold|hold|hold,1,60,0.004796541994437575,563845c08fc9b4a9fca96cd9832ba0a8bc5103cd5048c40ecd2f09ad3705579c
four_mode_skewed_cost,9009,myopic_voi,1,False,10,-1,False,2.5,2.5,0.0,0.0,0.3299999999999996,1.2450354115604019,0.6578000000000008,1.1086626245216122,0.4200000000000002,10,0,0,0,hold,hold|hold|hold|hold|hold|hold|hold|hold|hold|hold,1,60,0.004850458120927215,50b05f414f79ec6d0660db296c1337e5a17be8d9ea030290151c7ca78cbf5aa4
four_mode_skewed_cost,9000,receding_horizon_voi,0,True,4,0,False,2.0712329674945984,0.75,1.3212329674945984,1.6960140450853023,0.9997831121839957,0.0020466407190779757,9.407748415967971e-08,0.0002169113395680064,0.7417648336521373,0,1,3,2,spread,spread|probe_3|probe_1|probe_3,2,144,0.01926308311522007,0e0eb575e225b4017ee4085e3784b6524f7bfb677ba9e3527fc110872ead268a
four_mode_skewed_cost,9001,receding_horizon_voi,1,True,3,1,False,1.62965500429736,0.5,1.12965500429736,1.4052410791024288,0.9937733328451115,0.04208791745062668,5.852965709975064e-05,0.0062461336966716935,0.8547482811153196,0,1,2,1,spread,spread|probe_3|probe_3,2,108,0.014640457928180695,7f3abd66d0f5609a7600a686912e8df077a6a8ac2c5a56adba1675b3f7e31905
four_mode_skewed_cost,9002,receding_horizon_voi,3,True,4,3,False,2.066688763830479,0.75,1.3166887638304792,1.5770254298758908,0.9995957010375857,0.003563170047574989,3.2691403304565494e-07,0.0004043807132751127,0.8547249047181544,1,1,2,2,spread,spread|probe_3|probe_1|hold,2,144,0.01931649981997907,e4a701e7c40702e402d5054877b0e89ee57330d928f92bf0c7b814a022160f96
four_mode_skewed_cost,9003,receding_horizon_voi,2,True,3,2,False,1.62965500429736,0.5,1.12965500429736,1.4052410791024288,0.9997775471718082,0.0021317641039551587,9.556563754128013e-08,0.00022247757449215334,0.6921807524000485,0,1,2,1,spread,spread|probe_3|probe_3,2,108,0.014361124951392412,517e4e37bae4cde925fd3293fcd86789ff7e20d32c48a2229a874ece895b6324
four_mode_skewed_cost,9004,receding_horizon_voi,1,True,2,1,False,1.1297632096786763,0.25,0.8797632096786763,0.9590057315690645,0.9989001687983842,0.009318728532544042,1.8534646562596874e-06,0.001100436459780429,0.7591656218603258,0,1,1,1,spread,spread|probe_3,2,72,0.009557458106428385,67c2430d4519dc29713b4189b503373ef983ce51b6614f1ef578e281f8074ad8
four_mode_skewed_cost,9005,receding_horizon_voi,0,True,2,0,False,1.1297632096786763,0.25,0.8797632096786763,0.9590057315690645,0.9999363094746128,0.00072044613372552,6.263622051665668e-09,6.369255371487485e-05,0.9507993767586103,0,1,1,1,spread,spread|probe_3,2,72,0.009833292104303837,b642e7c010f4d9d2fcd272a3f4ad72aeece481838699ced1371f883d99d37f25
four_mode_skewed_cost,9006,receding_horizon_voi,0,True,3,0,False,1.62965500429736,0.5,1.12965500429736,1.4052410791024288,0.9981270667552471,0.013633729199404488,7.015740999807466e-06,0.001874689377311171,0.8787155512206942,0,1,2,1,spread,spread|probe_3|probe_3,2,108,0.014731292147189379,d784a84f9019d2cda45ef09af409e434866be82f92e3defc3406a2087f145978
four_mode_skewed_cost,9007,receding_horizon_voi,2,True,3,2,False,1.62965500429736,0.5,1.12965500429736,1.4052410791024288,0.9996133007122355,0.003426851320621105,2.989330093448895e-07,0.0003867740752148387,0.7365503898593609,0,1,2,1,spread,spread|probe_3|probe_3,2,108,0.014583542011678219,4d05b759af4c7b93f0513587b06278c2a13350fd353711d138c28fa3d1fbb7a5
four_mode_skewed_cost,9008,receding_horizon_voi,0,True,4,0,False,2.066688763830479,0.75,1.3166887638304792,1.5770254298758908,0.999995931958394,5.456198497484675e-05,3.3097924995354016e-11,4.06804988052384e-06,0.8348885185177213,1,1,2,2,spread,spread|probe_3|probe_1|hold,2,144,0.019574875012040138,563845c08fc9b4a9fca96cd9832ba0a8bc5103cd5048c40ecd2f09ad3705579c
four_mode_skewed_cost,9009,receding_horizon_voi,1,True,3,1,False,1.62965500429736,0.5,1.12965500429736,1.4052410791024288,0.9999902888903713,0.0001230269230276072,1.835420412945076e-10,9.711156781793222e-06,0.9191645909649052,0,1,2,1,spread,spread|probe_3|probe_3,2,108,0.014990499941632152,50b05f414f79ec6d0660db296c1337e5a17be8d9ea030290151c7ca78cbf5aa4
four_mode_skewed_cost,9000,computational_oracle,0,True,4,0,False,2.0712329674945984,0.75,1.3212329674945984,1.6960140450853023,0.9997831121839957,0.0020466407190779757,9.407748415967971e-08,0.0002169113395680064,0.7417648336521373,0,1,3,2,spread,spread|probe_3|probe_1|probe_3,3,864,0.1622024590615183,0e0eb575e225b4017ee4085e3784b6524f7bfb677ba9e3527fc110872ead268a
four_mode_skewed_cost,9001,computational_oracle,1,True,3,1,False,1.62965500429736,0.5,1.12965500429736,1.4052410791024288,0.9937733328451115,0.04208791745062668,5.852965709975064e-05,0.0062461336966716935,0.8547482811153196,0,1,2,1,spread,spread|probe_3|probe_3,3,648,0.12009108392521739,7f3abd66d0f5609a7600a686912e8df077a6a8ac2c5a56adba1675b3f7e31905
four_mode_skewed_cost,9002,computational_oracle,3,True,4,3,False,2.066688763830479,0.75,1.3166887638304792,1.5770254298758908,0.9995957010375857,0.003563170047574989,3.2691403304565494e-07,0.0004043807132751127,0.8547249047181544,1,1,2,2,spread,spread|probe_3|probe_1|hold,3,864,0.16422274988144636,e4a701e7c40702e402d5054877b0e89ee57330d928f92bf0c7b814a022160f96
four_mode_skewed_cost,9003,computational_oracle,2,True,3,2,False,1.62965500429736,0.5,1.12965500429736,1.4052410791024288,0.9997775471718082,0.0021317641039551587,9.556563754128013e-08,0.00022247757449215334,0.6921807524000485,0,1,2,1,spread,spread|probe_3|probe_3,3,648,0.12264645798131824,517e4e37bae4cde925fd3293fcd86789ff7e20d32c48a2229a874ece895b6324
four_mode_skewed_cost,9004,computational_oracle,1,True,2,1,False,1.1297632096786763,0.25,0.8797632096786763,0.9590057315690645,0.9989001687983842,0.009318728532544042,1.8534646562596874e-06,0.001100436459780429,0.7591656218603258,0,1,1,1,spread,spread|probe_3,3,432,0.08059129188768566,67c2430d4519dc29713b4189b503373ef983ce51b6614f1ef578e281f8074ad8
four_mode_skewed_cost,9005,computational_oracle,0,True,2,0,False,1.1297632096786763,0.25,0.8797632096786763,0.9590057315690645,0.9999363094746128,0.00072044613372552,6.263622051665668e-09,6.369255371487485e-05,0.9507993767586103,0,1,1,1,spread,spread|probe_3,3,432,0.08022191701456904,b642e7c010f4d9d2fcd272a3f4ad72aeece481838699ced1371f883d99d37f25
four_mode_skewed_cost,9006,computational_oracle,0,True,3,0,False,1.62965500429736,0.5,1.12965500429736,1.4052410791024288,0.9981270667552471,0.013633729199404488,7.015740999807466e-06,0.001874689377311171,0.8787155512206942,0,1,2,1,spread,spread|probe_3|probe_3,3,648,0.1204910408705473,d784a84f9019d2cda45ef09af409e434866be82f92e3defc3406a2087f145978
four_mode_skewed_cost,9007,computational_oracle,2,True,3,2,False,1.62965500429736,0.5,1.12965500429736,1.4052410791024288,0.9996133007122355,0.003426851320621105,2.989330093448895e-07,0.0003867740752148387,0.7365503898593609,0,1,2,1,spread,spread|probe_3|probe_3,3,648,0.12116300011985004,4d05b759af4c7b93f0513587b06278c2a13350fd353711d138c28fa3d1fbb7a5
four_mode_skewed_cost,9008,computational_oracle,0,True,4,0,False,2.066688763830479,0.75,1.3166887638304792,1.5770254298758908,0.999995931958394,5.456198497484675e-05,3.3097924995354016e-11,4.06804988052384e-06,0.8348885185177213,1,1,2,2,spread,spread|probe_3|probe_1|hold,3,864,0.16795420902781188,563845c08fc9b4a9fca96cd9832ba0a8bc5103cd5048c40ecd2f09ad3705579c
four_mode_skewed_cost,9009,computational_oracle,1,True,3,1,False,1.62965500429736,0.5,1.12965500429736,1.4052410791024288,0.9999902888903713,0.0001230269230276072,1.835420412945076e-10,9.711156781793222e-06,0.9191645909649052,0,1,2,1,spread,spread|probe_3|probe_3,3,648,0.12371579208411276,50b05f414f79ec6d0660db296c1337e5a17be8d9ea030290151c7ca78cbf5aa4
