scenario,algorithm,runs,position_rmse_mean,position_rmse_std,best_hypothesis_rmse_mean,best_hypothesis_rmse_std,agent_position_rmse_mean,agent_position_rmse_std,recovery_steps_mean,recovery_steps_std,information_gain_mean,information_gain_std,nees_calibration_error_mean,nees_calibration_error_std,coverage_calibration_error_mean,coverage_calibration_error_std,estimate_disagreement_mean,estimate_disagreement_std,runtime_seconds_mean,runtime_seconds_std,bytes_sent_mean,bytes_sent_std,mean_truth_consistent_flock_weight_mean,mean_truth_consistent_flock_weight_std,decision_loss_mean,decision_loss_std,mean_decision_base_error_mean,mean_decision_base_error_std,selection_rate_mean,selection_rate_std,mixture_rate_mean,mixture_rate_std,abstention_rate_mean,abstention_rate_std,investigation_rate_mean,investigation_rate_std,wrong_mode_rate_mean,wrong_mode_rate_std,wrong_mode_action_rate_mean,wrong_mode_action_rate_std,mean_output_confidence_mean,mean_output_confidence_std,ambiguity_resolution_steps_mean,ambiguity_resolution_steps_std,mean_nees_mean,mean_nees_std,p95_nees_mean,p95_nees_std,max_nees_mean,max_nees_std,coverage95_rate_mean,coverage95_rate_std,rejoin_window_nees_mean,rejoin_window_nees_std,mean_nis_mean,mean_nis_std,spatial_diversity_mean,spatial_diversity_std,messages_mean,messages_std,mean_momentum_mean,mean_momentum_std,mean_momentum_change_score_mean,mean_momentum_change_score_std,mean_momentum_corroborating_agents_mean,mean_momentum_corroborating_agents_std,mean_momentum_biased_agents_mean,mean_momentum_biased_agents_std,momentum_fallback_rate_mean,momentum_fallback_rate_std,momentum_change_events_mean,momentum_change_events_std,mean_hypothesis_flocks_mean,mean_hypothesis_flocks_std,multiflock_rate_mean,multiflock_rate_std,mean_primary_flock_size_mean,mean_primary_flock_size_std,mean_primary_flock_weight_mean,mean_primary_flock_weight_std,mean_alternative_flock_weight_mean,mean_alternative_flock_weight_std,mean_quarantined_agents_mean,mean_quarantined_agents_std,quarantine_rate_mean,quarantine_rate_std,mean_suspected_bias_agents_mean,mean_suspected_bias_agents_std,mean_bias_estimate_norm_mean,mean_bias_estimate_norm_std,mean_operational_agents_mean,mean_operational_agents_std,mean_delivery_ratio_mean,mean_delivery_ratio_std,mean_message_age_mean,mean_message_age_std,partition_active_rate_mean,partition_active_rate_std,partition_selection_rate_mean,partition_selection_rate_std,mean_topology_components_mean,mean_topology_components_std,mean_observer_component_size_mean,mean_observer_component_size_std,mean_topology_visibility_fraction_mean,mean_topology_visibility_fraction_std,mean_topology_live_support_mean,mean_topology_live_support_std,mean_topology_retained_support_mean,mean_topology_retained_support_std,mean_topology_unknown_support_mean,mean_topology_unknown_support_std,mean_topology_probation_agents_mean,mean_topology_probation_agents_std,topology_rejoin_events_mean,topology_rejoin_events_std,topology_merge_grace_rate_mean,topology_merge_grace_rate_std,topology_epoch_changes_mean,topology_epoch_changes_std,mean_duplicate_support_suppressed_mean,mean_duplicate_support_suppressed_std,topology_selection_blocked_rate_mean,topology_selection_blocked_rate_std,max_primary_support_jump_mean,max_primary_support_jump_std,movement_distance_mean,movement_distance_std
stable_control,flocking_robust_active,5,2.2061366336601425,0.050710944778273356,0.6443496086187195,0.020763174379596096,0.7206421613702493,0.11534021338293822,,,3.690562600266291,0.007402893421342491,0.5218781405991081,0.4607289226736696,0.02109672619047622,0.014162462486415896,1.8779929306525787,0.019635222081855214,0.8568072416819632,0.01575505556092231,737280.0,0.0,0.7584642857142857,0.0031913506042329687,0.9387550210341999,0.045800511742116176,0.5994425210341999,0.0466940866600769,0.55625,0.005590169943749454,0.0,0.0,0.44375,0.0055901699437494795,0.065,0.004999999999999999,0.16722222222222222,0.23373246286626695,0.008749999999999999,0.01159202311936963,0.5574285714285714,0.00363970451817064,77.6,1.3564659966250536,2.024199984816412,0.6957314816494278,4.359723741230201,0.6871221147800997,36.15580789317821,53.56894199231321,0.9710967261904762,0.014162462486415896,0.0,0.0,2.02391059428888,0.09828327433813666,5.027682460720612,0.03985697625338851,3840.0,0.0,0.7199999999999999,0.0,0.0,0.0,0.0,0.0,0.0,0.0,0.0,0.0,0.0,0.0,1.4925000000000002,0.012119199643540825,0.48250000000000004,0.004677071733467428,5.975,0.04726917600297279,0.7603363095238095,0.003310580161792333,0.23804910714285715,0.002381028644611946,0.01125,0.013919410907075054,0.01,0.012869537676233752,0.12000000000000002,0.034999999999999996,1.549427407112964,0.01868507561393107,8.0,0.0,1.0,0.0,0.0,0.0,0.0,0.0,0.0,0.0,1.0,0.0,8.0,0.0,1.0,0.0,7.8775,0.037207190165342886,0.0,0.0,0.0,0.0,0.0,0.0,0.0,0.0,0.0,0.0,0.0,0.0,0.0,0.0,0.0,0.0,0.0,0.0,148.87418218754155,20.10298283135784
stable_control,flocking_topology_support,5,2.196009620345466,0.04797638941530094,0.652837406782256,0.05048208859538662,0.6778072202956765,0.037351748578389736,,,3.6862006822677196,0.00867775443262715,0.2545421267169147,0.18848934469097758,0.024346726190476196,0.007751098563880862,1.850826118870645,0.04556405691089803,0.8712822999805212,0.011757300949322749,737280.0,0.0,0.74390625,0.0069772229880519145,0.9417343166470878,0.04073617298788882,0.5926718166470878,0.039781445371791874,0.54375,0.003952847075210496,0.0,0.0,0.45625,0.003952847075210477,0.06875,0.006846531968814577,0.1392857142857143,0.15665508713900933,0.00625,0.006846531968814577,0.525,0.007718180647017794,77.8,1.4696938456699067,1.7532225492301308,0.19854676307391358,4.880340658145087,0.7662923298278534,11.537463474709321,5.411906377985967,0.967828869047619,0.018302295856636872,0.0,0.0,2.0395833393485234,0.09981215406047955,5.1429552735440724,0.023854980305823666,3840.0,0.0,0.7199999999999999,0.0,0.0,0.0,0.0,0.0,0.0,0.0,0.0,0.0,0.0,0.0,1.4949999999999999,0.014469796128487769,0.48375,0.006373774391990991,5.9662500000000005,0.04850901977983051,0.7457812500000001,0.006063627472478814,0.23625000000000002,0.003069825422560707,0.00625,0.012500000000000002,0.00625,0.012500000000000002,0.1275,0.03250000000000001,1.5498468509333727,0.018352789720647186,8.0,0.0,1.0,0.0,0.0,0.0,0.0,0.0,0.0,0.0,1.01,0.009354143466934821,8.0,0.0,1.0,0.0,7.871249999999999,0.034141250709369235,0.0,0.0,0.01609375,0.004267656338671144,0.0,0.0,0.0,0.0,0.0,0.0,1.2,0.9797958971132713,50.743750000000006,0.29746323302216615,0.0,0.0,0.0,0.0,147.9193230062329,21.739208112573685
stable_control,flocking_topology_rejoin,5,2.196009620345466,0.04797638941530094,0.652837406782256,0.05048208859538662,0.6778072202956765,0.037351748578389736,,,3.6862006822677196,0.00867775443262715,0.2545421267169147,0.18848934469097758,0.024346726190476196,0.007751098563880862,1.850826118870645,0.04556405691089803,0.8759066582191736,0.01349940667913018,737280.0,0.0,0.74390625,0.0069772229880519145,0.9417343166470878,0.04073617298788882,0.5926718166470878,0.039781445371791874,0.54375,0.003952847075210496,0.0,0.0,0.45625,0.003952847075210477,0.06875,0.006846531968814577,0.1392857142857143,0.15665508713900933,0.00625,0.006846531968814577,0.525,0.007718180647017794,77.8,1.4696938456699067,1.7532225492301308,0.19854676307391358,4.880340658145087,0.7662923298278534,11.537463474709321,5.411906377985967,0.967828869047619,0.018302295856636872,0.0,0.0,2.0395833393485234,0.09981215406047955,5.1429552735440724,0.023854980305823666,3840.0,0.0,0.7199999999999999,0.0,0.0,0.0,0.0,0.0,0.0,0.0,0.0,0.0,0.0,0.0,1.4949999999999999,0.014469796128487769,0.48375,0.006373774391990991,5.9662500000000005,0.04850901977983051,0.7457812500000001,0.006063627472478814,0.23625000000000002,0.003069825422560707,0.00625,0.012500000000000002,0.00625,0.012500000000000002,0.1275,0.03250000000000001,1.5498468509333727,0.018352789720647186,8.0,0.0,1.0,0.0,0.0,0.0,0.0,0.0,0.0,0.0,1.01,0.009354143466934821,8.0,0.0,1.0,0.0,7.871249999999999,0.034141250709369235,0.0,0.0,0.01609375,0.004267656338671144,0.0,0.0,0.0,0.0,0.0,0.0,1.2,0.9797958971132713,50.743750000000006,0.29746323302216615,0.0,0.0,0.0,0.0,147.9193230062329,21.739208112573685
stable_control,flocking_topology_partition,5,2.215564006223514,0.0753143561116869,0.7768832911913198,0.15928072443685004,0.7973389879174478,0.15887477993642218,,,3.6862006822677196,0.00867775443262715,0.6332381822726263,0.4955963479043474,0.019346726190476216,0.00907421807699705,1.850826118870645,0.04556405691089803,0.8718456668313592,0.010289207669079453,737280.0,0.0,0.74390625,0.0069772229880519145,0.9707632324803136,0.05262960457256309,0.6217007324803137,0.051894150765129675,0.54375,0.003952847075210496,0.0,0.0,0.45625,0.003952847075210477,0.06875,0.006846531968814577,0.1392857142857143,0.15665508713900933,0.00625,0.006846531968814577,0.525,0.007718180647017794,63.2,28.116898833263956,2.307866708130941,0.742848857822831,5.0708602328371155,0.824309212253878,52.4351332536945,54.515282739080995,0.962828869047619,0.01708968598181956,0.0,0.0,2.0395833393485234,0.09981215406047955,5.1429552735440724,0.023854980305823666,3840.0,0.0,0.7199999999999999,0.0,0.0,0.0,0.0,0.0,0.0,0.0,0.0,0.0,0.0,0.0,1.485,0.014031215200402342,0.47375,0.012119199643540824,5.9662500000000005,0.04850901977983051,0.7457812500000001,0.006063627472478814,0.23125,0.0056983070402532735,0.00625,0.012500000000000002,0.00625,0.012500000000000002,0.1275,0.03250000000000001,1.5498468509333727,0.018352789720647186,8.0,0.0,1.0,0.0,0.0,0.0,0.0,0.0,0.0,0.0,1.01,0.009354143466934821,7.959999999999999,0.03741657386773928,0.9949999999999999,0.00467707173346741,7.83125,0.06033759193073593,0.0,0.0,0.02109375,0.0075421989913419816,0.0,0.0,0.0,0.0,0.0,0.0,1.2,0.9797958971132713,50.50375,0.4584041611940261,0.0,0.0,0.0,0.0,147.9193230062329,21.739208112573685
stable_control,flocking_topology_resilient,5,2.2738318426457527,0.10726539890040165,0.6714075163518001,0.031084360936665115,0.6902101449751581,0.02593844110967121,,,3.6895464707748737,0.010270726582231387,0.19379738929011206,0.13976045055142924,0.023880952380952447,0.009142059049135459,1.873650281771504,0.009228829100106648,0.859268191549927,0.011363149891407952,737280.0,0.0,0.736171875,0.00902200002078255,0.9637742656276886,0.02647619416303024,0.6165867656276889,0.025245577411961234,0.54625,0.003061862178479016,0.0,0.0,0.45375000000000004,0.003061862178478962,0.06875,0.006846531968814577,0.08333333333333334,0.16666666666666669,0.00625,0.012500000000000002,0.52484375,0.005284854539152436,78.8,2.4819347291981715,1.8062026107098876,0.13976045055142924,4.476319909927489,0.3750723560699054,11.43681164506453,5.485756434258257,0.9738809523809524,0.009142059049135459,0.0,0.0,2.056348801907274,0.07640056348983468,5.0482796426229,0.03520711465760423,3840.0,0.0,0.7199999999999999,0.0,0.0,0.0,0.0,0.0,0.0,0.0,0.0,0.0,0.0,0.0,1.52875,0.03414125070936918,0.49000000000000005,0.015103807466993238,5.960000000000001,0.05040461288413995,0.7446093750000001,0.005614138819756785,0.22789062500000004,0.009973108373270591,0.01125,0.013919410907075054,0.01,0.012869537676233752,0.135,0.03944933459514875,1.5484967451539848,0.018962750159983773,8.0,0.0,1.0,0.0,0.0,0.0,0.0,0.0,0.0,0.0,1.00875,0.0084779124789066,7.965000000000001,0.0339116499156264,0.9956250000000001,0.0042389562394533,7.790000000000001,0.06876136269737529,0.11509279235522563,0.06474325533824969,0.026250000000000002,0.008595170337171916,0.0,0.0,0.0,0.0,0.015000000000000003,0.012247448713915891,1.2,0.9797958971132713,50.48375,0.4026591300343273,0.015000000000000003,0.012247448713915891,0.004166666666666663,0.008333333333333326,150.41260721125636,20.39456009198934
failure_only,flocking_robust_active,5,2.5138406990388944,0.5154423070465405,1.2994418116998359,0.9742869092094901,1.4128339322462775,0.9753489980847558,,,3.675152014036123,0.013344634164932978,7.234929745391104,11.92822003646779,0.06280803571428575,0.09876417856085931,3.3887094973696663,0.7605831685792727,0.6575325580313802,0.10951162072896045,648537.6,3578.41851101852,0.7827723214285714,0.031100773806732703,1.2422282280165697,0.5043746453917676,0.9531032280165697,0.5863905836979219,0.625,0.10947317022905659,0.0,0.0,0.375,0.10947317022905659,0.07875,0.02358495283014151,0.18571428571428572,0.16506028583273344,0.0125,0.011858541225631423,0.6182321428571428,0.11254106960100732,59.8,20.643643089338664,9.18904565170605,11.95593008832115,30.659948357153457,50.33680034274481,114.91558048824322,53.64663340169642,0.8950997023809524,0.10336909421305915,0.0,0.0,2.0454659678755656,0.11356730858887222,12.231775271354314,2.421459075533814,3377.8,18.637596411554792,0.7199999999999999,0.0,0.0,0.0,0.0,0.0,0.0,0.0,0.0,0.0,0.0,0.0,1.42875,0.07711598407593595,0.4262499999999999,0.0789976265466248,4.98125,0.41896449730257546,0.7938035714285715,0.05047171774461253,0.2058839285714286,0.0507120507713021,0.5549999999999999,0.7131948366330199,0.25125000000000003,0.23336532518778363,0.52125,0.41873320861856655,1.6446063869599772,0.06042118213547801,7.125,0.0,1.0,0.0,0.0,0.0,0.0,0.0,0.0,0.0,1.0,0.0,7.125,0.0,1.0,0.0,6.3549999999999995,0.735520648928363,0.0,0.0,0.0,0.0,0.0,0.0,0.0,0.0,0.0,0.0,0.0,0.0,0.0,0.0,0.0,0.0,0.0,0.0,147.994815924999,20.139298161587462
failure_only,flocking_topology_support,5,2.4771661656882236,0.5470955065757689,1.2853762375830393,0.972108488485514,1.2883585933021409,0.9687909125361598,,,3.6720411041853636,0.01209960393091696,6.10765891379331,11.280511166597018,0.06810119047619048,0.09564388675511509,3.7600188084163477,0.532083909972292,0.6785704501438886,0.09690665170987908,649075.2,2563.325839607598,0.61796875,0.06078305749240492,1.339730769415448,0.6844488934963832,0.9221057694154483,0.5815831559990384,0.45499999999999996,0.13780647662573772,0.0,0.0,0.545,0.13780647662573772,0.08875,0.013919410907075058,0.05,0.1,0.00125,0.0025,0.26937500000000003,0.09754105706060397,65.6,20.303694245136768,8.014378655531361,11.33051980161756,28.980428582962123,47.31031185857042,82.7986751709419,61.389258583250275,0.9025238095238095,0.10738499222781617,0.0,0.0,2.090255452044571,0.07411300043523715,12.616541252543087,2.313424987345537,3380.6,13.35065541462291,0.7199999999999999,0.0,0.0,0.0,0.0,0.0,0.0,0.0,0.0,0.0,0.0,0.0,1.42875,0.07077693833446029,0.4262499999999999,0.07260767865728804,4.99375,0.40852249020096787,0.62421875,0.051065311275120984,0.17078125,0.039721319252071674,0.5487500000000001,0.6979254974565695,0.25250000000000006,0.2331040540188008,0.5175,0.4083005939256028,1.645435061278286,0.06120825432795099,7.125,0.0,1.0,0.0,0.0,0.0,0.0,0.0,0.0,0.0,1.015,0.009354143466934821,7.125,0.0,0.890625,0.0,6.3625,0.7181899992341859,0.0,0.0,0.2046875,0.08977374990427323,0.0,0.0,0.0,0.0,0.0,0.0,3.6,0.8,39.20375,5.1857626608821965,0.0,0.0,0.0,0.0,145.55203309292702,20.474809138046464
failure_only,flocking_topology_rejoin,5,2.4777280516409106,0.5467849412331235,1.2871267881078825,0.97104890760738,1.2895861339726131,0.9678829103386287,,,3.656676476405867,0.01717998972668779,6.106206294672552,11.277587003818958,0.06833333333333333,0.09525610809009688,3.7349053124641927,0.5294060621851148,0.6796582833863795,0.10929522837180601,649075.2,2563.325839607598,0.6178645833333334,0.06212476333651545,1.341226010516414,0.6830683479251884,0.9238510105164138,0.5807536526200383,0.45499999999999996,0.13780647662573772,0.0,0.0,0.545,0.13780647662573772,0.08625,0.015000000000000003,0.05,0.1,0.00125,0.0025,0.26916666666666667,0.10112963310015625,65.6,20.303694245136768,8.018449798530941,11.32466273071158,28.94302649153126,47.32739603774635,82.7986751709419,61.389258583250275,0.9022916666666667,0.10708447834990943,2.2681107088270114,0.9003902161770767,2.092086540254072,0.07291310150578108,12.609211230383716,2.3116095222488684,3380.6,13.35065541462291,0.7199999999999999,0.0,0.0,0.0,0.0,0.0,0.0,0.0,0.0,0.0,0.0,0.0,1.42875,0.07077693833446029,0.4262499999999999,0.07260767865728804,5.0062500000000005,0.4273281818462245,0.6241145833333334,0.05265831062568745,0.17078125,0.039721319252071674,0.5087499999999999,0.7102002358490173,0.24125000000000002,0.2503310308371697,0.495,0.419735779985457,1.637416235177982,0.06168368582279944,7.125,0.0,1.0,0.0,0.0,0.0,0.0,0.0,0.0,0.0,1.015,0.009354143466934821,7.125,0.0,0.890625,0.0,6.361666666666667,0.7270350986865914,0.0,0.0,0.20479166666666665,0.09087938733582397,0.05,0.0,2.0,0.0,0.0,0.0,3.6,0.8,39.30375,5.2994819911949875,0.0,0.0,0.0,0.0,145.69076571213253,20.31377796266618
failure_only,flocking_topology_partition,5,2.4795949427670143,0.5704993855926666,1.367071457240932,0.9648418817473698,1.3696801190610197,0.9612382497878702,,,3.656676476405867,0.01717998972668779,6.660850453573365,11.55505533861914,0.06833333333333333,0.10159420445316855,3.7349053124641927,0.5294060621851148,0.6754028497729451,0.10649265417258523,649075.2,2563.325839607598,0.6178645833333334,0.06212476333651545,1.3702549263496397,0.7022431962068483,0.9528799263496399,0.6004237427718832,0.45499999999999996,0.13780647662573772,0.0,0.0,0.545,0.13780647662573772,0.08625,0.015000000000000003,0.05,0.1,0.00125,0.0025,0.26916666666666667,0.10112963310015625,41.8,28.336548837146697,8.573093957431752,11.605200061618643,28.974635512028538,47.31158273914878,108.81718480344571,50.7522967119519,0.8972916666666666,0.1105108972913481,2.2681107088270114,0.9003902161770767,2.092086540254072,0.07291310150578108,12.609211230383716,2.3116095222488684,3380.6,13.35065541462291,0.7199999999999999,0.0,0.0,0.0,0.0,0.0,0.0,0.0,0.0,0.0,0.0,0.0,1.4137499999999998,0.07020060541049489,0.41125,0.07217600016626026,5.0062500000000005,0.4273281818462245,0.6241145833333334,0.05265831062568745,0.16390625,0.03961299601298796,0.5087499999999999,0.7102002358490173,0.24125000000000002,0.2503310308371697,0.495,0.419735779985457,1.637416235177982,0.06168368582279944,7.125,0.0,1.0,0.0,0.0,0.0,0.0,0.0,0.0,0.0,1.015,0.009354143466934821,7.0699999999999985,0.033166247903553936,0.8837499999999998,0.004145780987944242,6.306666666666667,0.7237092197300117,0.0,0.0,0.21166666666666661,0.09046365246625143,0.05,0.0,2.0,0.0,0.0,0.0,3.6,0.8,38.98375,5.2787081161018925,0.0,0.0,0.0,0.0,145.69076571213253,20.31377796266618
failure_only,flocking_topology_resilient,5,2.5899560767258984,0.568783494499624,0.9499354439293537,0.49751939077387536,0.9594395221355854,0.49548605959553493,,,3.6505137176908766,0.01705215709963179,1.9170189573118983,3.4905190472690677,0.03388690476190483,0.0249939864862202,3.1350047590112378,0.3958080866664655,0.6704104581847787,0.10425412410224388,648998.4,3012.381489785117,0.5968576388888889,0.08604494173626075,1.1397333284865199,0.3111780245605317,0.7243583284865197,0.2074670619238533,0.4575,0.1388231789003551,0.0,0.0,0.5425,0.1388231789003551,0.08499999999999999,0.012869537676233752,0.0,0.0,0.0,0.0,0.2738715277777778,0.10104499639535558,72.6,6.311893535223799,3.685231144174563,3.6081409191916896,23.16515722908038,35.74326539206863,34.999549329599255,50.103709393689314,0.9403005952380952,0.04097490966531232,2.2500606164750723,1.097915831554016,2.070784755603377,0.07434022754259995,12.310789067868958,2.380066552616248,3380.2,15.68948692596415,0.7199999999999999,0.0,0.0,0.0,0.0,0.0,0.0,0.0,0.0,0.0,0.0,0.0,1.4975,0.0310241841149771,0.45499999999999996,0.03695436374773621,5.02125,0.4256355542010089,0.6255295138888889,0.052341638480651466,0.158359375,0.04251364096344548,0.48125000000000007,0.7143287933437935,0.2325,0.24957463813456685,0.48125000000000007,0.4192254763250917,1.6347082844777678,0.060314999442130944,7.125,0.0,1.0,0.0,0.0,0.0,0.0,0.0,0.0,0.0,1.0162499999999999,0.012869537676233769,7.0675,0.04496526437151222,0.8834375,0.005620658046439028,6.273611111111112,0.7418851520283676,0.1673741810319799,0.10410495308066231,0.21579861111111112,0.09273564400354596,0.05,0.0,2.0,0.0,0.025,0.0158113883008419,3.8,0.9797958971132712,39.14375,5.363439602997317,0.025,0.0158113883008419,0.05416666666666666,0.058333333333333334,148.22442159003722,20.36655530891869
partition_only,flocking_robust_active,5,2.228508195033474,0.07178049430252002,0.6613372279339682,0.020711493370065424,0.8158274455375374,0.18803815537031726,,,3.7040441330390954,0.0071532451119010925,0.854102413501348,0.7214859333185285,0.018562500000000058,0.01106417713275598,1.961309753414159,0.036221451248056244,0.7460532333701849,0.018587402189998783,538867.2,15058.284715066322,0.7605625,0.0027018031884473623,0.970204186579867,0.06338588436773687,0.6317666865798669,0.06647357006755979,0.5587500000000001,0.007499999999999973,0.0,0.0,0.44125,0.007499999999999999,0.075,0.019364916731037084,0.185,0.24879710609249456,0.01,0.012869537676233752,0.5569821428571429,0.005643842449013421,77.0,1.0954451150103321,2.5018537724026046,0.9990874215255691,4.4726009360713785,0.638639262693749,57.75886758526426,62.67446564880966,0.9657500000000001,0.014795942750463717,0.0,0.0,2.0639389604130525,0.09644112235128909,4.745331115454677,0.07322873533611364,2806.6,78.42856622430375,0.7199999999999999,0.0,0.0,0.0,0.0,0.0,0.0,0.0,0.0,0.0,0.0,0.0,1.4900000000000002,0.010155048005794925,0.47874999999999995,0.003061862178478989,5.97125,0.053996527666137835,0.7622113095238094,0.0023216260218226407,0.23591369047619049,0.0011418103464879627,0.015,0.01610512340840641,0.01125,0.012119199643540822,0.135,0.03824264635194589,1.549255384458045,0.018693687492368504,8.0,0.0,1.0,0.0,0.0,0.0,0.4375,0.0,0.16857142857142854,0.018952141659173718,1.0,0.0,8.0,0.0,1.0,0.0,7.86125,0.04153311931459039,0.0,0.0,0.0,0.0,0.0,0.0,0.0,0.0,0.0,0.0,0.0,0.0,0.0,0.0,0.0,0.0,0.0,0.0,152.1559639597594,20.806242886905466
partition_only,flocking_topology_support,5,2.2116568514914823,0.05274015839750363,0.6635583823533631,0.02896457955342675,0.7684752350817604,0.1844380212013695,,,3.7028287058662364,0.007853791790894302,0.633771141489039,0.7685617980535594,0.02381845238095237,0.012144795888645908,1.9467588762257428,0.020286459782526592,0.775826217001304,0.012379905797391323,540825.6,14358.930233133664,0.745,0.007388494010960529,0.9672798562514385,0.046032878285458045,0.6220298562514385,0.04777768855157208,0.55,0.006846531968814593,0.0,0.0,0.45,0.006846531968814572,0.0775,0.017940875118009156,0.1457142857142857,0.18303562717767963,0.0075,0.009185586535436918,0.52859375,0.010569709078304852,77.4,1.4966629547095764,2.2218840081244684,0.9711439564504639,4.376609551684213,0.46780667480674615,33.749582471612094,47.41635045055162,0.9738184523809524,0.012144795888645908,0.0,0.0,2.0461949394469623,0.0730465295078806,4.8375725594514165,0.08812914346576711,2816.8,74.78609496423783,0.7199999999999999,0.0,0.0,0.0,0.0,0.0,0.0,0.0,0.0,0.0,0.0,0.0,1.4962500000000003,0.017499999999999957,0.48125,0.0055901699437494795,5.9725,0.051931445194602285,0.7465625,0.006491430649325286,0.23515625,0.0026608416196760055,0.01125,0.013919410907075054,0.01,0.012869537676233752,0.12625000000000003,0.035,1.5487615004594395,0.018558354437575073,8.0,0.0,1.0,0.0,0.0,0.0,0.4375,0.0,0.1657142857142857,0.0193780856660722,2.105,0.08351646544245038,8.0,0.0,1.0,0.0,7.871250000000001,0.0369966214673718,0.0,0.0,0.01609375,0.004624577683421481,0.0,0.0,0.0,0.0,0.0,0.0,23.4,4.923413450036469,50.73375,0.35214964858707426,0.0,0.0,0.125,0.07905694150420949,149.73558970543743,21.275972866737348
partition_only,flocking_topology_rejoin,5,2.2116568514914823,0.05274015839750363,0.6635583823533631,0.02896457955342675,0.7684752350817604,0.1844380212013695,,,3.7028287058662364,0.007853791790894302,0.633771141489039,0.7685617980535594,0.02381845238095237,0.012144795888645908,1.9467588762257428,0.020286459782526592,0.7786583250388504,0.007349982762491148,540825.6,14358.930233133664,0.745,0.007388494010960529,0.9672798562514385,0.046032878285458045,0.6220298562514385,0.04777768855157208,0.55,0.006846531968814593,0.0,0.0,0.45,0.006846531968814572,0.0775,0.017940875118009156,0.1457142857142857,0.18303562717767963,0.0075,0.009185586535436918,0.52859375,0.010569709078304852,77.4,1.4966629547095764,2.2218840081244684,0.9711439564504639,4.376609551684213,0.46780667480674615,33.749582471612094,47.41635045055162,0.9738184523809524,0.012144795888645908,0.0,0.0,2.0461949394469623,0.0730465295078806,4.8375725594514165,0.08812914346576711,2816.8,74.78609496423783,0.7199999999999999,0.0,0.0,0.0,0.0,0.0,0.0,0.0,0.0,0.0,0.0,0.0,1.4962500000000003,0.017499999999999957,0.48125,0.0055901699437494795,5.9725,0.051931445194602285,0.7465625,0.006491430649325286,0.23515625,0.0026608416196760055,0.01125,0.013919410907075054,0.01,0.012869537676233752,0.12625000000000003,0.035,1.5487615004594395,0.018558354437575073,8.0,0.0,1.0,0.0,0.0,0.0,0.4375,0.0,0.1657142857142857,0.0193780856660722,2.105,0.08351646544245038,8.0,0.0,1.0,0.0,7.871250000000001,0.0369966214673718,0.0,0.0,0.01609375,0.004624577683421481,0.0,0.0,0.0,0.0,0.0,0.0,23.4,4.923413450036469,50.73375,0.35214964858707426,0.0,0.0,0.125,0.07905694150420949,149.73558970543743,21.275972866737348
partition_only,flocking_topology_partition,5,2.2848587098562083,1.2005232303354947,1.8098587004817652,1.4257994072863223,1.8108181067252596,1.4264310741573671,,,3.7028287058662364,0.007853791790894302,14.531509275517205,17.803924921980283,0.12541964285714285,0.12410542008054011,1.9467588762257428,0.020286459782526592,0.7266927001532167,0.018097265389614845,540825.6,14358.930233133664,0.6426562499999999,0.020316105449248865,1.7039499373893296,0.8958511551817911,1.2964499373893295,0.8943775557977726,0.465,0.004999999999999982,0.0,0.0,0.5349999999999999,0.004999999999999982,0.0625,0.0,0.0,0.0,0.0,0.0,0.29625,0.04442119074833541,16.6,6.086049621881176,16.116022807505097,18.135115233985942,58.625356154367,66.32680076082217,67.16638376211188,72.48937945980015,0.8572053571428573,0.15007130426832413,0.0,0.0,2.0461949394469623,0.0730465295078806,4.8375725594514165,0.08812914346576711,2816.8,74.78609496423783,0.7199999999999999,0.0,0.0,0.0,0.0,0.0,0.0,0.0,0.0,0.0,0.0,0.0,1.1700000000000002,0.04565495591937413,0.16625,0.04687083314813168,5.1525,0.17636078078756642,0.6440625,0.022045097598445803,0.05828125000000001,0.015121577608669008,0.01125,0.013919410907075054,0.01,0.012869537676233752,0.12625000000000003,0.035,1.5487615004594395,0.018558354437575073,8.0,0.0,1.0,0.0,0.0,0.0,0.4375,0.0,0.0,0.0,2.105,0.08351646544245038,5.7075,0.06952966992586697,0.7134375,0.008691208740733371,5.6225,0.06887488656977958,0.0,0.0,0.29718750000000005,0.008609360821222434,0.0,0.0,0.0,0.0,0.0,0.0,23.4,4.923413450036469,35.353750000000005,0.8500790404427102,0.0,0.0,0.5,0.0,149.73558970543743,21.275972866737348
partition_only,flocking_topology_resilient,5,2.3025889092524587,1.3248384127584805,0.7050206216813836,0.0702932068493195,0.7110487755078101,0.07326634998154698,,,3.7049360894867798,0.00745588329872,0.40346099495309495,0.2277269995451439,0.023916666666666697,0.012608530580633798,1.966189661280529,0.019717175501716717,0.7214143582154066,0.018630508662362103,540134.4,16135.038464162397,0.5825260416666668,0.054739955001909826,1.032626527749916,0.04759777569737821,0.606376527749916,0.04803658189982143,0.44000000000000006,0.0050000000000000044,0.0,0.0,0.5599999999999999,0.004999999999999982,0.0625,0.0,0.0,0.0,0.0,0.0,0.2588541666666667,0.051769104179707856,55.8,25.158696309626222,1.596539005046905,0.2277269995451439,4.373913324503354,0.8685843596504891,24.97778173097265,19.845471542918656,0.9739166666666665,0.012608530580633798,0.0,0.0,2.067073160683258,0.09252454813479176,4.783131032200944,0.06592333224423855,2813.2,84.03665866751247,0.7199999999999999,0.0,0.0,0.0,0.0,0.0,0.0,0.0,0.0,0.0,0.0,0.0,1.37875,0.12359207094308274,0.36250000000000004,0.1354967711792425,5.1450000000000005,0.18171922022725048,0.628125,0.024838481053780816,0.04765625,0.0022507594204512395,0.01125,0.013919410907075054,0.01,0.012869537676233752,0.125,0.033773140215265736,1.5476979588001556,0.01881690458752944,8.0,0.0,1.0,0.0,0.0,0.0,0.4375,0.0,0.0,0.0,2.1325,0.06930458137814553,5.66,0.1865224517316883,0.7075,0.023315306466461037,5.4089583333333335,0.19615067373209694,0.2292063772317487,0.06782933713232135,0.3238802083333333,0.02451883421651211,0.0,0.0,0.0,0.0,0.17250000000000001,0.06454165321712793,17.2,5.635601121442148,35.21375,1.3721641210146827,0.17250000000000001,0.06454165321712793,0.1958333333333333,0.09090593428863095,151.995887713446,20.304332626749854
asymmetric_partition,flocking_robust_active,5,2.2147803159843695,0.08371925933005224,0.6556921324628668,0.022479688314730607,0.807418807245995,0.1816492529951835,,,3.7034947420313804,0.008363849524412315,0.8277448568173572,0.6832035201138726,0.01619196428571428,0.010147730924739733,1.928736028543809,0.02189121643476796,0.761966049997136,0.023313082080399127,559680.0,29128.621141413474,0.7602648809523809,0.003827572455958472,0.9562783664487251,0.0563483455693042,0.6178408664487252,0.05872176119895565,0.5587500000000001,0.007499999999999973,0.0,0.0,0.44125,0.007499999999999999,0.075,0.019364916731037084,0.12954545454545455,0.16192284664142614,0.0075,0.009185586535436918,0.5578973214285714,0.004193730135449757,77.2,1.16619037896906,2.4697976529836803,0.9649967684581123,4.3694292242563515,0.6021152746884062,58.36159955162996,62.572273366768144,0.9639151785714286,0.013096715453731894,0.0,0.0,2.0448176965145866,0.09457435665434186,4.798305020721113,0.08263704963338671,2915.0,151.71156844486185,0.7199999999999999,0.0,0.0,0.0,0.0,0.0,0.0,0.0,0.0,0.0,0.0,0.0,1.49,0.012247448713915848,0.48,0.004677071733467434,5.98,0.05083674851915683,0.7614970238095238,0.0034153565546525084,0.23678422619047618,0.0022105172665881577,0.0125,0.013110110602126895,0.01125,0.012119199643540822,0.12250000000000001,0.03025929609227551,1.5488815837753087,0.018191335746699986,8.0,0.0,1.0,0.0,0.0,0.0,0.4375,0.0,0.16857142857142854,0.018952141659173718,1.0,0.0,8.0,0.0,1.0,0.0,7.875,0.03235544776386201,0.0,0.0,0.0,0.0,0.0,0.0,0.0,0.0,0.0,0.0,0.0,0.0,0.0,0.0,0.0,0.0,0.0,0.0,151.2524049315251,21.35384981942501
asymmetric_partition,flocking_topology_support,5,2.2080324516282914,0.08362595986179497,0.6630060021350344,0.03338587516715211,0.7795706701911388,0.20075271063532232,,,3.700605444869196,0.008445475524737981,0.6631948659942394,0.8868028385010113,0.019727678571428608,0.01282788554830088,1.936968903851318,0.03012181929925368,0.7900482999626547,0.01973872877641193,561984.0,27366.028809456442,0.7432812500000001,0.007568050648945213,0.9720847420323422,0.055757049615931045,0.625647242032342,0.059273610121572486,0.54875,0.01075290658380329,0.0,0.0,0.45125000000000004,0.010752906583803278,0.07999999999999999,0.01741048534648015,0.15238095238095237,0.18904222134551626,0.008749999999999999,0.010897247358851683,0.5278124999999999,0.0062029478878997315,78.0,0.8944271909999159,2.2971619926796127,1.0667433874935666,4.525545001569138,0.8433114824148915,37.01913389008625,53.96585628191398,0.9668705357142857,0.01640490701500373,0.0,0.0,2.0389068611646386,0.0862315198434132,4.8933361881502915,0.09524910856196078,2927.0,142.5314000492523,0.7199999999999999,0.0,0.0,0.0,0.0,0.0,0.0,0.0,0.0,0.0,0.0,0.0,1.4962500000000003,0.012869537676233774,0.48375,0.0050000000000000044,5.97125,0.053706377647352026,0.74640625,0.006713297205919003,0.23562500000000003,0.002595819957161903,0.01125,0.012119199643540822,0.01125,0.012119199643540822,0.125,0.03601215072721983,1.5488290347939284,0.018194850721509444,8.0,0.0,1.0,0.0,0.0,0.0,0.4375,0.0,0.16285714285714287,0.029416086117105715,2.05625,0.1317549809305136,8.0,0.0,1.0,0.0,7.8725000000000005,0.03762479235823086,0.0,0.0,0.0159375,0.004703099044778878,0.0,0.0,0.0,0.0,0.0,0.0,21.6,7.709734106958553,50.74375,0.3570495413804641,0.0,0.0,0.25,0.11180339887498948,149.445051662906,21.273153854321077
asymmetric_partition,flocking_topology_rejoin,5,2.2080324516282914,0.08362595986179497,0.6630060021350344,0.03338587516715211,0.7795706701911388,0.20075271063532232,,,3.700605444869196,0.008445475524737981,0.6631948659942394,0.8868028385010113,0.019727678571428608,0.01282788554830088,1.936968903851318,0.03012181929925368,0.7926179415546357,0.020630312650149946,561984.0,27366.028809456442,0.7432812500000001,0.007568050648945213,0.9720847420323422,0.055757049615931045,0.625647242032342,0.059273610121572486,0.54875,0.01075290658380329,0.0,0.0,0.45125000000000004,0.010752906583803278,0.07999999999999999,0.01741048534648015,0.15238095238095237,0.18904222134551626,0.008749999999999999,0.010897247358851683,0.5278124999999999,0.0062029478878997315,78.0,0.8944271909999159,2.2971619926796127,1.0667433874935666,4.525545001569138,0.8433114824148915,37.01913389008625,53.96585628191398,0.9668705357142857,0.01640490701500373,0.0,0.0,2.0389068611646386,0.0862315198434132,4.8933361881502915,0.09524910856196078,2927.0,142.5314000492523,0.7199999999999999,0.0,0.0,0.0,0.0,0.0,0.0,0.0,0.0,0.0,0.0,0.0,1.4962500000000003,0.012869537676233774,0.48375,0.0050000000000000044,5.97125,0.053706377647352026,0.74640625,0.006713297205919003,0.23562500000000003,0.002595819957161903,0.01125,0.012119199643540822,0.01125,0.012119199643540822,0.125,0.03601215072721983,1.5488290347939284,0.018194850721509444,8.0,0.0,1.0,0.0,0.0,0.0,0.4375,0.0,0.16285714285714287,0.029416086117105715,2.05625,0.1317549809305136,8.0,0.0,1.0,0.0,7.8725000000000005,0.03762479235823086,0.0,0.0,0.0159375,0.004703099044778878,0.0,0.0,0.0,0.0,0.0,0.0,21.6,7.709734106958553,50.74375,0.3570495413804641,0.0,0.0,0.25,0.11180339887498948,149.445051662906,21.273153854321077
asymmetric_partition,flocking_topology_partition,5,2.2637000497631847,1.40190416567584,1.9472425295622553,1.5746170481866526,1.9501809504038548,1.5727258288897326,,,3.700605444869196,0.008445475524737981,16.78744940008273,20.173734276804353,0.15303125,0.15318632700489293,1.936968903851318,0.03012181929925368,0.7399716081563383,0.028268600022259647,561984.0,27366.028809456442,0.6189062500000038,0.02925841225185774,1.8485144091847718,1.0421974869204444,1.4410144091847719,1.0406589917985822,0.465,0.004999999999999982,0.0,0.0,0.5349999999999999,0.004999999999999982,0.0625,0.0,0.0,0.0,0.0,0.0,0.24218750000000372,0.0580190566753658,13.8,3.4871191548325386,18.40431907293394,20.486491348808954,56.079779311964764,63.166182919321386,74.41847351625455,81.68314790768753,0.83084375,0.18079381168543907,0.0,0.0,2.0389068611646386,0.0862315198434132,4.8933361881502915,0.09524910856196078,2927.0,142.5314000492523,0.7199999999999999,0.0,0.0,0.0,0.0,0.0,0.0,0.0,0.0,0.0,0.0,0.0,1.105,0.026634094690828142,0.1025,0.02866836235294928,4.96,0.23003396488344932,0.6195312500000038,0.029481191037671047,0.042187499999999996,0.007622694323531544,0.01125,0.012119199643540822,0.01125,0.012119199643540822,0.125,0.03601215072721983,1.5488290347939284,0.018194850721509444,8.0,0.0,1.0,0.0,0.0,0.0,0.4375,0.0,0.0,0.0,2.05625,0.1317549809305136,5.3725000000000005,0.228910462845192,0.6715625000000001,0.028613807855649,5.29625,0.22131002010754072,0.0,0.0,0.33796875000000004,0.02766375251344257,0.0,0.0,0.0,0.0,0.0,0.0,21.6,7.709734106958553,33.29375,1.7509238632790403,0.00375,0.007500000000000001,0.675,0.06123724356957946,149.445051662906,21.273153854321077
asymmetric_partition,flocking_topology_resilient,5,2.2822349314012453,1.3827354857114056,0.7208997024190944,0.07149986645929025,0.7279324403207192,0.07778786975468953,,,3.703324030441648,0.00859479972200628,0.3990996704500163,0.2235659478958376,0.020330357142857226,0.013107232568299486,1.9515936015009987,0.030232344414471805,0.7281717917416245,0.021903741091372525,559680.0,25970.439811447166,0.5761718750000062,0.055645929368594214,1.0467395137578483,0.044434636209170826,0.6204895137578486,0.044954823095400054,0.44000000000000006,0.0050000000000000044,0.0,0.0,0.5599999999999999,0.004999999999999982,0.0625,0.0,0.0,0.0,0.0,0.0,0.20729166666667292,0.06035534783390834,46.4,22.294393914165955,1.6102385044085281,0.23947496020706446,4.215466737936363,0.6828072317567486,25.49567073755024,20.40068297439853,0.9703303571428572,0.013107232568299487,0.0,0.0,2.0490421236087073,0.07797901636500197,4.8270978478010855,0.06586006128647695,2915.0,135.26270735128733,0.7199999999999999,0.0,0.0,0.0,0.0,0.0,0.0,0.0,0.0,0.0,0.0,0.0,1.32,0.13336978668349145,0.305,0.140055792454293,4.953749999999999,0.2396155775403596,0.6032031250000024,0.03025438748743008,0.04408854166667041,0.0029881039458130223,0.0125,0.013110110602126895,0.01125,0.012119199643540822,0.12250000000000001,0.026983791431153627,1.5479849578456109,0.018549292082587977,8.0,0.0,1.0,0.0,0.0,0.0,0.4375,0.0,0.0,0.0,2.03625,0.12439855304624724,5.4,0.23923706861604888,0.675,0.02990463357700611,5.180833333333334,0.2354845035005254,0.2507035287936644,0.062340011183012606,0.35239583333333335,0.02943556293756564,0.0,0.0,0.0,0.0,0.20750000000000002,0.05665134596812329,19.6,5.0039984012787215,33.503750000000004,1.820476414293798,0.20750000000000002,0.05665134596812329,0.17083333333333334,0.04249182927993988,151.22891638926902,20.38673709847062
failure_partition,flocking_robust_active,5,2.4971097115253,0.5223961449524064,1.2219894206676487,1.0209701900971773,1.3853646116193254,0.980501478462817,,,3.688045475005101,0.011476088615543853,6.801176925147601,11.773248398693683,0.05938690476190478,0.09892846013474338,3.853882196690717,0.7899031208340023,0.5822660249657929,0.08480288002434466,496166.4,7366.7975566049045,0.7791755952380952,0.02666879508937877,1.2347095050342172,0.5263785251660872,0.9472720050342172,0.6082950105982629,0.6287499999999999,0.10800752288613975,0.0,0.0,0.37124999999999997,0.10800752288613975,0.09,0.028668362352949287,0.13706293706293707,0.11555190246564949,0.0125,0.010458250331675946,0.6200907738095238,0.11139137798354559,66.2,20.614557962760202,8.757586648348028,11.798322258464212,28.10869931093278,46.65774024661359,109.83664761749166,50.18526915173305,0.9023244047619048,0.10507465108447604,0.0,0.0,2.0728256608175055,0.10700475797883076,13.17637319091962,2.7819657825593977,2584.2,38.36873727398388,0.7199999999999999,0.0,0.0,0.0,0.0,0.0,0.0,0.0,0.0,0.0,0.0,0.0,1.4375,0.07520804478245657,0.43125,0.07510409442899901,4.936249999999999,0.381411850890871,0.7925714285714285,0.049506433500184244,0.20654315476190477,0.04947771918756362,0.53625,0.6582101678035671,0.2625,0.22700495589303774,0.5175,0.40100264961718146,1.6696858212278574,0.0616672200460985,7.0625,0.0,1.0,0.0,0.0,0.0,0.4375,0.0,0.32857142857142857,0.25087601621160216,1.0,0.0,7.0625,0.0,1.0,0.0,6.31375,0.6918656842191265,0.0,0.0,0.0,0.0,0.0,0.0,0.0,0.0,0.0,0.0,0.0,0.0,0.0,0.0,0.0,0.0,0.0,0.0,148.11269029172195,15.547347445122353
failure_partition,flocking_topology_support,5,2.4677910080903644,0.5683772255809638,1.193593054473862,1.0408258814802034,1.1983062875282056,1.0299776536765797,,,3.6864295012629738,0.01009242530117389,6.009209803873442,11.538905303523519,0.06897767857142859,0.1003912482472029,3.965895121307155,0.6268159761964407,0.6017684582155198,0.086758068530844,497241.6,8215.625931114439,0.6100000000000001,0.05891143047512087,1.333051110480754,0.727523641090903,0.9146136104807543,0.625541701952656,0.45375,0.1374772708486752,0.0,0.0,0.54625,0.1374772708486752,0.0875,0.014252192813739226,0.03333333333333333,0.06666666666666667,0.00125,0.0025,0.25484375,0.09341920807574854,65.6,20.303694245136768,7.625170747833275,11.730916082232142,27.57439439820314,46.108561293596594,34.74424494528865,52.218335247386406,0.9111651785714285,0.1154477349727824,0.0,0.0,2.054473521497117,0.10455380592791927,13.52273225550761,2.6578960030875254,2589.8,42.78971839122104,0.7199999999999999,0.0,0.0,0.0,0.0,0.0,0.0,0.0,0.0,0.0,0.0,0.0,1.4375000000000002,0.07510409442899899,0.43125,0.07510409442899901,4.930000000000001,0.38961920512212933,0.6162500000000001,0.048702400640266166,0.17218750000000002,0.04044913858786118,0.545,0.6697410880332787,0.2625,0.22700495589303774,0.51375,0.4050154318047647,1.6703915086707575,0.06283955877873265,7.0625,0.0,1.0,0.0,0.0,0.0,0.4375,0.0,0.08571428571428572,0.05421047417431507,1.74375,0.10613964857676886,7.0625,0.0,0.8828125,0.0,6.31375,0.7004842075307623,0.0,0.0,0.21078125,0.08756052594134528,0.0,0.0,0.0,0.0,0.0,0.0,13.6,3.8781438859330635,38.74374999999999,5.012894311173935,0.0,0.0,0.15,0.05,144.66768783361323,18.730980652092203
failure_partition,flocking_topology_rejoin,5,2.467928638195193,0.5682911405688146,1.1940265988470968,1.0406079136712014,1.1986247054249375,1.0297758326455049,,,3.6771143238091013,0.01445751968929754,6.006455402773183,11.53915358608854,0.06946875000000001,0.10015453770853874,3.9551681916179917,0.6126239764935166,0.6105180663987995,0.08484554171229654,497241.6,8215.625931114439,0.6102083333333334,0.06001864673357077,1.3332424625665873,0.7264870294875376,0.9151799625665873,0.6252541959640809,0.45375,0.1374772708486752,0.0,0.0,0.54625,0.1374772708486752,0.08375,0.0175,0.03333333333333333,0.06666666666666667,0.00125,0.0025,0.25526041666666666,0.09553670692352584,65.6,20.303694245136768,7.626985991173046,11.728878916758646,27.59799982881259,46.09679646230556,34.40740691397305,52.38565592099904,0.9116562499999998,0.11570045585956484,1.5955075561273102,0.7634402681850814,2.0555353683258057,0.10555333602574447,13.525288242882553,2.65733394157202,2589.8,42.78971839122104,0.7199999999999999,0.0,0.0,0.0,0.0,0.0,0.0,0.0,0.0,0.0,0.0,0.0,1.4375000000000002,0.07510409442899899,0.43125,0.07510409442899901,4.9425,0.40045677045094397,0.6164583333333333,0.04977063276086276,0.17218750000000002,0.04044913858786118,0.5037499999999999,0.6965831788092504,0.2325,0.2401627052645768,0.49625,0.4197581148709338,1.663355504982213,0.060810774850622744,7.0625,0.0,1.0,0.0,0.0,0.0,0.4375,0.0,0.08571428571428572,0.05421047417431507,1.74375,0.10613964857676886,7.0625,0.0,0.8828125,0.0,6.315416666666668,0.7096826608891236,0.0,0.0,0.21057291666666664,0.08871033261114045,0.05,0.0,2.0,0.0,0.0,0.0,13.6,3.8781438859330635,38.84375,5.106293604464984,0.0,0.0,0.15,0.05,144.65381358625908,18.747470509399587
failure_partition,flocking_topology_partition,5,2.256117120980693,1.0872619629991267,1.6664098269422731,1.2398058181937075,1.6640462562574587,1.2406129249941804,,,3.6771143238091013,0.01445751968929754,11.122582428089128,14.183796749688563,0.10417708333333338,0.12152527457739437,3.9551681916179917,0.6126239764935166,0.5778704666066915,0.08145173771295311,497241.6,8215.625931114439,0.5200520833333409,0.0547053542283528,1.6156052609879132,0.8148027001080226,1.1659177609879132,0.7405398469375293,0.40875000000000006,0.11385297536735701,0.0,0.0,0.5912499999999999,0.11385297536735699,0.0625,0.0,0.0,0.0,0.0,0.0,0.057291666666674165,0.12180152699849688,16.6,6.086049621881176,12.770542054844135,14.45293582463254,53.03569959174187,59.102962251192864,65.17903354103957,69.19043771436351,0.8660520833333333,0.13628647893418402,1.5955075561273102,0.7634402681850814,2.0555353683258057,0.10555333602574447,13.525288242882553,2.65733394157202,2589.8,42.78971839122104,0.7199999999999999,0.0,0.0,0.0,0.0,0.0,0.0,0.0,0.0,0.0,0.0,0.0,1.22125,0.09425696260754425,0.21875,0.09312290266094587,4.22625,0.48461324785853704,0.5259895833333409,0.06095205488571437,0.059375,0.006864338323902749,0.5037499999999999,0.6965831788092504,0.2325,0.2401627052645768,0.49625,0.4197581148709338,1.663355504982213,0.060810774850622744,7.0625,0.0,1.0,0.0,0.0,0.0,0.4375,0.0,0.0,0.0,1.74375,0.10613964857676886,5.355,0.3730658453946165,0.669375,0.046633230674327064,4.685416666666667,0.5375968904919992,0.0,0.0,0.4143229166666667,0.06719961131149993,0.05,0.0,2.0,0.0,0.0,0.0,13.6,3.8781438859330635,27.59375,3.654293279828536,0.0075000000000000015,0.007288689868556625,0.425,0.12747548783981963,144.65381358625908,18.747470509399587
failure_partition,flocking_topology_resilient,5,2.2147735343959094,1.2021955450231376,0.6984296932511342,0.06006037627684861,0.7048329947987023,0.05790883675818599,,,3.6763698765839954,0.013685181475221898,0.3423730314280896,0.14891245878969905,0.015590773809523829,0.006100621706938452,3.845513315639913,0.5456420194086096,0.5692238001618535,0.08111628284025978,497203.2,7662.315639543963,0.48450954861111867,0.06932120602393502,1.0714436558893923,0.11502824880641674,0.6067561558893921,0.040583947904629464,0.38875,0.10386289038920495,0.0,0.0,0.6112500000000001,0.10386289038920492,0.0625,0.0,0.0,0.0,0.0,0.0,0.03386284722223098,0.11494878524336113,49.4,22.059918404200864,1.6576269685719105,0.14891245878969908,4.757776490395334,0.6190806866468239,18.515382938010116,18.17264430031867,0.9614687500000001,0.012196621935126202,1.7423334625500941,0.7997481683579504,2.0449928584381984,0.07997883159286057,13.267664521186678,2.6818029637714,2589.6,39.90789395595814,0.7199999999999999,0.0,0.0,0.0,0.0,0.0,0.0,0.0,0.0,0.0,0.0,0.0,1.4737500000000001,0.22691545782515574,0.44749999999999995,0.2121173024531474,4.2125,0.4790452744783107,0.5151085069444494,0.0582121793256653,0.05226562500000374,0.007719762079394433,0.495,0.6850798311145936,0.2325,0.2401627052645768,0.48875,0.4174775443062776,1.6608005164455606,0.05931823655202056,7.0625,0.0,1.0,0.0,0.0,0.0,0.4375,0.0,0.0,0.0,1.7774999999999999,0.09062284480195926,5.3225,0.38057522252506126,0.6653125,0.04757190281563266,4.541493055555555,0.5088804949309235,0.21465053869070722,0.06585280516940795,0.43231336805555554,0.06361006186636546,0.05,0.0,2.0,0.0,0.16250000000000003,0.025920551691659646,15.4,3.555277766926235,27.63375,3.775382017094428,0.165,0.023913908087136233,0.11249999999999996,0.06400954789890508,146.79367847052308,18.443715966056665
staggered_rejoin,flocking_robust_active,5,1.8113800955678916,0.9486435166711044,0.6403302777294618,0.022420610005580186,1.3013512763880377,1.130090816990694,,,3.701676012127087,0.02735446113819981,7.74253160547592,14.360597345107017,0.06715476190476191,0.11749781642233371,4.0589171161565325,0.672169397985614,0.6034602582454681,0.029890335298398903,597964.8,3980.6559459465975,0.7622306547619048,0.02233217023287457,1.050326491025353,0.6934953303433256,0.948888991025353,0.6942027149658024,0.87375,0.006123724356957924,0.0,0.0,0.12625000000000003,0.006123724356957951,0.0675,0.004677071733467426,0.18382513661202188,0.3348150976751529,0.06999999999999999,0.12768369120604242,0.6270238095238095,0.02041640635680229,67.8,21.40467238712146,9.376757016881287,14.551872995734291,32.098550573947925,53.38969415983323,69.63271159036591,71.77930671103071,0.8963422619047619,0.1242430925766279,0.0,0.0,2.158211648802255,0.30134293551568464,14.637697298513384,3.5177117448095148,3114.4,20.732583051805193,0.7199999999999999,0.0,0.0,0.0,0.0,0.0,0.0,0.0,0.0,0.0,0.0,0.0,1.56875,0.04275657844121767,0.4774999999999999,0.017500000000000012,4.717499999999999,0.22712193861448057,0.7773035714285713,0.011839727121939739,0.20463392857142856,0.007459246264861656,0.4625,0.21711891902825972,0.25625,0.06224949798994365,0.5,0.12099845040330062,1.6429795972442456,0.017535965777813883,6.66875,0.0,1.0,0.0,0.0,0.0,0.0,0.0,0.0,0.0,1.0,0.0,6.66875,0.0,1.0,0.0,5.995,0.1915969075950862,0.0,0.0,0.0,0.0,0.0,0.0,0.0,0.0,0.0,0.0,0.0,0.0,0.0,0.0,0.0,0.0,0.0,0.0,144.8619625176335,19.091443845624603
staggered_rejoin,flocking_topology_support,5,1.9842350434021092,0.232802098983915,0.6610552995010062,0.038018355536785065,0.6753578829654953,0.04264769927973289,,,3.697167303918037,0.028093735040951598,0.2475131290845865,0.21404835871265002,0.023105654761904758,0.009077101137373509,4.651862852879805,1.1193194819211967,0.6179052252322436,0.021788622550150672,598502.4,3256.990119727108,0.57796875,0.034141250709369145,0.9585216007322641,0.04390892776801901,0.5912716007322641,0.041183703662946915,0.5225,0.01286953767623375,0.0,0.0,0.4774999999999999,0.012869537676233745,0.09124999999999998,0.010897247358851685,0.04,0.08,0.00125,0.0025,0.22156250000000002,0.05201412067890795,67.8,21.40467238712146,1.755868937719589,0.2178978507619123,4.922765620323041,0.5657503194348853,8.121977089299168,1.2819389239194132,0.9701264880952382,0.01453236126672734,0.0,0.0,2.190071869214303,0.25966348113663806,14.902103054372713,3.3870536758550225,3117.2,16.96349020691202,0.7199999999999999,0.0,0.0,0.0,0.0,0.0,0.0,0.0,0.0,0.0,0.0,0.0,1.57875,0.03635759893062244,0.47874999999999995,0.018371173070873853,4.695,0.21817424229271437,0.586875,0.027271780286589296,0.14875,0.005559514648330376,0.47000000000000003,0.21387058002446246,0.25999999999999995,0.06307237905771432,0.5025,0.11836120563765816,1.6433519226075728,0.017615165702657667,6.66875,0.0,1.0,0.0,0.0,0.0,0.0,0.0,0.0,0.0,1.0274999999999999,0.02038688303787509,6.66875,0.0,0.83359375,0.0,5.985,0.19033687241309813,0.0,0.0,0.25187499999999996,0.02379210905163726,0.0,0.0,0.0,0.0,0.0,0.0,6.4,1.4966629547095764,34.98375,1.687641660720663,0.0,0.0,0.0,0.0,143.30457388831064,20.076736601803628
staggered_rejoin,flocking_topology_rejoin,5,1.9851817453021419,0.23319135762671472,0.6648489231777971,0.038484173345032686,0.6773882570625758,0.04169257189813461,,,3.690853034948616,0.018489236686114977,0.2348561994333596,0.20815286514084166,0.022678571428571458,0.008626335485190833,4.653364822184274,1.0951134552400197,0.6233340418431907,0.035381838159705,598502.4,3256.990119727108,0.57765625,0.03957721649558232,0.9609819683591562,0.04520529389032937,0.5937319683591561,0.042667969527057766,0.5225,0.01286953767623375,0.0,0.0,0.4774999999999999,0.012869537676233745,0.09124999999999998,0.010897247358851685,0.04,0.08,0.00125,0.0025,0.22000000000000003,0.06887957328787284,67.8,21.40467238712146,1.7712043262561032,0.21479662323858745,4.874527361500515,0.5038984806468281,8.121977089299168,1.2819389239194132,0.9695803571428572,0.014329720168308961,1.852753270387165,0.5960613673875685,2.197296502390815,0.26140364307781666,14.906434994445766,3.383618651404507,3117.2,16.96349020691202,0.7199999999999999,0.0,0.0,0.0,0.0,0.0,0.0,0.0,0.0,0.0,0.0,0.0,1.5775000000000001,0.035925269657999755,0.4774999999999999,0.017500000000000012,4.70625,0.28581025174055574,0.5865625,0.03430483290048009,0.14828124999999998,0.005120615502554357,0.45124999999999993,0.30252582534388694,0.22000000000000003,0.11301272052295706,0.46374999999999994,0.16140980453491666,1.628928871176316,0.021904183681643402,6.66875,0.0,1.0,0.0,0.0,0.0,0.0,0.0,0.0,0.0,1.0274999999999999,0.02038688303787509,6.66875,0.0,0.83359375,0.0,5.97875,0.25079958936923674,0.0,0.0,0.25265624999999997,0.0313499486711546,0.075,0.0,3.0,0.0,0.0,0.0,6.4,1.4966629547095764,35.053749999999994,2.2151206231264253,0.0,0.0,0.075,0.07750448015724277,143.14252261307473,20.082373614418387
staggered_rejoin,flocking_topology_partition,5,1.971467750365123,0.2911233013662582,0.7825050796659889,0.1770982746722921,0.7928119847037809,0.17948580616321375,,,3.690853034948616,0.018489236686114977,0.7640922851376007,0.5465960047655343,0.017678571428571453,0.01104347349162416,4.653364822184274,1.0951134552400197,0.6233142085839063,0.03393712254613134,598502.4,3256.990119727108,0.57765625,0.03957721649558232,0.9900108841923819,0.07509506119359106,0.6227608841923818,0.07395400002541488,0.5225,0.01286953767623375,0.0,0.0,0.4774999999999999,0.012869537676233745,0.09124999999999998,0.010897247358851685,0.04,0.08,0.00125,0.0025,0.22000000000000003,0.06887957328787284,41.4,30.754511864115155,2.3258484851569134,0.8811509390299651,4.944755593856302,0.5452606987606815,51.963514422270805,54.8950770412711,0.9645803571428571,0.01489642172140817,1.852753270387165,0.5960613673875685,2.197296502390815,0.26140364307781666,14.906434994445766,3.383618651404507,3117.2,16.96349020691202,0.7199999999999999,0.0,0.0,0.0,0.0,0.0,0.0,0.0,0.0,0.0,0.0,0.0,1.55,0.04626688880830438,0.45,0.03513367330638799,4.70625,0.28581025174055574,0.5865625,0.03430483290048009,0.13890625,0.011368731102238286,0.45124999999999993,0.30252582534388694,0.22000000000000003,0.11301272052295706,0.46374999999999994,0.16140980453491666,1.628928871176316,0.021904183681643402,6.66875,0.0,1.0,0.0,0.0,0.0,0.0,0.0,0.0,0.0,1.0274999999999999,0.02038688303787509,6.59375,0.05645794895318124,0.82421875,0.007057243619147655,5.9037500000000005,0.2123023999576496,0.0,0.0,0.26203125,0.026537799994706186,0.075,0.0,3.0,0.0,0.0,0.0,6.4,1.4966629547095764,34.67375,2.0286903102740936,0.0,0.0,0.075,0.07750448015724277,143.14252261307473,20.082373614418387
staggered_rejoin,flocking_topology_resilient,5,2.050605096242589,0.3262727063707239,0.6387893005375354,0.03195139184878211,0.6459578870140864,0.02744049274974647,,,3.690478667446211,0.021016909142526217,0.42809948311079415,0.1394298508335883,0.024322916666666704,0.012616842483374512,4.4104624830165715,0.7747753289356892,0.6226697000674903,0.029684468375858364,599193.6,3590.7593403067267,0.570993923611111,0.041776192943913125,0.9297013763364574,0.037123213028187045,0.5668263763364573,0.03178389247429768,0.5275000000000001,0.012869537676233757,0.0,0.0,0.4725,0.012869537676233745,0.085,0.010155048005794953,0.0,0.0,0.0,0.0,0.22136284722222227,0.06741410988697975,78.8,0.7483314773547882,1.5719005168892057,0.1394298508335883,4.3270986973228975,0.6954486255377627,7.791124410586728,1.4915070406085298,0.9733913690476191,0.014269998020391783,1.6717497760905597,0.48367023519053526,2.1570958628743524,0.2511292517739774,14.802839910375067,3.324974150463002,3120.8,18.701871564097537,0.7199999999999999,0.0,0.0,0.0,0.0,0.0,0.0,0.0,0.0,0.0,0.0,0.0,1.6,0.034232659844072914,0.4925,0.004677071733467434,4.7212499999999995,0.27935752182463236,0.587556423611111,0.03312973177045349,0.13591145833333335,0.009653136858828725,0.44375,0.3004423821633692,0.22000000000000003,0.11301272052295706,0.45999999999999996,0.1557542134261542,1.6285456847637878,0.023005818275797795,6.66875,0.0,1.0,0.0,0.0,0.0,0.0,0.0,0.0,0.0,1.0225000000000002,0.01658312395177697,6.60625,0.046097722286464464,0.82578125,0.005762215285808058,5.880243055555556,0.22735689540821163,0.11458279763456,0.08501267797197681,0.2649696180555555,0.028419611926026465,0.075,0.0,3.0,0.0,0.0325,0.01870828693386971,6.2,1.16619037896906,34.86375,2.086135032781915,0.0325,0.01870828693386971,0.05,0.042898458920779176,145.2568479406898,20.118846020306805
flapping_reconnect,flocking_robust_active,5,2.2118872467111053,0.06651329609840588,0.6498101062256324,0.03137940681498395,0.7234807870963238,0.11392284790292492,,,3.6942831081758136,0.008538617058124875,0.5250075334266022,0.4616568280812527,0.01938839285714289,0.010957603608886798,1.892681316928401,0.037819105783372435,0.8240747169125825,0.013011733846963015,652800.0,7153.127427915709,0.7591964285714285,0.004001963715115008,0.936721121810519,0.04651747683659371,0.5990961218105189,0.04738754137125297,0.5599999999999999,0.009354143466934821,0.0,0.0,0.44000000000000006,0.009354143466934861,0.07625,0.01870828693386971,0.12954545454545455,0.16192284664142614,0.0075,0.009185586535436918,0.5602410714285714,0.001978761594780861,77.8,1.4696938456699067,2.030749173148112,0.6984371306133685,4.578821681337194,0.7471840897671314,37.85929096693859,52.83988145211249,0.9683258928571428,0.012654663386314076,0.0,0.0,2.047082247595872,0.07269266400859348,4.96537095438983,0.036917566187649575,3400.0,37.255872020394314,0.7199999999999999,0.0,0.0,0.0,0.0,0.0,0.0,0.0,0.0,0.0,0.0,0.0,1.4925000000000002,0.012747548783981983,0.48250000000000004,0.004677071733467428,5.97375,0.05052845732851951,0.7607113095238095,0.0037793652538407572,0.23756994047619048,0.00327379802487158,0.01125,0.012119199643540822,0.01125,0.012119199643540822,0.12375,0.03695436374773621,1.5494376118432476,0.018597043952356555,8.0,0.0,1.0,0.0,0.0,0.0,0.1875,0.0,0.05333333333333333,0.04,1.0,0.0,8.0,0.0,1.0,0.0,7.873749999999999,0.039210967853395194,0.0,0.0,0.0,0.0,0.0,0.0,0.0,0.0,0.0,0.0,0.0,0.0,0.0,0.0,0.0,0.0,0.0,0.0,152.85776003003303,20.92535758777847
flapping_reconnect,flocking_topology_support,5,2.18328702866811,0.03111137502270128,0.6414227655983679,0.02758329100808233,0.6879726476333394,0.0383719047526779,,,3.692948208811425,0.007967817280423287,0.21454230433754645,0.18647569374844006,0.02079910714285722,0.008171989319546073,1.9108770873596832,0.031068276176098728,0.8458315501920879,0.008490159267599006,652876.8,7649.796609060923,0.7451562500000001,0.006039421278152377,0.9289087243712941,0.02979175269699092,0.5816587243712943,0.028944187539737435,0.5475,0.005000000000000033,0.0,0.0,0.45249999999999996,0.005000000000000002,0.07875,0.0211394181566097,0.09523809523809523,0.13127665478181164,0.005,0.007288689868556625,0.5275000000000001,0.011293319374745403,77.4,1.019803902718557,1.8057025325242058,0.20748512920669565,4.428438951510875,0.4991294434448391,11.879660251462434,5.21528878205554,0.9707991071428573,0.008171989319546073,0.0,0.0,2.02346143434391,0.10876695025730296,5.04183376981726,0.03561783454898043,3400.4,39.842690672192305,0.7199999999999999,0.0,0.0,0.0,0.0,0.0,0.0,0.0,0.0,0.0,0.0,0.0,1.49375,0.013110110602126912,0.48125,0.003952847075210477,5.97,0.04633438248212677,0.74625,0.005791797810265846,0.23484375000000002,0.0020131404260508028,0.008749999999999999,0.01159202311936963,0.008749999999999999,0.01159202311936963,0.13374999999999998,0.04081206929328627,1.5500579312635694,0.01856172400758889,8.0,0.0,1.0,0.0,0.0,0.0,0.1875,0.0,0.039999999999999994,0.032659863237109045,1.50625,0.026516504294495553,8.0,0.0,1.0,0.0,7.865,0.04213074886588173,0.0,0.0,0.016875,0.005266343608235224,0.0,0.0,0.0,0.0,0.0,0.0,16.8,1.5999999999999999,50.70375,0.3679461577459399,0.0,0.0,0.0,0.0,150.54216333847484,21.76413415373639
flapping_reconnect,flocking_topology_rejoin,5,2.18328702866811,0.03111137502270128,0.6414227655983679,0.02758329100808233,0.6879726476333394,0.0383719047526779,,,3.692948208811425,0.007967817280423287,0.21454230433754645,0.18647569374844006,0.02079910714285722,0.008171989319546073,1.9108770873596832,0.031068276176098728,0.8553574915975333,0.017967306170068184,652876.8,7649.796609060923,0.7451562500000001,0.006039421278152377,0.9289087243712941,0.02979175269699092,0.5816587243712943,0.028944187539737435,0.5475,0.005000000000000033,0.0,0.0,0.45249999999999996,0.005000000000000002,0.07875,0.0211394181566097,0.09523809523809523,0.13127665478181164,0.005,0.007288689868556625,0.5275000000000001,0.011293319374745403,77.4,1.019803902718557,1.8057025325242058,0.20748512920669565,4.428438951510875,0.4991294434448391,11.879660251462434,5.21528878205554,0.9707991071428573,0.008171989319546073,0.0,0.0,2.02346143434391,0.10876695025730296,5.04183376981726,0.03561783454898043,3400.4,39.842690672192305,0.7199999999999999,0.0,0.0,0.0,0.0,0.0,0.0,0.0,0.0,0.0,0.0,0.0,1.49375,0.013110110602126912,0.48125,0.003952847075210477,5.97,0.04633438248212677,0.74625,0.005791797810265846,0.23484375000000002,0.0020131404260508028,0.008749999999999999,0.01159202311936963,0.008749999999999999,0.01159202311936963,0.13374999999999998,0.04081206929328627,1.5500579312635694,0.01856172400758889,8.0,0.0,1.0,0.0,0.0,0.0,0.1875,0.0,0.039999999999999994,0.032659863237109045,1.50625,0.026516504294495553,8.0,0.0,1.0,0.0,7.865,0.04213074886588173,0.0,0.0,0.016875,0.005266343608235224,0.0,0.0,0.0,0.0,0.0,0.0,16.8,1.5999999999999999,50.70375,0.3679461577459399,0.0,0.0,0.0,0.0,150.54216333847484,21.76413415373639
flapping_reconnect,flocking_topology_partition,5,2.3264960774062446,0.6557285021575662,1.447488734865707,0.9874053022380445,1.4684500147337123,0.9757821037245646,,,3.692948208811425,0.007967817280423287,7.706479646995045,9.54927320253195,0.06901339285714288,0.06417606347949743,1.9108770873596832,0.031068276176098728,0.833974041743204,0.01782234048899749,652876.8,7649.796609060923,0.7076562500000001,0.009899396288410741,1.32675820114294,0.48394541894280174,0.9748832011429404,0.48242910965366814,0.54,0.003061862178478962,0.0,0.0,0.45999999999999996,0.0030618621784789892,0.06875,0.006846531968814577,0.05357142857142857,0.06585388898066348,0.0025,0.0030618621784789728,0.44718749999999996,0.019070182877990446,12.6,7.337574531137657,9.474179872238768,9.732167409347445,53.76576242507343,60.359328883781124,70.35800181857522,72.61723331830568,0.9045491071428572,0.08255684015190594,0.0,0.0,2.02346143434391,0.10876695025730296,5.04183376981726,0.03561783454898043,3400.4,39.842690672192305,0.7199999999999999,0.0,0.0,0.0,0.0,0.0,0.0,0.0,0.0,0.0,0.0,0.0,1.32375,0.04548351349665064,0.3125,0.038324274291889726,5.67,0.08435416409401501,0.70875,0.010544270511751877,0.1421875,0.010065702130254008,0.008749999999999999,0.01159202311936963,0.008749999999999999,0.01159202311936963,0.13374999999999998,0.04081206929328627,1.5500579312635694,0.01856172400758889,8.0,0.0,1.0,0.0,0.0,0.0,0.1875,0.0,0.0,0.0,1.50625,0.026516504294495553,6.952499999999999,0.05556527692723233,0.8690624999999998,0.006945659615904041,6.821250000000001,0.03678484742390545,0.0,0.0,0.14734375000000002,0.004598105927988174,0.0,0.0,0.0,0.0,0.0,0.0,16.8,1.5999999999999999,43.71375,0.40982847021650237,0.0,0.0,0.2,0.06123724356957945,150.54216333847484,21.76413415373639
flapping_reconnect,flocking_topology_resilient,5,2.2780971459092223,0.8854912756561524,0.6973457305198356,0.06632948120453146,0.7072513932463365,0.0638306874083379,,,3.6932730188076306,0.007956672784303002,0.28165830298604067,0.2114111486175144,0.0157633928571429,0.009675565714167488,1.921629436893161,0.03125169638899268,0.8367340750060975,0.018227521926293025,653913.6,8061.622506667005,0.6576041666666665,0.036997464663042184,0.986063194599135,0.05914489516267368,0.616625694599135,0.05706055268508127,0.51625,0.003061862178479016,0.0,0.0,0.48375,0.003061862178478962,0.06625,0.004999999999999999,0.08,0.16,0.0025,0.005,0.39932291666666664,0.031029867024681943,78.4,1.8547236990991407,1.72868828305613,0.22453513232837846,4.7620816928977145,0.7933440409785064,16.197874457512206,13.483608642353545,0.963909226190476,0.012191577135053824,0.0,0.0,2.050851943993121,0.09487928090979417,4.9884934857522945,0.07141907137966821,3405.8,41.98761722222398,0.7199999999999999,0.0,0.0,0.0,0.0,0.0,0.0,0.0,0.0,0.0,0.0,0.0,1.5212499999999998,0.038446391248074224,0.48249999999999993,0.01211919964354082,5.666250000000001,0.08966953217230461,0.69078125,0.015996325600765134,0.10067708333333333,0.003949757706176419,0.01125,0.013919410907075054,0.01,0.012869537676233752,0.12,0.03652909799050614,1.5483682512555579,0.019098601584979166,8.0,0.0,1.0,0.0,0.0,0.0,0.1875,0.0,0.0,0.0,1.49125,0.01794087511800919,6.916250000000001,0.07752015866856836,0.8645312500000001,0.009690019833571045,6.3410416666666665,0.10760492295636145,0.4477472162016868,0.08592539379066388,0.20736979166666666,0.013450615369545163,0.0,0.0,0.0,0.0,0.17250000000000001,0.017500000000000005,19.6,1.7435595774162693,43.56375,0.5436767191999307,0.17250000000000001,0.017500000000000005,0.04583333333333336,0.015590239111558072,152.2148245661507,21.671043568055048
false_split_dropout,flocking_robust_active,5,2.2342474360117484,0.10414971569191644,0.6565013093303051,0.022221129917942548,0.8286786074238959,0.18072728939119065,,,3.7044511381974536,0.010031665550375784,0.9221743978707717,0.9770478956391857,0.011162202380952424,0.008249803785974896,2.016594168153935,0.03161811952591162,0.7228871248196811,0.0146236016506269,477427.2,6460.564631671135,0.7571815476190477,0.00505220365064666,0.9623450840792035,0.05772422270944466,0.6230325840792035,0.06265206663195583,0.5562499999999999,0.008838834764831844,0.0,0.0,0.44375,0.008838834764831835,0.065,0.004999999999999999,0.17023809523809522,0.1595238095238095,0.008749999999999999,0.008477912478906585,0.5576874999999999,0.0048916553855227925,77.6,1.9595917942265424,2.6496481924141753,1.1760040121335795,4.356517870446486,0.30425124504490875,74.2294340122132,80.95444409831703,0.9611622023809524,0.008249803785974896,0.0,0.0,2.0112736011695787,0.0857402502335372,4.699055618050744,0.06869570788846324,2486.6,33.64877412328716,0.7199999999999999,0.0,0.0,0.0,0.0,0.0,0.0,0.0,0.0,0.0,0.0,0.0,1.49875,0.010752906583803307,0.48249999999999993,0.008291561975888505,5.97125,0.05193144519460264,0.7599136904761905,0.0048431055730340355,0.23774255952380954,0.004670060624275704,0.01125,0.013919410907075054,0.01,0.012869537676233752,0.12125,0.02755675960631075,1.5482197005822291,0.018049479152814643,8.0,0.0,0.6475520833333334,0.00876270159460603,0.0,0.0,0.0,0.0,0.0,0.0,1.0,0.0,8.0,0.0,1.0,0.0,7.876250000000001,0.029947871376777315,0.0,0.0,0.0,0.0,0.0,0.0,0.0,0.0,0.0,0.0,0.0,0.0,0.0,0.0,0.0,0.0,0.0,0.0,161.51505925336934,17.402535616788022
false_split_dropout,flocking_topology_support,5,2.2340797283008227,0.046529942289289,0.654593422768857,0.0432939938005253,0.7602147860076999,0.19086550134720073,,,3.6999465612092735,0.009260237388943422,0.8254785465889467,0.9728681916661525,0.01693601190476195,0.010819725886267562,2.007303222526519,0.032851553214062815,0.7331057749688625,0.015391890482117757,473971.2,12605.84915664153,0.74421875,0.006103757807695179,0.9489205156603593,0.06991567018466216,0.6037330156603591,0.0730542427515243,0.5487500000000001,0.008291561975888513,0.0,0.0,0.45125000000000004,0.008291561975888505,0.0675,0.004677071733467426,0.075,0.15000000000000002,0.00375,0.007500000000000001,0.5306249999999999,0.004175121629964798,77.8,2.039607805437114,2.276396045969764,1.245589248109765,4.001004765202911,0.5600472904572754,46.12667839759146,76.92192133008359,0.9665610119047618,0.011385422793315158,0.0,0.0,1.9817748997112403,0.07327628971339555,4.787552024107434,0.06129817889102052,2468.6,65.65546435750798,0.7199999999999999,0.0,0.0,0.0,0.0,0.0,0.0,0.0,0.0,0.0,0.0,0.0,1.5,0.01045825033167596,0.48374999999999996,0.009354143466934863,5.9712499999999995,0.05178078794301992,0.7464062499999999,0.00647259849287749,0.23609375,0.00384006428982641,0.008749999999999999,0.008477912478906585,0.008749999999999999,0.008477912478906585,0.11750000000000001,0.03147419578003542,1.5488751227448059,0.018806237060390137,8.0,0.0,0.6428645833333333,0.017097777176434396,0.0,0.0,0.0,0.0,0.0,0.0,1.11625,0.028668362352949287,8.0,0.0,1.0,0.0,7.88,0.032929849680798644,0.0,0.0,0.015000000000000003,0.004116231210099841,0.0,0.0,0.0,0.0,0.0,0.0,19.6,4.079215610874227,50.64874999999999,0.31673135304229033,0.0,0.0,0.075,0.1,160.5664122896084,20.029329679726086
false_split_dropout,flocking_topology_rejoin,5,2.2340797283008227,0.046529942289289,0.654593422768857,0.0432939938005253,0.7602147860076999,0.19086550134720073,,,3.6999465612092735,0.009260237388943422,0.8254785465889467,0.9728681916661525,0.01693601190476195,0.010819725886267562,2.007303222526519,0.032851553214062815,0.7336845581885427,0.012772751488262511,473971.2,12605.84915664153,0.74421875,0.006103757807695179,0.9489205156603593,0.06991567018466216,0.6037330156603591,0.0730542427515243,0.5487500000000001,0.008291561975888513,0.0,0.0,0.45125000000000004,0.008291561975888505,0.0675,0.004677071733467426,0.075,0.15000000000000002,0.00375,0.007500000000000001,0.5306249999999999,0.004175121629964798,77.8,2.039607805437114,2.276396045969764,1.245589248109765,4.001004765202911,0.5600472904572754,46.12667839759146,76.92192133008359,0.9665610119047618,0.011385422793315158,0.0,0.0,1.9817748997112403,0.07327628971339555,4.787552024107434,0.06129817889102052,2468.6,65.65546435750798,0.7199999999999999,0.0,0.0,0.0,0.0,0.0,0.0,0.0,0.0,0.0,0.0,0.0,1.5,0.01045825033167596,0.48374999999999996,0.009354143466934863,5.9712499999999995,0.05178078794301992,0.7464062499999999,0.00647259849287749,0.23609375,0.00384006428982641,0.008749999999999999,0.008477912478906585,0.008749999999999999,0.008477912478906585,0.11750000000000001,0.03147419578003542,1.5488751227448059,0.018806237060390137,8.0,0.0,0.6428645833333333,0.017097777176434396,0.0,0.0,0.0,0.0,0.0,0.0,1.11625,0.028668362352949287,8.0,0.0,1.0,0.0,7.88,0.032929849680798644,0.0,0.0,0.015000000000000003,0.004116231210099841,0.0,0.0,0.0,0.0,0.0,0.0,19.6,4.079215610874227,50.64874999999999,0.31673135304229033,0.0,0.0,0.075,0.1,160.5664122896084,20.029329679726086
false_split_dropout,flocking_topology_partition,5,2.2223150724816834,0.35130971144368967,1.0546105213821693,0.5179890500018308,1.1134407432244549,0.5713073255723228,,,3.6999465612092735,0.009260237388943422,3.382089397021968,4.038002406911259,0.03180952380952382,0.019908414945708507,2.007303222526519,0.032851553214062815,0.7237999922130257,0.01771034358499527,473971.2,12605.84915664153,0.73765625,0.006764019006847947,1.0931131537108962,0.2157366331614938,0.7364881537108963,0.22354145732212308,0.5349999999999999,0.015103807466993201,0.0,0.0,0.465,0.015103807466993214,0.07875,0.006373774391990979,0.075,0.15000000000000002,0.00375,0.007500000000000001,0.5178125,0.01134723603460332,6.8,0.9797958971132712,4.975761029254414,4.346129131128095,24.367614620491196,39.49543817320475,76.75077884465333,84.93885036698333,0.942982142857143,0.03686380978360243,0.0,0.0,1.9817748997112403,0.07327628971339555,4.787552024107434,0.06129817889102052,2468.6,65.65546435750798,0.7199999999999999,0.0,0.0,0.0,0.0,0.0,0.0,0.0,0.0,0.0,0.0,0.0,1.4099999999999997,0.022569337606584708,0.39375,0.022707377655731203,5.93,0.053385391260156616,0.74125,0.006673173907519577,0.19,0.010021948569265363,0.008749999999999999,0.008477912478906585,0.008749999999999999,0.008477912478906585,0.11750000000000001,0.03147419578003542,1.5488751227448059,0.018806237060390137,8.0,0.0,0.6428645833333333,0.017097777176434396,0.0,0.0,0.0,0.0,0.0,0.0,1.11625,0.028668362352949287,7.5875,0.0965822188604094,0.9484375,0.012072777357551174,7.470000000000001,0.09222933372848359,0.0,0.0,0.06625,0.011528666716060445,0.0,0.0,0.0,0.0,0.0,0.0,19.6,4.079215610874227,48.08875,0.6633767783092811,0.0,0.0,0.55,0.291547594742265,160.5664122896084,20.029329679726086
false_split_dropout,flocking_topology_resilient,5,2.3299756428437615,0.5295629139173155,0.653144593357341,0.027433805162350316,0.759275737800463,0.178407625946985,,,3.7040228999649707,0.011669167137504335,0.7685358130176851,0.8479604411232645,0.01426636904761911,0.01299363451778828,2.020605777953833,0.042559216514617096,0.709216549852863,0.021165724264446094,474931.2,3858.3879742711206,0.6871875000000001,0.044582892204788005,1.0121715755367655,0.05763165524647561,0.6067965755367654,0.05933512545589674,0.47000000000000003,0.027214426321346546,0.0,0.0,0.53,0.02721442632134656,0.07875000000000001,0.012869537676233752,0.20857142857142855,0.22489907033319345,0.008749999999999999,0.008477912478906585,0.46875,0.03216499010635111,77.8,1.7204650534085253,2.20591946790446,1.1257359274442031,4.129341350551018,0.6824447317616844,46.80088363785651,76.60595583838753,0.9631354166666666,0.01413593480381747,0.0,0.0,1.9893877438181922,0.06888277631467059,4.668839884973328,0.021242286924126486,2473.6,20.095770699328753,0.7199999999999999,0.0,0.0,0.0,0.0,0.0,0.0,0.0,0.0,0.0,0.0,0.0,1.545,0.03046514401738485,0.49124999999999996,0.012869537676233745,5.90625,0.05768990379607154,0.7212239583333333,0.012001790231044729,0.15692708333333333,0.02523992403298735,0.008749999999999999,0.010897247358851683,0.0075,0.009185586535436918,0.11875,0.029315098498896436,1.5478762832893087,0.018673808971719462,8.0,0.0,0.6441666666666667,0.0052332736196168675,0.0,0.0,0.0,0.0,0.0,0.0,1.1087500000000001,0.04482605269260273,7.615,0.16500946942524247,0.951875,0.02062618367815531,7.0356250000000005,0.2924397492552002,0.3292822386057558,0.07027907169600735,0.12054687499999998,0.03655496865690004,0.0,0.0,0.0,0.0,0.22374999999999998,0.07870038119348596,19.4,6.945502141674135,48.21875000000001,1.2134017265522563,0.22374999999999998,0.07870038119348596,0.12916666666666665,0.020412414523193145,162.69395418656595,20.008661337703884
