scenario,candidate,baseline,metric,direction,pairs,baseline_mean,candidate_mean,improvement_mean,ci95_lower,ci95_upper
stable_control,decentralized_negotiated,centralized_trust,integrated_loss,lower,2,0.9492529257267195,0.9527248304160043,-0.0034719046892848215,-0.011971050629623115,0.005027241251053471
stable_control,decentralized_negotiated,centralized_trust,movement_per_step,lower,2,0.8242612779535492,0.8232282046064836,0.0010330733470656495,-0.006202790723809359,0.008268937417940658
stable_control,decentralized_negotiated,centralized_trust,planner_conflict_rate,lower,2,0.0,0.0,0.0,0.0,0.0
stable_control,decentralized_negotiated,centralized_trust,mean_delivery_ratio,higher,2,1.0,1.0,0.0,0.0,0.0
stable_control,decentralized_negotiated,decentralized_no_negotiation,integrated_loss,lower,2,0.9493290647388964,0.9527248304160043,-0.003395765677107865,-0.0052896739160877004,-0.0015018574381280292
stable_control,decentralized_negotiated,decentralized_no_negotiation,movement_per_step,lower,2,0.8253892454548213,0.8232282046064836,0.002161040848337681,0.00027124328740979475,0.004050838409265567
stable_control,decentralized_negotiated,decentralized_no_negotiation,planner_conflict_rate,lower,2,0.018229166666666664,0.0,0.018229166666666664,0.017708333333333333,0.01875
stable_control,decentralized_negotiated,decentralized_no_negotiation,mean_delivery_ratio,higher,2,1.0,1.0,0.0,0.0,0.0
failure_partition,decentralized_negotiated,centralized_trust,integrated_loss,lower,2,1.0393406756020587,1.061191477965814,-0.021850802363755473,-0.02941700461849206,-0.014284600109018886
failure_partition,decentralized_negotiated,centralized_trust,movement_per_step,lower,2,0.8228721528811921,0.833995631266472,-0.011123478385279884,-0.013752771631167393,-0.008494185139392374
failure_partition,decentralized_negotiated,centralized_trust,planner_conflict_rate,lower,2,0.0,0.0,0.0,0.0,0.0
failure_partition,decentralized_negotiated,centralized_trust,mean_delivery_ratio,higher,2,1.0,1.0,0.0,0.0,0.0
failure_partition,decentralized_negotiated,decentralized_no_negotiation,integrated_loss,lower,2,1.0310167217883772,1.061191477965814,-0.030174756177436812,-0.05049552250736156,-0.009853989847512068
failure_partition,decentralized_negotiated,decentralized_no_negotiation,movement_per_step,lower,2,0.826590797018324,0.833995631266472,-0.007404834248147918,-0.008891529928165887,-0.005918138568129949
failure_partition,decentralized_negotiated,decentralized_no_negotiation,planner_conflict_rate,lower,2,0.018229166666666664,0.0,0.018229166666666664,0.017708333333333333,0.01875
failure_partition,decentralized_negotiated,decentralized_no_negotiation,mean_delivery_ratio,higher,2,1.0,1.0,0.0,0.0,0.0
flapping_reconnect,decentralized_negotiated,centralized_trust,integrated_loss,lower,2,0.9925656712206127,0.9990610150165729,-0.006495343795960229,-0.00783141427367362,-0.0051592733182468375
flapping_reconnect,decentralized_negotiated,centralized_trust,movement_per_step,lower,2,0.8343860638204765,0.8407697618841439,-0.006383698063667398,-0.01033261237083749,-0.002434783756497305
flapping_reconnect,decentralized_negotiated,centralized_trust,planner_conflict_rate,lower,2,0.0,0.0,0.0,0.0,0.0
flapping_reconnect,decentralized_negotiated,centralized_trust,mean_delivery_ratio,higher,2,1.0,1.0,0.0,0.0,0.0
flapping_reconnect,decentralized_negotiated,decentralized_no_negotiation,integrated_loss,lower,2,0.9894254122103039,0.9990610150165729,-0.009635602806269072,-0.013048114779559583,-0.006223090832978562
flapping_reconnect,decentralized_negotiated,decentralized_no_negotiation,movement_per_step,lower,2,0.8314361988297632,0.8407697618841439,-0.009333563054380656,-0.012367778506726879,-0.006299347602034433
flapping_reconnect,decentralized_negotiated,decentralized_no_negotiation,planner_conflict_rate,lower,2,0.018229166666666664,0.0,0.018229166666666664,0.017708333333333333,0.01875
flapping_reconnect,decentralized_negotiated,decentralized_no_negotiation,mean_delivery_ratio,higher,2,1.0,1.0,0.0,0.0,0.0
admission_censoring_control,decentralized_negotiated,centralized_trust,integrated_loss,lower,2,1.0183055050760683,1.0240469490703452,-0.005741443994276896,-0.020421741323405573,0.008938853334851782
admission_censoring_control,decentralized_negotiated,centralized_trust,movement_per_step,lower,2,0.8617482377237407,0.8720792842880489,-0.010331046564308166,-0.012126169434859557,-0.008535923693756775
admission_censoring_control,decentralized_negotiated,centralized_trust,planner_conflict_rate,lower,2,0.0,0.0,0.0,0.0,0.0
admission_censoring_control,decentralized_negotiated,centralized_trust,mean_delivery_ratio,higher,2,1.0,1.0,0.0,0.0,0.0
admission_censoring_control,decentralized_negotiated,decentralized_no_negotiation,integrated_loss,lower,2,1.0122589747089432,1.0240469490703452,-0.01178797436140211,-0.01864047229694199,-0.004935476425862229
admission_censoring_control,decentralized_negotiated,decentralized_no_negotiation,movement_per_step,lower,2,0.8631737074126404,0.8720792842880489,-0.008905576875408439,-0.009400438107171172,-0.008410715643645705
admission_censoring_control,decentralized_negotiated,decentralized_no_negotiation,planner_conflict_rate,lower,2,0.018229166666666664,0.0,0.018229166666666664,0.017708333333333333,0.01875
admission_censoring_control,decentralized_negotiated,decentralized_no_negotiation,mean_delivery_ratio,higher,2,1.0,1.0,0.0,0.0,0.0
source_assignment_competition,decentralized_negotiated,centralized_trust,integrated_loss,lower,2,1.6964844809396853,1.6993948109703227,-0.0029103300306376756,-0.028335924513146704,0.022515264451871353
source_assignment_competition,decentralized_negotiated,centralized_trust,movement_per_step,lower,2,0.8319974837580298,0.8679881575582433,-0.03599067380021348,-0.058056539012022346,-0.013924808588404614
source_assignment_competition,decentralized_negotiated,centralized_trust,planner_conflict_rate,lower,2,0.0,0.012239583333333331,-0.012239583333333331,-0.019419642857142854,-0.00505952380952381
source_assignment_competition,decentralized_negotiated,centralized_trust,mean_delivery_ratio,higher,2,1.0,1.0,0.0,0.0,0.0
source_assignment_competition,decentralized_negotiated,decentralized_no_negotiation,integrated_loss,lower,2,1.7124462294964498,1.6993948109703227,0.013051418526127012,-0.010160025342080159,0.03626286239433418
source_assignment_competition,decentralized_negotiated,decentralized_no_negotiation,movement_per_step,lower,2,0.8694072246479387,0.8679881575582433,0.0014190670896954694,-0.013991671681623408,0.016829805861014346
source_assignment_competition,decentralized_negotiated,decentralized_no_negotiation,planner_conflict_rate,lower,2,0.0221875,0.012239583333333331,0.00994791666666667,0.003534226190476191,0.016361607142857146
source_assignment_competition,decentralized_negotiated,decentralized_no_negotiation,mean_delivery_ratio,higher,2,1.0,1.0,0.0,0.0,0.0
genuine_target_maneuver,decentralized_negotiated,centralized_trust,integrated_loss,lower,2,1.1758467509600696,1.1758467509600696,0.0,0.0,0.0
genuine_target_maneuver,decentralized_negotiated,centralized_trust,movement_per_step,lower,2,1.1086409890823192,1.1086409890823192,0.0,0.0,0.0
genuine_target_maneuver,decentralized_negotiated,centralized_trust,planner_conflict_rate,lower,2,0.0,0.0,0.0,0.0,0.0
genuine_target_maneuver,decentralized_negotiated,centralized_trust,mean_delivery_ratio,higher,2,1.0,1.0,0.0,0.0,0.0
genuine_target_maneuver,decentralized_negotiated,decentralized_no_negotiation,integrated_loss,lower,2,1.1758467509600696,1.1758467509600696,0.0,0.0,0.0
genuine_target_maneuver,decentralized_negotiated,decentralized_no_negotiation,movement_per_step,lower,2,1.1086409890823192,1.1086409890823192,0.0,0.0,0.0
genuine_target_maneuver,decentralized_negotiated,decentralized_no_negotiation,planner_conflict_rate,lower,2,0.0,0.0,0.0,0.0,0.0
genuine_target_maneuver,decentralized_negotiated,decentralized_no_negotiation,mean_delivery_ratio,higher,2,1.0,1.0,0.0,0.0,0.0
raw_channel_colluding_ramp,decentralized_negotiated,centralized_trust,integrated_loss,lower,2,1.1424182426518392,1.1315093174411825,0.010908925210656673,0.00950361761120333,0.012314232810110015
raw_channel_colluding_ramp,decentralized_negotiated,centralized_trust,movement_per_step,lower,2,0.882364602752154,0.858994398017818,0.023370204734336042,0.020707352703513315,0.02603305676515877
raw_channel_colluding_ramp,decentralized_negotiated,centralized_trust,planner_conflict_rate,lower,2,0.0,0.0171875,-0.0171875,-0.028125,-0.00625
raw_channel_colluding_ramp,decentralized_negotiated,centralized_trust,mean_delivery_ratio,higher,2,1.0,1.0,0.0,0.0,0.0
raw_channel_colluding_ramp,decentralized_negotiated,decentralized_no_negotiation,integrated_loss,lower,2,1.1423437627013553,1.1315093174411825,0.010834445260172854,0.008121895790715872,0.013546994729629835
raw_channel_colluding_ramp,decentralized_negotiated,decentralized_no_negotiation,movement_per_step,lower,2,0.8723029306081422,0.858994398017818,0.013308532590324329,0.011383693226132308,0.01523337195451635
raw_channel_colluding_ramp,decentralized_negotiated,decentralized_no_negotiation,planner_conflict_rate,lower,2,0.03125,0.0171875,0.014062500000000002,0.0,0.028125000000000004
raw_channel_colluding_ramp,decentralized_negotiated,decentralized_no_negotiation,mean_delivery_ratio,higher,2,1.0,1.0,0.0,0.0,0.0
raw_attack_then_honest_recovery,decentralized_negotiated,centralized_trust,integrated_loss,lower,2,1.136910372065329,1.1191625797996099,0.01774779226571921,0.014388587865135305,0.021106996666303113
raw_attack_then_honest_recovery,decentralized_negotiated,centralized_trust,movement_per_step,lower,2,0.8992663321923201,0.8709842634899901,0.028282068702329966,0.024857841738553432,0.0317062956661065
raw_attack_then_honest_recovery,decentralized_negotiated,centralized_trust,planner_conflict_rate,lower,2,0.0,0.0171875,-0.0171875,-0.028125,-0.00625
raw_attack_then_honest_recovery,decentralized_negotiated,centralized_trust,mean_delivery_ratio,higher,2,1.0,1.0,0.0,0.0,0.0
raw_attack_then_honest_recovery,decentralized_negotiated,decentralized_no_negotiation,integrated_loss,lower,2,1.1305925693763983,1.1191625797996099,0.011429989576788313,0.006014524488576978,0.01684545466499965
raw_attack_then_honest_recovery,decentralized_negotiated,decentralized_no_negotiation,movement_per_step,lower,2,0.885255462686031,0.8709842634899901,0.014271199196040751,0.009041982951313643,0.01950041544076786
raw_attack_then_honest_recovery,decentralized_negotiated,decentralized_no_negotiation,planner_conflict_rate,lower,2,0.03125,0.0171875,0.014062500000000002,0.0,0.028125000000000004
raw_attack_then_honest_recovery,decentralized_negotiated,decentralized_no_negotiation,mean_delivery_ratio,higher,2,1.0,1.0,0.0,0.0,0.0
