scenario,seed,arm,integrated_loss,movement_per_step,post_stop_decision_loss,action_trace,planner_messages_per_step,planner_bytes_per_step,message_bound_violations,mean_planner_state_age,planner_active_rate,planner_conflict_rate,ownership_violations,action_difference_rate,runtime_seconds,trace_fingerprint,strategic_alert_rate,nonstrategic_alert_rate,mean_raw_trust,minimum_raw_trust,trust_recovery_cycles,post_stop_false_alert_rate,decision_loss,position_rmse,wrong_mode_action_rate,mean_nees,p95_nees,coverage95_rate,mean_delivery_ratio,mean_topology_components,quarantine_rate
stable_control,23990,centralized_trust,0.9944163196732283,0.8986393305512456,0.0,track|track|track|track|track|track|track|track|track|track|track|track|track|track|track|track|track|track|track|track|track|track|track|track|track|track|track|track|track|track|track|track|track|track|track|track|track|track|track|track|track|track|track|track|track|track|track|track|track|track|track|track|track|track|track|track|track|track|track|track|track|track|track|track|track|track|track|track|track|track|track|track|track|track|track|track|track|track|track|track|track|track|track|track|track|track|track|track|track|track|track|track|track|track|track|track|track|track|track|track|track|track|track|track|track|track|track|track|track|track|track|track|track|track|track|track|track|track|track|track|track|track|track|track|track|track|track|track|track|track|track|track|track|track|track|track|track|track|track|track|track|track|track|track|track|track|track|track|track|track|track|track|track|track|track|track|track|track|track|track,0.0,0.0,0.0,0.0,0.0,0.0,0.0,0.0,1.2118529579602182,a56bfe1a9a1fe546ed572134cd6c53b922e8d2f14163fa3a3735283cdb2e81e3,0.0,0.0,0.9949940222311838,0.6389410216320055,0.0,0.0,0.2755048552322318,0.3135981881837566,0.0,1.803222395282226,6.1609611965216065,0.94375,1.0,1.0,0.0
stable_control,23991,centralized_trust,0.9040895317802107,0.749883225355853,0.0,track|track|track|track|track|track|track|track|track|track|track|track|track|track|track|track|track|track|probe_0|probe_0|track|track|track|track|track|track|track|track|track|track|track|track|track|track|track|track|track|track|track|track|track|track|track|track|track|track|track|track|track|track|track|track|track|track|track|track|track|track|track|track|track|track|track|track|track|track|track|track|track|track|track|track|track|track|track|track|track|track|track|track|track|track|track|track|track|track|track|track|track|track|track|track|track|track|track|track|track|track|track|track|track|track|track|track|track|track|track|track|track|track|track|track|track|track|track|track|track|track|track|track|track|track|track|track|track|track|track|track|track|track|track|track|track|track|track|track|track|track|track|track|track|track|track|track|track|track|track|track|track|track|track|track|track|track|track|track|track|track|track|track,0.0,0.0,0.0,0.0,0.0125,0.0,0.0,0.0,1.2016939998138696,6f9e692be6f036b66f1cd9811b7ccdd022082403a1ff7e957abfe9574f01bc96,0.0,0.0,0.9964964344396604,0.8194145177459511,0.0,0.0,0.30418295149552826,0.34376624717432985,0.0,2.1370816305302,6.555273499770583,0.925,1.0,1.01875,0.00625
stable_control,23990,decentralized_no_negotiation,1.0048855128647234,0.9088929596843205,0.0,track|track|track|track|track|track|track|track|track|track|track|track|track|track|track|track|track|track|decentralized_probe|decentralized_probe|decentralized_probe|decentralized_probe|track|track|track|track|track|track|track|track|track|track|track|track|track|track|track|track|track|track|track|track|track|track|track|track|track|track|track|track|track|track|track|track|track|track|track|track|track|track|track|track|track|track|track|track|track|track|track|track|track|track|track|track|track|track|track|track|track|track|track|track|track|track|track|track|track|track|track|track|track|track|track|track|track|track|track|track|track|track|track|track|track|track|track|track|track|track|track|track|track|track|track|track|track|track|track|track|track|track|track|track|track|track|track|track|track|track|track|track|track|track|track|track|track|track|track|track|track|track|track|track|track|track|track|track|track|track|track|track|track|track|track|track|track|track|track|track|track|track,6.94375,222.2,0.0,0.99765625,0.025,0.01875,0.0,0.025,1.201194749912247,a56bfe1a9a1fe546ed572134cd6c53b922e8d2f14163fa3a3735283cdb2e81e3,0.0,0.0,0.994910216927963,0.6336035277298018,0.0,0.0,0.2777711451172669,0.3163089930665102,0.0,1.8148495092912256,6.048860440588727,0.94375,1.0,1.0125,0.0
stable_control,23991,decentralized_no_negotiation,0.8937726166130695,0.7418855312253221,0.0,track|track|track|track|track|track|track|track|track|track|track|track|track|track|track|track|track|track|decentralized_probe|decentralized_probe|decentralized_probe|decentralized_probe|track|track|track|track|track|track|track|track|track|track|track|track|track|track|track|track|track|track|track|track|track|track|track|track|track|track|track|track|track|track|track|track|track|track|track|track|track|track|track|track|track|track|track|track|track|track|track|track|track|track|track|track|track|track|track|track|track|track|track|track|track|track|track|track|track|track|track|track|track|track|track|track|track|track|track|track|track|track|track|track|track|track|track|track|track|track|track|track|track|track|track|track|track|track|track|track|track|track|track|track|track|track|track|track|track|track|track|track|track|track|track|track|track|track|track|track|track|track|track|track|track|track|track|track|track|track|track|track|track|track|track|track|track|track|track|track|track|track,6.8125,218.0,0.0,0.99765625,0.025,0.017708333333333333,0.0,0.025,1.1915251249447465,6f9e692be6f036b66f1cd9811b7ccdd022082403a1ff7e957abfe9574f01bc96,0.0,0.0,0.9963897181848388,0.8164132470372107,0.0,0.0,0.3002641916328118,0.3394758256663606,0.0,2.1244949042160552,6.4716434246013,0.925,1.0,1.0,0.00625
stable_control,23990,decentralized_negotiated,1.0063873703028514,0.9048421212750549,0.0,track|track|track|track|track|track|track|track|track|track|track|track|track|track|track|track|track|track|decentralized_probe|decentralized_probe|decentralized_probe|track|track|track|track|track|track|track|track|track|track|track|track|track|track|track|track|track|track|track|track|track|track|track|track|track|track|track|track|track|track|track|track|track|track|track|track|track|track|track|track|track|track|track|track|track|track|track|track|track|track|track|track|track|track|track|track|track|track|track|track|track|track|track|track|track|track|track|track|track|track|track|track|track|track|track|track|track|track|track|track|track|track|track|track|track|track|track|track|track|track|track|track|track|track|track|track|track|track|track|track|track|track|track|track|track|track|track|track|track|track|track|track|track|track|track|track|track|track|track|track|track|track|track|track|track|track|track|track|track|track|track|track|track|track|track|track|track|track|track,6.90625,221.0,0.0,0.9953125,0.01875,0.0,0.0,0.01875,1.209383541950956,a56bfe1a9a1fe546ed572134cd6c53b922e8d2f14163fa3a3735283cdb2e81e3,0.0,0.0,0.9945675291498024,0.6470647127305875,0.0,0.0,0.28251367328280746,0.3226277027495131,0.0,1.8329090799246277,6.121400775797126,0.94375,1.0,1.025,0.0
stable_control,23991,decentralized_negotiated,0.8990622905291572,0.7416142879379123,0.0,track|track|track|track|track|track|track|track|track|track|track|track|track|track|track|track|track|track|decentralized_probe|decentralized_probe|decentralized_probe|track|track|track|track|track|track|track|track|track|track|track|track|track|track|track|track|track|track|track|track|track|track|track|track|track|track|track|track|track|track|track|track|track|track|track|track|track|track|track|track|track|track|track|track|track|track|track|track|track|track|track|track|track|track|track|track|track|track|track|track|track|track|track|track|track|track|track|track|track|track|track|track|track|track|track|track|track|track|track|track|track|track|track|track|track|track|track|track|track|track|track|track|track|track|track|track|track|track|track|track|track|track|track|track|track|track|track|track|track|track|track|track|track|track|track|track|track|track|track|track|track|track|track|track|track|track|track|track|track|track|track|track|track|track|track|track|track|track|track,6.8375,218.8,0.0,0.99609375,0.01875,0.0,0.0,0.01875,1.1838062920141965,6f9e692be6f036b66f1cd9811b7ccdd022082403a1ff7e957abfe9574f01bc96,0.0,0.0,0.9966407182367074,0.8134685490172238,0.0,0.0,0.3057708601788273,0.34555209106703544,0.0,2.1230275048178675,6.524600118560098,0.925,1.0,1.03125,0.00625
failure_partition,23990,centralized_trust,1.04776922705843,0.9130424002157141,0.0,track|track|track|track|track|track|track|track|track|track|track|track|track|track|track|track|track|track|track|track|track|track|track|track|track|track|track|track|track|track|track|track|track|track|track|track|track|track|track|track|track|track|track|track|track|track|track|track|track|track|track|track|track|track|track|track|track|track|track|track|track|track|track|track|track|track|track|track|track|track|track|track|track|track|track|track|track|track|track|track|track|track|track|track|track|track|track|track|track|track|track|track|track|track|track|track|track|track|track|track|track|track|track|track|track|track|track|track|track|track|track|track|track|track|track|track|track|track|track|track|track|track|track|track|track|track|track|track|track|track|track|track|track|track|track|track|track|track|track|track|track|track|track|track|track|track|track|track|track|track|track|track|track|track|track|track|track|track|track|track,0.0,0.0,0.0,0.0,0.0,0.0,0.0,0.0,0.7246764169540256,e4b56027cad8d3eb03600520fb2be13ee6e98c1996d34d52d3cb05e4807c20cb,0.0,0.0,0.9948997583483543,0.5499999957103574,0.0,0.0,0.31733530688585865,0.3516259530883126,0.0,1.552478489507993,4.910161623401035,0.9625,1.0,1.6375,0.69375
failure_partition,23991,centralized_trust,1.0309121241456873,0.73270190554667,0.0,track|track|track|track|track|track|track|track|track|track|track|track|track|track|track|track|track|track|probe_0|probe_0|track|track|track|track|track|track|track|track|track|track|track|track|track|track|track|track|track|track|track|track|track|track|track|track|track|track|track|track|track|track|track|track|track|track|track|track|track|track|track|track|track|track|track|track|track|track|track|track|track|track|track|track|track|track|track|track|track|track|track|track|track|track|track|track|track|track|track|track|track|track|track|track|track|track|track|track|track|track|track|track|track|track|track|track|track|track|track|track|track|track|track|track|track|track|track|track|track|track|track|track|track|track|track|track|track|track|track|track|track|track|track|track|track|track|track|track|track|track|track|track|track|track|track|track|track|track|track|track|track|track|track|track|track|track|track|track|track|track|track|track,0.0,0.0,0.0,0.0,0.0125,0.0,0.0,0.0,0.9112181670498103,4dbbf441c2dc06c3f6597a8617602f55455a01a40f144de24bd0f3402bcb3536,0.0,0.0,0.9986755231306755,0.9216397691758069,0.0,0.0,0.44475059970835124,0.4289012087206713,0.0,1.9718088150769297,6.232820042260623,0.9375,1.0,1.74375,0.00625
failure_partition,23990,decentralized_no_negotiation,1.0521998373199368,0.9156184467869766,0.0,track|track|track|track|track|track|track|track|track|track|track|track|track|track|track|track|track|track|decentralized_probe|decentralized_probe|decentralized_probe|decentralized_probe|track|track|track|track|track|track|track|track|track|track|track|track|track|track|track|track|track|track|track|track|track|track|track|track|track|track|track|track|track|track|track|track|track|track|track|track|track|track|track|track|track|track|track|track|track|track|track|track|track|track|track|track|track|track|track|track|track|track|track|track|track|track|track|track|track|track|track|track|track|track|track|track|track|track|track|track|track|track|track|track|track|track|track|track|track|track|track|track|track|track|track|track|track|track|track|track|track|track|track|track|track|track|track|track|track|track|track|track|track|track|track|track|track|track|track|track|track|track|track|track|track|track|track|track|track|track|track|track|track|track|track|track|track|track|track|track|track|track,2.7125,86.8,0.0,0.9950520833333334,0.025,0.01875,0.0,0.025,0.7496321250218898,e4b56027cad8d3eb03600520fb2be13ee6e98c1996d34d52d3cb05e4807c20cb,0.0,0.0,0.9945836456898117,0.5755537280563761,0.0,0.0,0.3197050798903556,0.35923564860081686,0.0,1.6142679626163727,5.306065139762564,0.95,1.0,1.64375,0.69375
failure_partition,23991,decentralized_no_negotiation,1.0098336062568178,0.7375631472496715,0.0,track|track|track|track|track|track|track|track|track|track|track|track|track|track|track|track|track|track|decentralized_probe|decentralized_probe|decentralized_probe|decentralized_probe|track|track|track|track|track|track|track|track|track|track|track|track|track|track|track|track|track|track|track|track|track|track|track|track|track|track|track|track|track|track|track|track|track|track|track|track|track|track|track|track|track|track|track|track|track|track|track|track|track|track|track|track|track|track|track|track|track|track|track|track|track|track|track|track|track|track|track|track|track|track|track|track|track|track|track|track|track|track|track|track|track|track|track|track|track|track|track|track|track|track|track|track|track|track|track|track|track|track|track|track|track|track|track|track|track|track|track|track|track|track|track|track|track|track|track|track|track|track|track|track|track|track|track|track|track|track|track|track|track|track|track|track|track|track|track|track|track|track,4.18125,133.8,0.0,0.9864583333333332,0.025,0.017708333333333333,0.0,0.025,0.9235141668468714,4dbbf441c2dc06c3f6597a8617602f55455a01a40f144de24bd0f3402bcb3536,0.0,0.0,0.9987963275977801,0.9199260674386008,0.0,0.0,0.41978308845708057,0.4266546714132845,0.0,1.9419826742884883,5.757244052017313,0.95,1.0,1.76875,0.00625
failure_partition,23990,decentralized_negotiated,1.062053827167449,0.9215365853551065,0.0,track|track|track|track|track|track|track|track|track|track|track|track|track|track|track|track|track|track|decentralized_probe|decentralized_probe|decentralized_probe|track|track|track|track|track|track|track|track|track|track|track|track|track|track|track|track|track|track|track|track|track|track|track|track|track|track|track|track|track|track|track|track|track|track|track|track|track|track|track|track|track|track|track|track|track|track|track|track|track|track|track|track|track|track|track|track|track|track|track|track|track|track|track|track|track|track|track|track|track|track|track|track|track|track|track|track|track|track|track|track|track|track|track|track|track|track|track|track|track|track|track|track|track|track|track|track|track|track|track|track|track|track|track|track|track|track|track|track|track|track|track|track|track|track|track|track|track|track|track|track|track|track|track|track|track|track|track|track|track|track|track|track|track|track|track|track|track|track|track,2.63125,84.2,0.0,0.990625,0.01875,0.0,0.0,0.01875,0.7089124170597643,e4b56027cad8d3eb03600520fb2be13ee6e98c1996d34d52d3cb05e4807c20cb,0.0,0.0,0.9944136597414467,0.5499999674890172,0.0,0.0,0.3248245588833635,0.3611945708840009,0.0,1.5945449296600458,4.788638930363608,0.9625,1.0,1.65,0.69375
failure_partition,23991,decentralized_negotiated,1.0603291287641794,0.7464546771778374,0.0,track|track|track|track|track|track|track|track|track|track|track|track|track|track|track|track|track|track|decentralized_probe|decentralized_probe|decentralized_probe|track|track|track|track|track|track|track|track|track|track|track|track|track|track|track|track|track|track|track|track|track|track|track|track|track|track|track|track|track|track|track|track|track|track|track|track|track|track|track|track|track|track|track|track|track|track|track|track|track|track|track|track|track|track|track|track|track|track|track|track|track|track|track|track|track|track|track|track|track|track|track|track|track|track|track|track|track|track|track|track|track|track|track|track|track|track|track|track|track|track|track|track|track|track|track|track|track|track|track|track|track|track|track|track|track|track|track|track|track|track|track|track|track|track|track|track|track|track|track|track|track|track|track|track|track|track|track|track|track|track|track|track|track|track|track|track|track|track|track,4.05625,129.8,0.0,0.9786458333333332,0.01875,0.0,0.0,0.01875,0.9247270000632852,4dbbf441c2dc06c3f6597a8617602f55455a01a40f144de24bd0f3402bcb3536,0.0,0.0,0.9992091207669421,0.9554070986556135,0.0,0.0,0.4631653870219095,0.43714424530413515,0.0,1.9981104109210244,6.23774586162865,0.9375,1.0,1.74375,0.00625
flapping_reconnect,23990,centralized_trust,1.0456723467706244,0.9096793431850004,0.0,track|track|track|track|track|track|track|track|track|track|track|track|track|track|track|track|track|track|track|track|track|track|track|track|track|track|track|track|track|track|track|track|track|track|track|track|track|track|track|track|track|track|track|track|track|track|track|track|track|track|track|track|track|track|track|track|track|track|track|track|track|track|track|track|track|track|track|track|track|track|track|track|track|track|track|track|track|track|track|track|track|track|track|track|track|track|track|track|track|track|track|track|track|track|track|track|track|track|track|track|track|track|track|track|track|track|track|track|track|track|track|track|track|track|track|track|track|track|track|track|track|track|track|track|track|track|track|track|track|track|track|track|track|track|track|track|track|track|track|track|track|track|track|track|track|track|track|track|track|track|track|track|track|track|track|track|track|track|track|track,0.0,0.0,0.0,0.0,0.0,0.0,0.0,0.0,1.1698241669218987,05abe50780e86ae595209314ed51d515a91a559b38bb9c3c0beb6ccf8d82dd2e,0.0,0.0,0.9942953520497493,0.6188416970634758,0.0,0.0,0.3179288722226241,0.3464862283707803,0.0,1.7187319435037292,5.735938898619534,0.95,1.0,1.53125,0.0
flapping_reconnect,23991,centralized_trust,0.939458995670601,0.7590927844559525,0.0,track|track|track|track|track|track|track|track|track|track|track|track|track|track|track|track|track|track|probe_0|probe_0|track|track|track|track|track|track|track|track|track|track|track|track|track|track|track|track|track|track|track|track|track|track|track|track|track|track|track|track|track|track|track|track|track|track|track|track|track|track|track|track|track|track|track|track|track|track|track|track|track|track|track|track|track|track|track|track|track|track|track|track|track|track|track|track|track|track|track|track|track|track|track|track|track|track|track|track|track|track|track|track|track|track|track|track|track|track|track|track|track|track|track|track|track|track|track|track|track|track|track|track|track|track|track|track|track|track|track|track|track|track|track|track|track|track|track|track|track|track|track|track|track|track|track|track|track|track|track|track|track|track|track|track|track|track|track|track|track|track|track|track,0.0,0.0,0.0,0.0,0.0125,0.0,0.0,0.0,1.1984430830925703,173aebed3b8edaad63748f08a173e890968aedab0f0b83e6050379680c173387,0.0,0.0,0.9942960934110531,0.8106500549343731,0.0,0.0,0.3321847681058389,0.3719584644895612,0.0,1.9994028579827792,6.36872191692707,0.93125,1.0,1.5375,0.00625
flapping_reconnect,23990,decentralized_no_negotiation,1.0446085292558926,0.9058147793394633,0.0,track|track|track|track|track|track|track|track|track|track|track|track|track|track|track|track|track|track|decentralized_probe|decentralized_probe|decentralized_probe|decentralized_probe|track|track|track|track|track|track|track|track|track|track|track|track|track|track|track|track|track|track|track|track|track|track|track|track|track|track|track|track|track|track|track|track|track|track|track|track|track|track|track|track|track|track|track|track|track|track|track|track|track|track|track|track|track|track|track|track|track|track|track|track|track|track|track|track|track|track|track|track|track|track|track|track|track|track|track|track|track|track|track|track|track|track|track|track|track|track|track|track|track|track|track|track|track|track|track|track|track|track|track|track|track|track|track|track|track|track|track|track|track|track|track|track|track|track|track|track|track|track|track|track|track|track|track|track|track|track|track|track|track|track|track|track|track|track|track|track|track|track,6.13125,196.2,0.0,0.9919270833333332,0.025,0.01875,0.0,0.025,1.1683612919878215,05abe50780e86ae595209314ed51d515a91a559b38bb9c3c0beb6ccf8d82dd2e,0.0,0.0,0.9941209005483049,0.6219499324749895,0.0,0.0,0.319956705784322,0.3490810622659778,0.0,1.7275208199396956,5.496828856006688,0.95,1.0,1.5375,0.0
flapping_reconnect,23991,decentralized_no_negotiation,0.934242295164715,0.7570576183200631,0.0,track|track|track|track|track|track|track|track|track|track|track|track|track|track|track|track|track|track|decentralized_probe|decentralized_probe|decentralized_probe|decentralized_probe|track|track|track|track|track|track|track|track|track|track|track|track|track|track|track|track|track|track|track|track|track|track|track|track|track|track|track|track|track|track|track|track|track|track|track|track|track|track|track|track|track|track|track|track|track|track|track|track|track|track|track|track|track|track|track|track|track|track|track|track|track|track|track|track|track|track|track|track|track|track|track|track|track|track|track|track|track|track|track|track|track|track|track|track|track|track|track|track|track|track|track|track|track|track|track|track|track|track|track|track|track|track|track|track|track|track|track|track|track|track|track|track|track|track|track|track|track|track|track|track|track|track|track|track|track|track|track|track|track|track|track|track|track|track|track|track|track|track,6.04375,193.4,0.0,0.9890625,0.025,0.017708333333333333,0.0,0.025,1.1870619589462876,173aebed3b8edaad63748f08a173e890968aedab0f0b83e6050379680c173387,0.0,0.0,0.9944720110345695,0.8076485593135192,0.0,0.0,0.32859620050866445,0.3684499226446545,0.0,1.9932969819038255,6.329682360752464,0.91875,1.0,1.5375,0.00625
flapping_reconnect,23990,decentralized_negotiated,1.0508316200888712,0.9121141269414977,0.0,track|track|track|track|track|track|track|track|track|track|track|track|track|track|track|track|track|track|decentralized_probe|decentralized_probe|decentralized_probe|track|track|track|track|track|track|track|track|track|track|track|track|track|track|track|track|track|track|track|track|track|track|track|track|track|track|track|track|track|track|track|track|track|track|track|track|track|track|track|track|track|track|track|track|track|track|track|track|track|track|track|track|track|track|track|track|track|track|track|track|track|track|track|track|track|track|track|track|track|track|track|track|track|track|track|track|track|track|track|track|track|track|track|track|track|track|track|track|track|track|track|track|track|track|track|track|track|track|track|track|track|track|track|track|track|track|track|track|track|track|track|track|track|track|track|track|track|track|track|track|track|track|track|track|track|track|track|track|track|track|track|track|track|track|track|track|track|track|track,6.175,197.6,0.0,0.9885416666666667,0.01875,0.0,0.0,0.01875,1.1782043750863522,05abe50780e86ae595209314ed51d515a91a559b38bb9c3c0beb6ccf8d82dd2e,0.0,0.0,0.9937776249778469,0.630430219388956,0.0,0.0,0.3211403185356729,0.3508410787956209,0.0,1.7303277613447392,5.434662632911379,0.95,1.0,1.53125,0.0
flapping_reconnect,23991,decentralized_negotiated,0.9472904099442746,0.76942539682679,0.0,track|track|track|track|track|track|track|track|track|track|track|track|track|track|track|track|track|track|decentralized_probe|decentralized_probe|decentralized_probe|track|track|track|track|track|track|track|track|track|track|track|track|track|track|track|track|track|track|track|track|track|track|track|track|track|track|track|track|track|track|track|track|track|track|track|track|track|track|track|track|track|track|track|track|track|track|track|track|track|track|track|track|track|track|track|track|track|track|track|track|track|track|track|track|track|track|track|track|track|track|track|track|track|track|track|track|track|track|track|track|track|track|track|track|track|track|track|track|track|track|track|track|track|track|track|track|track|track|track|track|track|track|track|track|track|track|track|track|track|track|track|track|track|track|track|track|track|track|track|track|track|track|track|track|track|track|track|track|track|track|track|track|track|track|track|track|track|track|track,5.89375,188.6,0.0,0.98671875,0.01875,0.0,0.0,0.01875,1.122362457914278,173aebed3b8edaad63748f08a173e890968aedab0f0b83e6050379680c173387,0.0,0.0,0.9951041031452794,0.8116397202083869,0.0,0.0,0.3317500924828426,0.3712940968509488,0.0,1.9871494537036622,6.324498307014861,0.925,1.0,1.525,0.00625
admission_censoring_control,23990,centralized_trust,1.0547819832129592,0.9343422887250865,0.0,track|track|track|track|track|track|track|track|track|track|track|track|track|track|track|track|track|track|track|track|track|track|track|track|track|track|track|track|track|track|track|track|track|track|track|track|track|track|track|track|track|track|track|track|track|track|track|track|track|track|track|track|track|track|track|track|track|track|track|track|track|track|track|track|track|track|track|track|track|track|track|track|track|track|track|track|track|track|track|track|track|track|track|track|track|track|track|track|track|track|track|track|track|track|track|track|track|track|track|track|track|track|track|track|track|track|track|track|track|track|track|track|track|track|track|track|track|track|track|track|track|track|track|track|track|track|track|track|track|track|track|track|track|track|track|track|track|track|track|track|track|track|track|track|track|track|track|track|track|track|track|track|track|track|track|track|track|track|track|track,0.0,0.0,0.0,0.0,0.0,0.0,0.0,0.0,0.7103227500338107,1abd7374e8933acd6480244f22a9870a78178c4e829bff9a99e5c4d9bf205740,0.0,0.0,0.996433197695144,0.6524242295778598,0.0,0.0,0.3073081522328899,0.35750525821608037,0.0,1.5689413915396992,5.121593161250599,0.96875,1.0,1.61875,0.0375
admission_censoring_control,23991,centralized_trust,0.9818290269391776,0.7891541867223949,0.0,track|track|track|track|track|track|track|track|track|track|track|track|track|track|track|track|track|track|probe_0|probe_0|track|track|track|track|track|track|track|track|track|track|track|track|track|track|track|track|track|track|track|track|track|track|track|track|track|track|track|track|track|track|track|track|track|track|track|track|track|track|track|track|track|track|track|track|track|track|track|track|track|track|track|track|track|track|track|track|track|track|track|track|track|track|track|track|track|track|track|track|track|track|track|track|track|track|track|track|track|track|track|track|track|track|track|track|track|track|track|track|track|track|track|track|track|track|track|track|track|track|track|track|track|track|track|track|track|track|track|track|track|track|track|track|track|track|track|track|track|track|track|track|track|track|track|track|track|track|track|track|track|track|track|track|track|track|track|track|track|track|track|track,0.0,0.0,0.0,0.0,0.0125,0.0,0.0,0.0,0.7622539170552045,ac134843670ce92ecd0956f925c0e5ed0079555b41bb9b62739814326d9e4438,0.0,0.0,0.9965345281062603,0.8664883449666806,0.0,0.0,0.3505056775612616,0.40098050765418025,0.0,2.0889400489152856,6.034453450848363,0.9375,1.0,1.54375,0.03125
admission_censoring_control,23990,decentralized_no_negotiation,1.0565632522394228,0.9380577425163004,0.0,track|track|track|track|track|track|track|track|track|track|track|track|track|track|track|track|track|track|decentralized_probe|decentralized_probe|decentralized_probe|decentralized_probe|track|track|track|track|track|track|track|track|track|track|track|track|track|track|track|track|track|track|track|track|track|track|track|track|track|track|track|track|track|track|track|track|track|track|track|track|track|track|track|track|track|track|track|track|track|track|track|track|track|track|track|track|track|track|track|track|track|track|track|track|track|track|track|track|track|track|track|track|track|track|track|track|track|track|track|track|track|track|track|track|track|track|track|track|track|track|track|track|track|track|track|track|track|track|track|track|track|track|track|track|track|track|track|track|track|track|track|track|track|track|track|track|track|track|track|track|track|track|track|track|track|track|track|track|track|track|track|track|track|track|track|track|track|track|track|track|track|track,2.775,88.8,0.0,0.9846875,0.025,0.01875,0.0,0.025,0.7153230411931872,1abd7374e8933acd6480244f22a9870a78178c4e829bff9a99e5c4d9bf205740,0.0,0.0,0.9964474405487763,0.6538274642037238,0.0,0.0,0.30611705822638247,0.35510480885412926,0.0,1.5583113637026933,4.762197160912832,0.9625,1.0,1.59375,0.0375
admission_censoring_control,23991,decentralized_no_negotiation,0.9679546971784636,0.7882896723089805,0.0,track|track|track|track|track|track|track|track|track|track|track|track|track|track|track|track|track|track|decentralized_probe|decentralized_probe|decentralized_probe|decentralized_probe|track|track|track|track|track|track|track|track|track|track|track|track|track|track|track|track|track|track|track|track|track|track|track|track|track|track|track|track|track|track|track|track|track|track|track|track|track|track|track|track|track|track|track|track|track|track|track|track|track|track|track|track|track|track|track|track|track|track|track|track|track|track|track|track|track|track|track|track|track|track|track|track|track|track|track|track|track|track|track|track|track|track|track|track|track|track|track|track|track|track|track|track|track|track|track|track|track|track|track|track|track|track|track|track|track|track|track|track|track|track|track|track|track|track|track|track|track|track|track|track|track|track|track|track|track|track|track|track|track|track|track|track|track|track|track|track|track|track,2.41875,77.4,0.0,0.9875,0.025,0.017708333333333333,0.0,0.025,0.7607111670076847,ac134843670ce92ecd0956f925c0e5ed0079555b41bb9b62739814326d9e4438,0.0,0.0,0.9972068634109614,0.8805154169010891,0.0,0.0,0.3373229593312792,0.38444748510985427,0.0,1.9675386409251825,5.865951936695909,0.95,1.0,1.5125,0.03125
admission_censoring_control,23990,decentralized_negotiated,1.0752037245363648,0.9464684581599461,0.0,track|track|track|track|track|track|track|track|track|track|track|track|track|track|track|track|track|track|decentralized_probe|decentralized_probe|decentralized_probe|track|track|track|track|track|track|track|track|track|track|track|track|track|track|track|track|track|track|track|track|track|track|track|track|track|track|track|track|track|track|track|track|track|track|track|track|track|track|track|track|track|track|track|track|track|track|track|track|track|track|track|track|track|track|track|track|track|track|track|track|track|track|track|track|track|track|track|track|track|track|track|track|track|track|track|track|track|track|track|track|track|track|track|track|track|track|track|track|track|track|track|track|track|track|track|track|track|track|track|track|track|track|track|track|track|track|track|track|track|track|track|track|track|track|track|track|track|track|track|track|track|track|track|track|track|track|track|track|track|track|track|track|track|track|track|track|track|track|track,2.65625,85.0,0.0,0.98203125,0.01875,0.0,0.0,0.01875,0.6991226251702756,1abd7374e8933acd6480244f22a9870a78178c4e829bff9a99e5c4d9bf205740,0.0,0.0,0.996125406586469,0.6533077254856039,0.0,0.0,0.31802895800840797,0.3722359664613946,0.0,1.5653767863536456,5.1753423731632155,0.96875,1.0,1.65625,0.0375
admission_censoring_control,23991,decentralized_negotiated,0.9728901736043258,0.7976901104161517,0.0,track|track|track|track|track|track|track|track|track|track|track|track|track|track|track|track|track|track|decentralized_probe|decentralized_probe|decentralized_probe|track|track|track|track|track|track|track|track|track|track|track|track|track|track|track|track|track|track|track|track|track|track|track|track|track|track|track|track|track|track|track|track|track|track|track|track|track|track|track|track|track|track|track|track|track|track|track|track|track|track|track|track|track|track|track|track|track|track|track|track|track|track|track|track|track|track|track|track|track|track|track|track|track|track|track|track|track|track|track|track|track|track|track|track|track|track|track|track|track|track|track|track|track|track|track|track|track|track|track|track|track|track|track|track|track|track|track|track|track|track|track|track|track|track|track|track|track|track|track|track|track|track|track|track|track|track|track|track|track|track|track|track|track|track|track|track|track|track|track,2.28125,73.0,0.0,0.9846875,0.01875,0.0,0.0,0.01875,0.73086295905523,ac134843670ce92ecd0956f925c0e5ed0079555b41bb9b62739814326d9e4438,0.0,0.0,0.9971853306700321,0.8646719039097748,0.0,0.0,0.33473808527140453,0.3827981800698879,0.0,1.9071518427862848,5.861187324669237,0.9625,1.0,1.55,0.03125
source_assignment_competition,23990,centralized_trust,1.665286775222792,0.90068887762286,0.0,track|track|track|track|track|track|track|probe_2|probe_2|track|probe_6|probe_6|probe_6|probe_6|probe_6|probe_6|probe_3|probe_3|probe_3|track|track|track|probe_4|probe_4|probe_4|track|track|track|track|track|track|track|track|track|track|track|track|track|track|track|track|track|track|track|track|track|track|track|track|track|track|track|track|track|track|track|track|track|track|track|track|track|track|track|track|track|track|track|track|track|track|track|track|track|track|track|track|track|track|track|track|track|track|track|track|track|track|track|track|track|track|track|track|track|track|track|track|track|track|track|track|track|track|track|track|track|track|track|track|track|track|track|track|track|track|track|track|track|track|track|track|track|track|track|track|track|track|track|track|track|track|track|track|track|track|track|track|track|track|track|track|track|track|track|track|track|track|track|track|track|track|track|track|track|track|track|track|track|track|track,0.0,0.0,0.0,0.0,0.0875,0.0,0.0,0.0,0.4781481670215726,557c796fad3f166e7479837630db149df370f1dc627149dccd4c6699df345976,0.0,0.0,0.9967889349509779,0.7546331582931199,0.0,0.0,0.944735673124504,1.0408927048565086,0.0,1.2857755484691553,3.9247825194428745,0.9875,1.0,1.0,0.975
source_assignment_competition,23991,centralized_trust,1.7276821866565784,0.7633060898931997,0.0,track|track|track|track|probe_7|probe_7|probe_7|track|track|track|track|track|track|track|track|track|track|track|track|track|track|track|track|track|track|track|track|track|track|track|track|track|track|track|track|track|track|track|track|track|track|track|track|track|track|track|track|track|track|track|track|track|track|track|track|track|track|track|track|track|track|track|track|track|track|track|track|track|track|track|track|track|track|track|track|track|track|track|track|track|track|track|track|track|track|track|track|track|track|track|track|track|track|track|track|track|track|track|track|track|track|track|track|track|track|track|track|track|track|track|track|track|track|track|track|track|track|track|track|track|track|track|track|track|track|track|track|track|track|track|track|track|track|track|track|track|track|track|track|track|track|track|track|track|track|track|track|track|track|track|track|track|track|track|track|track|track|track|track|track,0.0,0.0,0.0,0.0,0.01875,0.0,0.0,0.0,0.38348520803265274,b40bdfbfd8ca34addee9cee59401a786967b5ca30c2b3b9f6c5a7211c0a7ca80,0.0,0.0,0.997235394316443,0.8118441819078299,0.0,0.0,1.1170373147420185,1.250312383200385,0.0,2.0897845467940592,5.870593863702578,0.95625,1.0,1.0,0.975
source_assignment_competition,23990,decentralized_no_negotiation,1.6834626743938585,0.9447537449532589,0.0,track|decentralized_probe|decentralized_probe|decentralized_probe|decentralized_probe|decentralized_probe|decentralized_probe|decentralized_probe|decentralized_probe|decentralized_probe|decentralized_probe|decentralized_probe|decentralized_probe|decentralized_probe|decentralized_probe|decentralized_probe|decentralized_probe|decentralized_probe|decentralized_probe|decentralized_probe|decentralized_probe|decentralized_probe|decentralized_probe|decentralized_probe|decentralized_probe|decentralized_probe|decentralized_probe|decentralized_probe|decentralized_probe|decentralized_probe|track|track|track|track|track|track|track|track|track|track|track|track|track|track|track|track|track|track|track|track|track|track|track|track|track|track|track|track|track|track|track|track|track|track|track|track|track|track|track|track|track|track|track|track|track|track|track|track|track|track|track|track|track|track|track|track|track|track|track|track|track|track|track|track|track|track|track|track|track|track|track|track|track|track|track|track|track|track|track|track|track|track|track|track|track|track|track|track|track|track|track|track|track|track|track|track|track|track|track|track|track|track|track|track|track|track|track|track|track|track|track|track|track|track|track|track|track|track|track|track|track|track|track|track|track|track|track|track|track|track,0.35,11.2,0.0,0.99765625,0.18125,0.03578125,0.0,0.18125,0.35563141596503556,557c796fad3f166e7479837630db149df370f1dc627149dccd4c6699df345976,0.0,0.0,0.9967209547791818,0.7550254739264213,0.0,0.0,0.9276596784312513,1.0365585279689387,0.0,1.284909237639122,3.828495924696962,0.9875,1.0,1.0,0.975
source_assignment_competition,23991,decentralized_no_negotiation,1.7414297845990412,0.7940607043426187,0.0,track|decentralized_probe|decentralized_probe|decentralized_probe|decentralized_probe|decentralized_probe|decentralized_probe|decentralized_probe|decentralized_probe|decentralized_probe|decentralized_probe|decentralized_probe|decentralized_probe|track|track|track|track|track|track|track|track|track|track|track|track|track|track|track|track|track|track|track|track|track|track|track|track|track|track|track|track|track|track|track|track|track|track|track|track|track|track|track|track|track|track|track|track|track|track|track|track|track|track|track|track|track|track|track|track|track|track|track|track|track|track|track|track|track|track|track|track|track|track|track|track|track|track|track|track|track|track|track|track|track|track|track|track|track|track|track|track|track|track|track|track|track|track|track|track|track|track|track|track|track|track|track|track|track|track|track|track|track|track|track|track|track|track|track|track|track|track|track|track|track|track|track|track|track|track|track|track|track|track|track|track|track|track|track|track|track|track|track|track|track|track|track|track|track|track|track,0.20625,6.6,0.0,0.99765625,0.075,0.00859375,0.0,0.075,0.31374487513676286,b40bdfbfd8ca34addee9cee59401a786967b5ca30c2b3b9f6c5a7211c0a7ca80,0.0,0.0,0.9974954682690592,0.813916626103188,0.0,0.0,1.1061812211249462,1.2364050105763202,0.0,2.0138473900158447,6.0111675002580265,0.94375,1.0,1.0,0.975
source_assignment_competition,23990,decentralized_negotiated,1.6936226997359387,0.9587454166348823,0.0,track|decentralized_probe|decentralized_probe|decentralized_probe|decentralized_probe|decentralized_probe|decentralized_probe|decentralized_probe|decentralized_probe|decentralized_probe|decentralized_probe|decentralized_probe|decentralized_probe|decentralized_probe|decentralized_probe|decentralized_probe|decentralized_probe|decentralized_probe|decentralized_probe|decentralized_probe|decentralized_probe|decentralized_probe|decentralized_probe|decentralized_probe|decentralized_probe|decentralized_probe|decentralized_probe|decentralized_probe|decentralized_probe|decentralized_probe|track|track|track|track|track|track|track|track|track|track|track|track|track|track|track|track|track|track|track|track|track|track|track|track|track|track|track|track|track|track|track|track|track|track|track|track|track|track|track|track|track|track|track|track|track|track|track|track|track|track|track|track|track|track|track|track|track|track|track|track|track|track|track|track|track|track|track|track|track|track|track|track|track|track|track|track|track|track|track|track|track|track|track|track|track|track|track|track|track|track|track|track|track|track|track|track|track|track|track|track|track|track|track|track|track|track|track|track|track|track|track|track|track|track|track|track|track|track|track|track|track|track|track|track|track|track|track|track|track|track,0.3125,10.0,0.0,0.99765625,0.18125,0.019419642857142854,0.0,0.18125,0.3508665000554174,557c796fad3f166e7479837630db149df370f1dc627149dccd4c6699df345976,0.0,0.0,0.9967198925542947,0.754911803410417,0.0,0.0,0.9266263664280328,1.034616964812893,0.0,1.2868468048514892,3.8329248905087803,0.9875,1.0,1.0,0.975
source_assignment_competition,23991,decentralized_negotiated,1.705166922204707,0.7772308984816043,0.0,track|decentralized_probe|decentralized_probe|decentralized_probe|decentralized_probe|decentralized_probe|decentralized_probe|decentralized_probe|decentralized_probe|decentralized_probe|decentralized_probe|decentralized_probe|decentralized_probe|track|track|track|track|track|track|track|track|track|track|track|track|track|track|track|track|track|track|track|track|track|track|track|track|track|track|track|track|track|track|track|track|track|track|track|track|track|track|track|track|track|track|track|track|track|track|track|track|track|track|track|track|track|track|track|track|track|track|track|track|track|track|track|track|track|track|track|track|track|track|track|track|track|track|track|track|track|track|track|track|track|track|track|track|track|track|track|track|track|track|track|track|track|track|track|track|track|track|track|track|track|track|track|track|track|track|track|track|track|track|track|track|track|track|track|track|track|track|track|track|track|track|track|track|track|track|track|track|track|track|track|track|track|track|track|track|track|track|track|track|track|track|track|track|track|track|track,0.1875,6.0,0.0,0.99765625,0.075,0.00505952380952381,0.0,0.075,0.31452108290977776,b40bdfbfd8ca34addee9cee59401a786967b5ca30c2b3b9f6c5a7211c0a7ca80,0.0,0.0,0.997186054690187,0.8090338430373125,0.0,0.0,1.0833822034194234,1.2136089258304816,0.0,1.9801152477141344,5.6219763799476175,0.95625,1.0,1.0,0.975
genuine_target_maneuver,23990,centralized_trust,1.2302266839748093,1.1948034112126495,0.0,track|track|track|track|track|track|track|track|track|track|track|track|track|track|track|track|track|track|track|track|track|track|track|track|track|track|track|track|track|track|track|track|track|track|track|track|track|track|track|track|track|track|track|track|track|track|track|track|track|track|track|track|track|track|track|track|track|track|track|track|track|track|track|track|track|track|track|track|track|track|track|track|track|track|track|track|track|track|track|track|track|track|track|track|track|track|track|track|track|track|track|track|track|track|track|track|track|track|track|track|track|track|track|track|track|track|track|track|track|track|track|track|track|track|track|track|track|track|track|track|track|track|track|track|track|track|track|track|track|track|track|track|track|track|track|track|track|track|track|track|track|track|track|track|track|track|track|track|track|track|track|track|track|track|track|track|track|track|track|track,0.0,0.0,0.0,0.0,0.0,0.0,0.0,0.0,1.183530833106488,6534080699fdddd45456de82a7f57591cbcf9d01e7fa7090686206c3ebee7549,0.0,0.0,0.9947615911748524,0.5957685015942422,0.0,0.0,0.27438395500468965,0.31529695813785896,0.0,1.834642746738988,6.569901047166524,0.925,1.0,1.0,0.0
genuine_target_maneuver,23991,centralized_trust,1.12146681794533,1.022478566951989,0.0,track|track|track|track|track|track|track|track|track|track|track|track|track|track|track|track|track|track|track|track|track|track|track|track|track|track|track|track|track|track|track|track|track|track|track|track|track|track|track|track|track|track|track|track|track|track|track|track|track|track|track|track|track|track|track|track|track|track|track|track|track|track|track|track|track|track|track|track|track|track|track|track|track|track|track|track|track|track|track|track|track|track|track|track|track|track|track|track|track|track|track|track|track|track|track|track|track|track|track|track|track|track|track|track|track|track|track|track|track|track|track|track|track|track|track|track|track|track|track|track|track|track|track|track|track|track|track|track|track|track|track|track|track|track|track|track|track|track|track|track|track|track|track|track|track|track|track|track|track|track|track|track|track|track|track|track|track|track|track|track,0.0,0.0,0.0,0.0,0.0,0.0,0.0,0.0,1.1952257498633116,f605268294e003b9db21da6c1459b0b48e4f4e02daa4d90fb1709623ebd0bb14,0.0,0.0,0.996347152525012,0.8147064537790468,0.0,0.0,0.3034839643837387,0.34677641046436214,0.0,2.2405051820666415,6.5678173716432955,0.91875,1.0,1.0,0.0
genuine_target_maneuver,23990,decentralized_no_negotiation,1.2302266839748093,1.1948034112126495,0.0,track|track|track|track|track|track|track|track|track|track|track|track|track|track|track|track|track|track|track|track|track|track|track|track|track|track|track|track|track|track|track|track|track|track|track|track|track|track|track|track|track|track|track|track|track|track|track|track|track|track|track|track|track|track|track|track|track|track|track|track|track|track|track|track|track|track|track|track|track|track|track|track|track|track|track|track|track|track|track|track|track|track|track|track|track|track|track|track|track|track|track|track|track|track|track|track|track|track|track|track|track|track|track|track|track|track|track|track|track|track|track|track|track|track|track|track|track|track|track|track|track|track|track|track|track|track|track|track|track|track|track|track|track|track|track|track|track|track|track|track|track|track|track|track|track|track|track|track|track|track|track|track|track|track|track|track|track|track|track|track,7.88125,252.2,0.0,0.99765625,0.0,0.0,0.0,0.0,1.1433947919867933,6534080699fdddd45456de82a7f57591cbcf9d01e7fa7090686206c3ebee7549,0.0,0.0,0.9947615911748524,0.5957685015942422,0.0,0.0,0.27438395500468965,0.31529695813785896,0.0,1.834642746738988,6.569901047166524,0.925,1.0,1.0,0.0
genuine_target_maneuver,23991,decentralized_no_negotiation,1.12146681794533,1.022478566951989,0.0,track|track|track|track|track|track|track|track|track|track|track|track|track|track|track|track|track|track|track|track|track|track|track|track|track|track|track|track|track|track|track|track|track|track|track|track|track|track|track|track|track|track|track|track|track|track|track|track|track|track|track|track|track|track|track|track|track|track|track|track|track|track|track|track|track|track|track|track|track|track|track|track|track|track|track|track|track|track|track|track|track|track|track|track|track|track|track|track|track|track|track|track|track|track|track|track|track|track|track|track|track|track|track|track|track|track|track|track|track|track|track|track|track|track|track|track|track|track|track|track|track|track|track|track|track|track|track|track|track|track|track|track|track|track|track|track|track|track|track|track|track|track|track|track|track|track|track|track|track|track|track|track|track|track|track|track|track|track|track|track,7.84375,251.0,0.0,0.99765625,0.0,0.0,0.0,0.0,1.1701744578313082,f605268294e003b9db21da6c1459b0b48e4f4e02daa4d90fb1709623ebd0bb14,0.0,0.0,0.996347152525012,0.8147064537790468,0.0,0.0,0.3034839643837387,0.34677641046436214,0.0,2.2405051820666415,6.5678173716432955,0.91875,1.0,1.0,0.0
genuine_target_maneuver,23990,decentralized_negotiated,1.2302266839748093,1.1948034112126495,0.0,track|track|track|track|track|track|track|track|track|track|track|track|track|track|track|track|track|track|track|track|track|track|track|track|track|track|track|track|track|track|track|track|track|track|track|track|track|track|track|track|track|track|track|track|track|track|track|track|track|track|track|track|track|track|track|track|track|track|track|track|track|track|track|track|track|track|track|track|track|track|track|track|track|track|track|track|track|track|track|track|track|track|track|track|track|track|track|track|track|track|track|track|track|track|track|track|track|track|track|track|track|track|track|track|track|track|track|track|track|track|track|track|track|track|track|track|track|track|track|track|track|track|track|track|track|track|track|track|track|track|track|track|track|track|track|track|track|track|track|track|track|track|track|track|track|track|track|track|track|track|track|track|track|track|track|track|track|track|track|track,7.88125,252.2,0.0,0.99765625,0.0,0.0,0.0,0.0,1.141429292038083,6534080699fdddd45456de82a7f57591cbcf9d01e7fa7090686206c3ebee7549,0.0,0.0,0.9947615911748524,0.5957685015942422,0.0,0.0,0.27438395500468965,0.31529695813785896,0.0,1.834642746738988,6.569901047166524,0.925,1.0,1.0,0.0
genuine_target_maneuver,23991,decentralized_negotiated,1.12146681794533,1.022478566951989,0.0,track|track|track|track|track|track|track|track|track|track|track|track|track|track|track|track|track|track|track|track|track|track|track|track|track|track|track|track|track|track|track|track|track|track|track|track|track|track|track|track|track|track|track|track|track|track|track|track|track|track|track|track|track|track|track|track|track|track|track|track|track|track|track|track|track|track|track|track|track|track|track|track|track|track|track|track|track|track|track|track|track|track|track|track|track|track|track|track|track|track|track|track|track|track|track|track|track|track|track|track|track|track|track|track|track|track|track|track|track|track|track|track|track|track|track|track|track|track|track|track|track|track|track|track|track|track|track|track|track|track|track|track|track|track|track|track|track|track|track|track|track|track|track|track|track|track|track|track|track|track|track|track|track|track|track|track|track|track|track|track,7.84375,251.0,0.0,0.99765625,0.0,0.0,0.0,0.0,1.1376155000180006,f605268294e003b9db21da6c1459b0b48e4f4e02daa4d90fb1709623ebd0bb14,0.0,0.0,0.996347152525012,0.8147064537790468,0.0,0.0,0.3034839643837387,0.34677641046436214,0.0,2.2405051820666415,6.5678173716432955,0.91875,1.0,1.0,0.0
raw_channel_colluding_ramp,23990,centralized_trust,1.1907396861204391,0.946478325819078,0.0,track|track|track|trust_verify|track|track|trust_verify|track|track|trust_verify|track|track|trust_verify|track|track|trust_verify|track|track|trust_verify|track|track|trust_verify|track|track|trust_verify|track|track|trust_verify|track|track|trust_verify|track|track|track|track|track|track|track|track|track|track|track|track|track|track|track|track|track|track|track|track|track|track|track|track|track|track|track|track|track|trust_verify|track|track|trust_verify|track|track|trust_verify|track|track|trust_verify|track|track|trust_verify|track|track|trust_verify|track|track|trust_verify|track|track|trust_verify|track|track|trust_verify|track|track|trust_verify|track|track|trust_verify|track|track|trust_verify|track|track|trust_verify|track|track|trust_verify|track|track|trust_verify|track|track|trust_verify|track|track|trust_verify|track|track|trust_verify|track|track|trust_verify|track|track|trust_verify|track|track|trust_verify|track|track|trust_verify|track|track|trust_verify|track|track|trust_verify|track|track|trust_verify|track|track|trust_verify|track|track|trust_verify|track|track|trust_verify|track|track|trust_verify|track|track|trust_verify|track|track|trust_verify|track|track|trust_verify|track|track|trust_verify|track|track|trust_verify,0.0,0.0,0.0,0.0,0.275,0.0,0.0,0.0,0.6101025000680238,beb7e82ee907d3b22ae6ebebd44889e11a977926fbcdad7fcab234f070c9dc4e,0.9850746268656716,0.0,0.6868897772288732,0.05,0.0,0.0,0.4335570254651767,0.4841339220798971,0.0,4.265507778653029,6.373034079983297,0.93125,1.0,1.0,0.59375
raw_channel_colluding_ramp,23991,centralized_trust,1.0940967991832393,0.81825087968523,0.0,track|track|track|trust_verify|track|track|trust_verify|track|track|trust_verify|track|track|trust_verify|track|track|trust_verify|track|track|trust_verify|track|track|trust_verify|track|track|trust_verify|track|track|trust_verify|track|track|trust_verify|track|track|track|track|track|track|track|track|track|track|track|track|track|track|track|track|track|track|track|track|track|track|track|track|track|track|track|track|track|trust_verify|track|track|trust_verify|track|track|trust_verify|track|track|trust_verify|track|track|trust_verify|track|track|trust_verify|track|track|trust_verify|track|track|trust_verify|track|track|trust_verify|track|track|trust_verify|track|track|trust_verify|track|track|trust_verify|track|track|trust_verify|track|track|trust_verify|track|track|trust_verify|track|track|trust_verify|track|track|trust_verify|track|track|trust_verify|track|track|trust_verify|track|track|trust_verify|track|track|trust_verify|track|track|trust_verify|track|track|trust_verify|track|track|trust_verify|track|track|trust_verify|track|track|trust_verify|track|track|trust_verify|track|track|trust_verify|track|track|trust_verify|track|track|trust_verify|track|track|trust_verify|track|track|trust_verify|track|track|trust_verify|track|track|trust_verify,0.0,0.0,0.0,0.0,0.275,0.0,0.0,0.0,0.6180564579553902,db8f5e00642a262cff79b05b63be8f73a33b70efb61ddb14c675d316405c1798,0.9850746268656716,0.0,0.6921101940772475,0.05,0.0,0.0,0.43949609543505525,0.4632540732465537,0.0,3.4337328593990035,6.248016249472468,0.9375,1.0,1.0,0.65625
raw_channel_colluding_ramp,23990,decentralized_no_negotiation,1.1947830632388656,0.941004345070081,0.0,track|decentralized_verify|decentralized_verify|decentralized_verify|decentralized_verify|decentralized_verify|decentralized_verify|decentralized_verify|decentralized_verify|decentralized_verify|decentralized_verify|decentralized_verify|track|track|track|track|track|track|decentralized_probe|decentralized_probe|decentralized_probe|decentralized_probe|track|track|track|track|track|track|track|track|track|track|track|track|track|track|track|track|track|track|track|track|track|track|track|track|track|track|track|track|track|track|track|track|track|track|track|track|track|track|track|track|track|track|track|track|track|track|track|track|track|track|track|track|track|track|track|track|track|track|track|track|track|track|track|track|track|track|track|track|track|track|track|track|track|track|track|track|track|track|track|track|track|track|track|track|track|track|track|track|track|track|track|track|track|track|track|track|track|track|track|track|track|track|track|track|track|track|track|track|track|track|track|track|track|track|track|track|track|track|track|track|track|track|track|track|track|track|track|track|track|track|track|track|track|track|track|track|track|track,2.21875,71.0,0.0,0.99734375,0.09375,0.034375,0.0,0.3375,0.6241096670273691,beb7e82ee907d3b22ae6ebebd44889e11a977926fbcdad7fcab234f070c9dc4e,0.9850746268656716,0.0,0.6867495859072535,0.05,0.0,0.0,0.4419795871828008,0.49318174116194957,0.0,4.334201316498383,6.56524068426791,0.93125,1.0,1.0,0.6
raw_channel_colluding_ramp,23991,decentralized_no_negotiation,1.0899044621638452,0.8036015161462036,0.0,track|track|track|decentralized_verify|decentralized_verify|decentralized_verify|decentralized_verify|decentralized_verify|decentralized_verify|track|track|track|track|track|track|track|track|track|decentralized_probe|decentralized_probe|decentralized_probe|decentralized_probe|track|track|track|track|track|track|track|track|track|track|track|track|track|track|track|track|track|track|track|track|track|track|track|track|track|track|track|track|track|track|track|track|track|track|track|track|track|track|track|track|track|track|track|track|track|track|track|track|track|track|track|track|track|track|track|track|track|track|track|track|track|track|track|track|track|track|track|track|track|track|track|track|track|track|track|track|track|track|track|track|track|track|track|track|track|track|track|track|track|track|track|track|track|track|track|track|track|track|track|track|track|track|track|track|track|track|track|track|track|track|track|track|track|track|track|track|track|track|track|track|track|track|track|track|track|track|track|track|track|track|track|track|track|track|track|track|track|track,2.225,71.2,0.0,0.99609375,0.0625,0.028125,0.0,0.3125,0.6152127091772854,db8f5e00642a262cff79b05b63be8f73a33b70efb61ddb14c675d316405c1798,0.9850746268656716,0.0,0.6925145472587669,0.05,0.0,0.0,0.4470232492468824,0.4662466831259711,0.0,3.313263443862501,6.341019300570947,0.94375,1.0,1.0,0.6625
raw_channel_colluding_ramp,23990,decentralized_negotiated,1.1812360685092358,0.9257709731155647,0.0,track|track|decentralized_verify|decentralized_verify|decentralized_verify|decentralized_verify|decentralized_verify|decentralized_verify|decentralized_verify|track|decentralized_verify|decentralized_verify|decentralized_verify|track|track|track|track|track|decentralized_probe|decentralized_probe|decentralized_probe|decentralized_probe|track|track|track|track|track|track|track|track|track|track|track|track|track|track|track|track|track|track|track|track|track|track|track|track|track|track|track|track|track|track|track|track|track|track|track|track|track|track|track|track|track|track|track|track|track|track|track|track|track|track|track|track|track|track|track|track|track|track|track|track|track|track|track|track|track|track|track|track|track|track|track|track|track|track|track|track|track|track|track|track|track|track|track|track|track|track|track|track|track|track|track|track|track|track|track|track|track|track|track|track|track|track|track|track|track|track|track|track|track|track|track|track|track|track|track|track|track|track|track|track|track|track|track|track|track|track|track|track|track|track|track|track|track|track|track|track|track|track,2.2,70.4,0.0,0.99734375,0.0875,0.00625,0.0,0.33125,0.6208999159280211,beb7e82ee907d3b22ae6ebebd44889e11a977926fbcdad7fcab234f070c9dc4e,0.9850746268656716,0.0,0.6873855666802973,0.05,0.0,0.0,0.4406192900167841,0.4912137851515191,0.0,4.358316062846285,6.378451885732346,0.93125,1.0,1.0,0.59375
raw_channel_colluding_ramp,23991,decentralized_negotiated,1.0817825663731293,0.7922178229200713,0.0,track|track|track|decentralized_verify|decentralized_verify|decentralized_verify|decentralized_verify|decentralized_verify|decentralized_verify|track|track|track|track|track|track|track|track|track|decentralized_probe|decentralized_probe|decentralized_probe|decentralized_probe|track|track|track|track|track|track|track|track|track|track|track|track|track|track|track|track|track|track|track|track|track|track|track|track|track|track|track|track|track|track|track|track|track|track|track|track|track|track|track|track|track|track|track|track|track|track|track|track|track|track|track|track|track|track|track|track|track|track|track|track|track|track|track|track|track|track|track|track|track|track|track|track|track|track|track|track|track|track|track|track|track|track|track|track|track|track|track|track|track|track|track|track|track|track|track|track|track|track|track|track|track|track|track|track|track|track|track|track|track|track|track|track|track|track|track|track|track|track|track|track|track|track|track|track|track|track|track|track|track|track|track|track|track|track|track|track|track|track,2.2875,73.2,0.0,0.99609375,0.0625,0.028125,0.0,0.3125,0.6673311670310795,db8f5e00642a262cff79b05b63be8f73a33b70efb61ddb14c675d316405c1798,0.9850746268656716,0.0,0.6921688592774454,0.05,0.0,0.0,0.4480083080370722,0.4707748307900336,0.0,3.429501710578717,6.419759095762255,0.94375,1.0,1.0,0.6625
raw_attack_then_honest_recovery,23990,centralized_trust,1.18162512138292,0.9630102174926076,0.25374309371763737,track|track|track|trust_verify|track|track|trust_verify|track|track|trust_verify|track|track|trust_verify|track|track|trust_verify|track|track|trust_verify|track|track|trust_verify|track|track|trust_verify|track|track|trust_verify|track|track|trust_verify|track|track|track|track|track|track|track|track|track|track|track|track|track|track|track|track|track|track|track|track|track|track|track|track|track|track|track|track|track|trust_verify|track|track|trust_verify|track|track|trust_verify|track|track|trust_verify|track|track|trust_verify|track|track|trust_verify|track|track|trust_verify|track|track|trust_verify|track|track|trust_verify|track|track|trust_verify|track|track|trust_verify|track|track|trust_verify|track|track|trust_verify|track|track|trust_verify|track|track|trust_verify|track|track|trust_verify|track|track|track|track|track|track|track|track|track|track|track|track|track|track|track|track|track|track|track|track|track|track|track|track|track|track|track|track|track|track|track|track|track|track|track|track|track|track|track|track|track|track|track|track|track|track|track|track|track|track|track|track|track|track,0.0,0.0,0.0,0.0,0.1625,0.0,0.0,0.0,0.6366565409116447,a8a573b482daf458c4e43d1ebce85431e6bd5fdbb3ac51556b95fa47101d60d3,0.5895522388059702,0.0,0.804121810591498,0.05,6.0,0.03636363636363636,0.4112169473888341,0.4689724333641067,0.0,4.2894917607529495,6.933682634179326,0.91875,1.0,1.0,0.60625
raw_attack_then_honest_recovery,23991,centralized_trust,1.0921956227477383,0.8355224468920326,0.28242286469314726,track|track|track|trust_verify|track|track|trust_verify|track|track|trust_verify|track|track|trust_verify|track|track|trust_verify|track|track|trust_verify|track|track|trust_verify|track|track|trust_verify|track|track|trust_verify|track|track|trust_verify|track|track|track|track|track|track|track|track|track|track|track|track|track|track|track|track|track|track|track|track|track|track|track|track|track|track|track|track|track|trust_verify|track|track|trust_verify|track|track|trust_verify|track|track|trust_verify|track|track|trust_verify|track|track|trust_verify|track|track|trust_verify|track|track|trust_verify|track|track|trust_verify|track|track|trust_verify|track|track|trust_verify|track|track|trust_verify|track|track|trust_verify|track|track|trust_verify|track|track|trust_verify|track|track|trust_verify|track|track|track|track|track|track|track|track|track|track|track|track|track|track|track|track|track|track|track|track|track|track|track|track|track|track|track|track|track|track|track|track|track|track|track|track|track|track|track|track|track|track|track|track|track|track|track|track|track|track|track|track|track|track,0.0,0.0,0.0,0.0,0.1625,0.0,0.0,0.0,0.6279202080331743,ce5bbfba2f6191a68f7fcc7d03a0295b776e54405f4a3b70c4429474fcfb2357,0.5895522388059702,0.0,0.8113189993577272,0.05,7.0,0.03636363636363636,0.4237776652341122,0.44900733804210186,0.0,3.4888044995543837,7.139365135008915,0.91875,1.0,1.0,0.7
raw_attack_then_honest_recovery,23990,decentralized_no_negotiation,1.1840819881827844,0.957652791194822,0.25855942266046694,track|decentralized_verify|decentralized_verify|decentralized_verify|decentralized_verify|decentralized_verify|decentralized_verify|decentralized_verify|decentralized_verify|decentralized_verify|decentralized_verify|decentralized_verify|track|track|track|track|track|track|decentralized_probe|decentralized_probe|decentralized_probe|decentralized_probe|track|track|track|track|track|track|track|track|track|track|track|track|track|track|track|track|track|track|track|track|track|track|track|track|track|track|track|track|track|track|track|track|track|track|track|track|track|track|track|track|track|track|track|track|track|track|track|track|track|track|track|track|track|track|track|track|track|track|track|track|track|track|track|track|track|track|track|track|track|track|track|track|track|track|track|track|track|track|track|track|track|track|track|track|track|track|track|track|track|track|track|track|track|track|track|track|track|track|track|track|track|track|track|track|track|track|track|track|track|track|track|track|track|track|track|track|track|track|track|track|track|track|track|track|track|track|track|track|track|track|track|track|track|track|track|track|track|track,2.1625,69.2,0.0,0.99734375,0.09375,0.034375,0.0,0.225,0.6240337500348687,a8a573b482daf458c4e43d1ebce85431e6bd5fdbb3ac51556b95fa47101d60d3,0.5895522388059702,0.0,0.8043092050597007,0.05,6.0,0.03636363636363636,0.41795975522692663,0.47628212256856706,0.0,4.375643677853423,7.4382951641940975,0.925,1.0,1.0,0.60625
raw_attack_then_honest_recovery,23991,decentralized_no_negotiation,1.0771031505700122,0.8128581341772397,0.27878832491598843,track|track|track|decentralized_verify|decentralized_verify|decentralized_verify|decentralized_verify|decentralized_verify|decentralized_verify|track|track|track|track|track|track|track|track|track|decentralized_probe|decentralized_probe|decentralized_probe|decentralized_probe|track|track|track|track|track|track|track|track|track|track|track|track|track|track|track|track|track|track|track|track|track|track|track|track|track|track|track|track|track|track|track|track|track|track|track|track|track|track|track|track|track|track|track|track|track|track|track|track|track|track|track|track|track|track|track|track|track|track|track|track|track|track|track|track|track|track|track|track|track|track|track|track|track|track|track|track|track|track|track|track|track|track|track|track|track|track|track|track|track|track|track|track|track|track|track|track|track|track|track|track|track|track|track|track|track|track|track|track|track|track|track|track|track|track|track|track|track|track|track|track|track|track|track|track|track|track|track|track|track|track|track|track|track|track|track|track|track|track,2.09375,67.0,0.0,0.99609375,0.0625,0.028125,0.0,0.2,0.6519726670812815,ce5bbfba2f6191a68f7fcc7d03a0295b776e54405f4a3b70c4429474fcfb2357,0.5895522388059702,0.0,0.8121448558441356,0.05,7.0,0.03636363636363636,0.42681664322822027,0.4488937165248159,0.0,3.364053760151664,7.545367422937444,0.925,1.0,1.0,0.70625
raw_attack_then_honest_recovery,23990,decentralized_negotiated,1.1672365335177848,0.9381523757540542,0.25360763048359386,track|track|decentralized_verify|decentralized_verify|decentralized_verify|decentralized_verify|decentralized_verify|decentralized_verify|decentralized_verify|track|decentralized_verify|decentralized_verify|decentralized_verify|track|track|track|track|track|decentralized_probe|decentralized_probe|decentralized_probe|decentralized_probe|track|track|track|track|track|track|track|track|track|track|track|track|track|track|track|track|track|track|track|track|track|track|track|track|track|track|track|track|track|track|track|track|track|track|track|track|track|track|track|track|track|track|track|track|track|track|track|track|track|track|track|track|track|track|track|track|track|track|track|track|track|track|track|track|track|track|track|track|track|track|track|track|track|track|track|track|track|track|track|track|track|track|track|track|track|track|track|track|track|track|track|track|track|track|track|track|track|track|track|track|track|track|track|track|track|track|track|track|track|track|track|track|track|track|track|track|track|track|track|track|track|track|track|track|track|track|track|track|track|track|track|track|track|track|track|track|track|track,2.19375,70.2,0.0,0.99734375,0.0875,0.00625,0.0,0.21875,0.6193770000245422,a8a573b482daf458c4e43d1ebce85431e6bd5fdbb3ac51556b95fa47101d60d3,0.5895522388059702,0.0,0.8050354013346558,0.05,6.0,0.03636363636363636,0.4167146329145413,0.4745930009264209,0.0,4.398483964731758,6.935317614146471,0.91875,1.0,1.0,0.60625
raw_attack_then_honest_recovery,23991,decentralized_negotiated,1.0710886260814352,0.8038161512259261,0.2795590314543574,track|track|track|decentralized_verify|decentralized_verify|decentralized_verify|decentralized_verify|decentralized_verify|decentralized_verify|track|track|track|track|track|track|track|track|track|decentralized_probe|decentralized_probe|decentralized_probe|decentralized_probe|track|track|track|track|track|track|track|track|track|track|track|track|track|track|track|track|track|track|track|track|track|track|track|track|track|track|track|track|track|track|track|track|track|track|track|track|track|track|track|track|track|track|track|track|track|track|track|track|track|track|track|track|track|track|track|track|track|track|track|track|track|track|track|track|track|track|track|track|track|track|track|track|track|track|track|track|track|track|track|track|track|track|track|track|track|track|track|track|track|track|track|track|track|track|track|track|track|track|track|track|track|track|track|track|track|track|track|track|track|track|track|track|track|track|track|track|track|track|track|track|track|track|track|track|track|track|track|track|track|track|track|track|track|track|track|track|track|track,2.16875,69.4,0.0,0.99609375,0.0625,0.028125,0.0,0.2,0.6213592500425875,ce5bbfba2f6191a68f7fcc7d03a0295b776e54405f4a3b70c4429474fcfb2357,0.5895522388059702,0.0,0.8120544517714421,0.05,7.0,0.03636363636363636,0.42803570510069433,0.4539813467502915,0.0,3.488460304325976,7.539590260301365,0.925,1.0,1.0,0.70625
