scenario,arm,runs,integrated_loss_mean,integrated_loss_std,integrated_loss_max,decision_loss_mean,decision_loss_std,decision_loss_max,movement_per_step_mean,movement_per_step_std,movement_per_step_max,position_rmse_mean,position_rmse_std,position_rmse_max,wrong_mode_action_rate_mean,wrong_mode_action_rate_std,wrong_mode_action_rate_max,mean_nees_mean,mean_nees_std,mean_nees_max,p95_nees_mean,p95_nees_std,p95_nees_max,coverage95_rate_mean,coverage95_rate_std,coverage95_rate_max,mean_delivery_ratio_mean,mean_delivery_ratio_std,mean_delivery_ratio_max,mean_topology_components_mean,mean_topology_components_std,mean_topology_components_max,quarantine_rate_mean,quarantine_rate_std,quarantine_rate_max,strategic_alert_rate_mean,strategic_alert_rate_std,strategic_alert_rate_max,nonstrategic_alert_rate_mean,nonstrategic_alert_rate_std,nonstrategic_alert_rate_max,trust_recovery_cycles_mean,trust_recovery_cycles_std,trust_recovery_cycles_max,post_stop_decision_loss_mean,post_stop_decision_loss_std,post_stop_decision_loss_max,planner_messages_per_step_mean,planner_messages_per_step_std,planner_messages_per_step_max,planner_bytes_per_step_mean,planner_bytes_per_step_std,planner_bytes_per_step_max,message_bound_violations_mean,message_bound_violations_std,message_bound_violations_max,mean_planner_state_age_mean,mean_planner_state_age_std,mean_planner_state_age_max,planner_active_rate_mean,planner_active_rate_std,planner_active_rate_max,planner_conflict_rate_mean,planner_conflict_rate_std,planner_conflict_rate_max,ownership_violations_mean,ownership_violations_std,ownership_violations_max,action_difference_rate_mean,action_difference_rate_std,action_difference_rate_max,runtime_seconds_mean,runtime_seconds_std,runtime_seconds_max
stable_control,centralized_trust,2,0.9492529257267195,0.04516339394650881,0.9944163196732283,0.28984390336388,0.014339048131648241,0.30418295149552826,0.8242612779535492,0.07437805259769631,0.8986393305512456,0.32868221767904326,0.015084029495286616,0.34376624717432985,0.0,0.0,0.0,1.970152012906213,0.16692961762398695,2.1370816305302,6.358117348146095,0.19715615162448819,6.555273499770583,0.934375,0.009374999999999967,0.94375,1.0,0.0,1.0,1.009375,0.009375000000000022,1.01875,0.003125,0.003125,0.00625,0.0,0.0,0.0,0.0,0.0,0.0,0.0,0.0,0.0,0.0,0.0,0.0,0.0,0.0,0.0,0.0,0.0,0.0,0.0,0.0,0.0,0.0,0.0,0.0,0.00625,0.00625,0.0125,0.0,0.0,0.0,0.0,0.0,0.0,0.0,0.0,0.0,1.206773478887044,0.005079479073174298,1.2118529579602182
stable_control,decentralized_no_negotiation,2,0.9493290647388964,0.05555644812582694,1.0048855128647234,0.2890176683750394,0.01124652325777245,0.3002641916328118,0.8253892454548213,0.0835037142294992,0.9088929596843205,0.3278924093664354,0.011583416299925181,0.3394758256663606,0.0,0.0,0.0,1.9696722067536405,0.15482269746241484,2.1244949042160552,6.260251932595013,0.2113914920062867,6.4716434246013,0.934375,0.009374999999999967,0.94375,1.0,0.0,1.0,1.00625,0.006249999999999978,1.0125,0.003125,0.003125,0.00625,0.0,0.0,0.0,0.0,0.0,0.0,0.0,0.0,0.0,0.0,0.0,0.0,6.878125,0.06562499999999982,6.94375,220.1,2.0999999999999943,222.2,0.0,0.0,0.0,0.99765625,0.0,0.99765625,0.025,0.0,0.025,0.018229166666666664,0.0005208333333333332,0.01875,0.0,0.0,0.0,0.025,0.0,0.025,1.1963599374284968,0.004834812483750284,1.201194749912247
stable_control,decentralized_negotiated,2,0.9527248304160043,0.053662539886847105,1.0063873703028514,0.2941422667308174,0.011628593448009927,0.3057708601788273,0.8232282046064836,0.08161391666857132,0.9048421212750549,0.3340898969082743,0.01146219415876118,0.34555209106703544,0.0,0.0,0.0,1.9779682923712476,0.1450592124466199,2.1230275048178675,6.323000447178612,0.20159967138148627,6.524600118560098,0.934375,0.009374999999999967,0.94375,1.0,0.0,1.0,1.028125,0.0031250000000000444,1.03125,0.003125,0.003125,0.00625,0.0,0.0,0.0,0.0,0.0,0.0,0.0,0.0,0.0,0.0,0.0,0.0,6.871875,0.03437499999999982,6.90625,219.9,1.0999999999999943,221.0,0.0,0.0,0.0,0.995703125,0.0003906249999999778,0.99609375,0.01875,0.0,0.01875,0.0,0.0,0.0,0.0,0.0,0.0,0.01875,0.0,0.01875,1.1965949169825763,0.012788624968379736,1.209383541950956
failure_partition,centralized_trust,2,1.0393406756020587,0.008428551456371336,1.04776922705843,0.3810429532971049,0.0637076464112463,0.44475059970835124,0.8228721528811921,0.09017024733452206,0.9130424002157141,0.390263580904492,0.038637627816179326,0.4289012087206713,0.0,0.0,0.0,1.7621436522924614,0.20966516278446834,1.9718088150769297,5.571490832830829,0.6613292094297938,6.232820042260623,0.95,0.012500000000000011,0.9625,1.0,0.0,1.0,1.6906249999999998,0.05312499999999998,1.74375,0.35,0.34375,0.69375,0.0,0.0,0.0,0.0,0.0,0.0,0.0,0.0,0.0,0.0,0.0,0.0,0.0,0.0,0.0,0.0,0.0,0.0,0.0,0.0,0.0,0.0,0.0,0.0,0.00625,0.00625,0.0125,0.0,0.0,0.0,0.0,0.0,0.0,0.0,0.0,0.0,0.817947292001918,0.09327087504789233,0.9112181670498103
failure_partition,decentralized_no_negotiation,2,1.0310167217883772,0.021183115531559493,1.0521998373199368,0.36974408417371807,0.05003900428336247,0.41978308845708057,0.826590797018324,0.08902764976865252,0.9156184467869766,0.3929451600070507,0.03370951140623382,0.4266546714132845,0.0,0.0,0.0,1.7781253184524304,0.16385735583605776,1.9419826742884883,5.531654595889939,0.22558945612737435,5.757244052017313,0.95,0.0,0.95,1.0,0.0,1.0,1.70625,0.0625,1.76875,0.35,0.34375,0.69375,0.0,0.0,0.0,0.0,0.0,0.0,0.0,0.0,0.0,0.0,0.0,0.0,3.4468750000000004,0.7343750000000002,4.18125,110.30000000000001,23.500000000000007,133.8,0.0,0.0,0.0,0.9907552083333333,0.004296875000000089,0.9950520833333334,0.025,0.0,0.025,0.018229166666666664,0.0005208333333333332,0.01875,0.0,0.0,0.0,0.025,0.0,0.025,0.8365731459343806,0.08694102091249079,0.9235141668468714
failure_partition,decentralized_negotiated,2,1.061191477965814,0.0008623492016347489,1.062053827167449,0.3939949729526365,0.06917041406927302,0.4631653870219095,0.833995631266472,0.08754095408863455,0.9215365853551065,0.39916940809406803,0.037974837210067114,0.43714424530413515,0.0,0.0,0.0,1.796327670290535,0.2017827406304893,1.9981104109210244,5.513192395996128,0.7245534656325208,6.23774586162865,0.95,0.012500000000000011,0.9625,1.0,0.0,1.0,1.696875,0.046875,1.74375,0.35,0.34375,0.69375,0.0,0.0,0.0,0.0,0.0,0.0,0.0,0.0,0.0,0.0,0.0,0.0,3.34375,0.7125000000000001,4.05625,107.0,22.800000000000004,129.8,0.0,0.0,0.0,0.9846354166666667,0.0059895833333333814,0.990625,0.01875,0.0,0.01875,0.0,0.0,0.0,0.0,0.0,0.0,0.01875,0.0,0.01875,0.8168197085615247,0.10790729150176048,0.9247270000632852
flapping_reconnect,centralized_trust,2,0.9925656712206127,0.053106675550011695,1.0456723467706244,0.32505682016423154,0.007127947941607399,0.3321847681058389,0.8343860638204765,0.07529327936452396,0.9096793431850004,0.35922234643017076,0.012736118059390455,0.3719584644895612,0.0,0.0,0.0,1.8590674007432542,0.140335457239525,1.9994028579827792,6.052330407773303,0.3163915091537679,6.36872191692707,0.940625,0.009374999999999967,0.95,1.0,0.0,1.0,1.534375,0.0031250000000000444,1.5375,0.003125,0.003125,0.00625,0.0,0.0,0.0,0.0,0.0,0.0,0.0,0.0,0.0,0.0,0.0,0.0,0.0,0.0,0.0,0.0,0.0,0.0,0.0,0.0,0.0,0.0,0.0,0.0,0.00625,0.00625,0.0125,0.0,0.0,0.0,0.0,0.0,0.0,0.0,0.0,0.0,1.1841336250072345,0.014309458085335791,1.1984430830925703
flapping_reconnect,decentralized_no_negotiation,2,0.9894254122103039,0.055183117045588814,1.0446085292558926,0.3242764531464932,0.004319747362171222,0.32859620050866445,0.8314361988297632,0.07437858050970009,0.9058147793394633,0.35876549245531614,0.009684430189338344,0.3684499226446545,0.0,0.0,0.0,1.8604089009217606,0.13288808098206495,1.9932969819038255,5.9132556083795755,0.4164267523728884,6.329682360752464,0.934375,0.015625,0.95,1.0,0.0,1.0,1.5375,0.0,1.5375,0.003125,0.003125,0.00625,0.0,0.0,0.0,0.0,0.0,0.0,0.0,0.0,0.0,0.0,0.0,0.0,6.0875,0.043749999999999734,6.13125,194.8,1.3999999999999915,196.2,0.0,0.0,0.0,0.9904947916666667,0.0014322916666666408,0.9919270833333332,0.025,0.0,0.025,0.018229166666666664,0.0005208333333333332,0.01875,0.0,0.0,0.0,0.025,0.0,0.025,1.1777116254670545,0.009350333479233086,1.1870619589462876
flapping_reconnect,decentralized_negotiated,2,0.9990610150165729,0.051770605072298304,1.0508316200888712,0.3264452055092577,0.00530488697358486,0.3317500924828426,0.8407697618841439,0.07134436505735386,0.9121141269414977,0.36106758782328485,0.01022650902766395,0.3712940968509488,0.0,0.0,0.0,1.8587386075242007,0.12841084617946152,1.9871494537036622,5.87958046996312,0.44491783705174104,6.324498307014861,0.9375,0.012499999999999956,0.95,1.0,0.0,1.0,1.528125,0.0031250000000000444,1.53125,0.003125,0.003125,0.00625,0.0,0.0,0.0,0.0,0.0,0.0,0.0,0.0,0.0,0.0,0.0,0.0,6.034375,0.140625,6.175,193.1,4.5,197.6,0.0,0.0,0.0,0.9876302083333333,0.000911458333333337,0.9885416666666667,0.01875,0.0,0.01875,0.0,0.0,0.0,0.0,0.0,0.0,0.01875,0.0,0.01875,1.150283416500315,0.02792095858603716,1.1782043750863522
admission_censoring_control,centralized_trust,2,1.0183055050760683,0.03647647813689081,1.0547819832129592,0.32890691489707574,0.021598762664185867,0.3505056775612616,0.8617482377237407,0.0725940510013458,0.9343422887250865,0.3792428829351303,0.02173762471904994,0.40098050765418025,0.0,0.0,0.0,1.8289407202274925,0.2599993286877932,2.0889400489152856,5.578023306049481,0.4564301447988819,6.034453450848363,0.953125,0.015625,0.96875,1.0,0.0,1.0,1.5812499999999998,0.03749999999999998,1.61875,0.034375,0.0031249999999999993,0.0375,0.0,0.0,0.0,0.0,0.0,0.0,0.0,0.0,0.0,0.0,0.0,0.0,0.0,0.0,0.0,0.0,0.0,0.0,0.0,0.0,0.0,0.0,0.0,0.0,0.00625,0.00625,0.0125,0.0,0.0,0.0,0.0,0.0,0.0,0.0,0.0,0.0,0.7362883335445076,0.025965583510696888,0.7622539170552045
admission_censoring_control,decentralized_no_negotiation,2,1.0122589747089432,0.04430427753047961,1.0565632522394228,0.32172000877883083,0.01560295055244837,0.3373229593312792,0.8631737074126404,0.07488403510365993,0.9380577425163004,0.3697761469819918,0.014671338127862504,0.38444748510985427,0.0,0.0,0.0,1.762925002313938,0.2046136386112446,1.9675386409251825,5.314074548804371,0.5518773878915386,5.865951936695909,0.95625,0.006250000000000033,0.9625,1.0,0.0,1.0,1.553125,0.04062500000000002,1.59375,0.034375,0.0031249999999999993,0.0375,0.0,0.0,0.0,0.0,0.0,0.0,0.0,0.0,0.0,0.0,0.0,0.0,2.596875,0.17812499999999987,2.775,83.1,5.699999999999996,88.8,0.0,0.0,0.0,0.98609375,0.0014062499999999978,0.9875,0.025,0.0,0.025,0.018229166666666664,0.0005208333333333332,0.01875,0.0,0.0,0.0,0.025,0.0,0.025,0.738017104100436,0.022694062907248735,0.7607111670076847
admission_censoring_control,decentralized_negotiated,2,1.0240469490703452,0.05115677546601949,1.0752037245363648,0.32638352163990625,0.00835456363149828,0.33473808527140453,0.8720792842880489,0.0743891738718972,0.9464684581599461,0.37751707326564127,0.005281106804246649,0.3827981800698879,0.0,0.0,0.0,1.7362643145699652,0.17088752821631958,1.9071518427862848,5.5182648489162265,0.34292247575301094,5.861187324669237,0.965625,0.003124999999999989,0.96875,1.0,0.0,1.0,1.603125,0.05312499999999998,1.65625,0.034375,0.0031249999999999993,0.0375,0.0,0.0,0.0,0.0,0.0,0.0,0.0,0.0,0.0,0.0,0.0,0.0,2.46875,0.1875,2.65625,79.0,6.0,85.0,0.0,0.0,0.0,0.983359375,0.0013281250000000133,0.9846875,0.01875,0.0,0.01875,0.0,0.0,0.0,0.0,0.0,0.0,0.01875,0.0,0.01875,0.7149927921127528,0.015870166942477226,0.73086295905523
source_assignment_competition,centralized_trust,2,1.6964844809396853,0.031197705716893176,1.7276821866565784,1.0308864939332611,0.08615082080875724,1.1170373147420185,0.8319974837580298,0.06869139386483014,0.90068887762286,1.145602544028447,0.10470983917193821,1.250312383200385,0.0,0.0,0.0,1.6877800476316072,0.40200449916245196,2.0897845467940592,4.897688191572726,0.9729056721298519,5.870593863702578,0.971875,0.015625,0.9875,1.0,0.0,1.0,1.0,0.0,1.0,0.975,0.0,0.975,0.0,0.0,0.0,0.0,0.0,0.0,0.0,0.0,0.0,0.0,0.0,0.0,0.0,0.0,0.0,0.0,0.0,0.0,0.0,0.0,0.0,0.0,0.0,0.0,0.053125,0.034375,0.0875,0.0,0.0,0.0,0.0,0.0,0.0,0.0,0.0,0.0,0.43081668752711266,0.04733147949445993,0.4781481670215726
source_assignment_competition,decentralized_no_negotiation,2,1.7124462294964498,0.02898355510259132,1.7414297845990412,1.0169204497780988,0.08926077134684746,1.1061812211249462,0.8694072246479387,0.07534652030532013,0.9447537449532589,1.1364817692726294,0.09992324130369079,1.2364050105763202,0.0,0.0,0.0,1.6493783138274833,0.36446907618836133,2.0138473900158447,4.919831712477494,1.0913357877805323,6.0111675002580265,0.965625,0.021875000000000033,0.9875,1.0,0.0,1.0,1.0,0.0,1.0,0.975,0.0,0.975,0.0,0.0,0.0,0.0,0.0,0.0,0.0,0.0,0.0,0.0,0.0,0.0,0.27812499999999996,0.071875,0.35,8.899999999999999,2.3,11.2,0.0,0.0,0.0,0.99765625,0.0,0.99765625,0.128125,0.053125,0.18125,0.0221875,0.01359375,0.03578125,0.0,0.0,0.0,0.128125,0.053125,0.18125,0.3346881455508992,0.02094327041413635,0.35563141596503556
source_assignment_competition,decentralized_negotiated,2,1.6993948109703227,0.005772111234384147,1.705166922204707,1.0050042849237282,0.07837791849569531,1.0833822034194234,0.8679881575582433,0.09075725907663901,0.9587454166348823,1.1241129453216874,0.08949598050879438,1.2136089258304816,0.0,0.0,0.0,1.6334810262828117,0.3466342214313226,1.9801152477141344,4.727450635228199,0.8945257447194186,5.6219763799476175,0.971875,0.015625,0.9875,1.0,0.0,1.0,1.0,0.0,1.0,0.975,0.0,0.975,0.0,0.0,0.0,0.0,0.0,0.0,0.0,0.0,0.0,0.0,0.0,0.0,0.25,0.0625,0.3125,8.0,2.0,10.0,0.0,0.0,0.0,0.99765625,0.0,0.99765625,0.128125,0.053125,0.18125,0.012239583333333331,0.007180059523809522,0.019419642857142854,0.0,0.0,0.0,0.128125,0.053125,0.18125,0.3326937914825976,0.01817270857281983,0.3508665000554174
genuine_target_maneuver,centralized_trust,2,1.1758467509600696,0.054379933014739645,1.2302266839748093,0.2889339596942142,0.014550004689524526,0.3034839643837387,1.1086409890823192,0.08616242213033032,1.1948034112126495,0.33103668430111055,0.01573972616325159,0.34677641046436214,0.0,0.0,0.0,2.0375739644028146,0.2029312176638267,2.2405051820666415,6.568859209404909,0.0010418377616141505,6.569901047166524,0.921875,0.0031250000000000444,0.925,1.0,0.0,1.0,1.0,0.0,1.0,0.0,0.0,0.0,0.0,0.0,0.0,0.0,0.0,0.0,0.0,0.0,0.0,0.0,0.0,0.0,0.0,0.0,0.0,0.0,0.0,0.0,0.0,0.0,0.0,0.0,0.0,0.0,0.0,0.0,0.0,0.0,0.0,0.0,0.0,0.0,0.0,0.0,0.0,0.0,1.1893782914848998,0.0058474583784118295,1.1952257498633116
genuine_target_maneuver,decentralized_no_negotiation,2,1.1758467509600696,0.054379933014739645,1.2302266839748093,0.2889339596942142,0.014550004689524526,0.3034839643837387,1.1086409890823192,0.08616242213033032,1.1948034112126495,0.33103668430111055,0.01573972616325159,0.34677641046436214,0.0,0.0,0.0,2.0375739644028146,0.2029312176638267,2.2405051820666415,6.568859209404909,0.0010418377616141505,6.569901047166524,0.921875,0.0031250000000000444,0.925,1.0,0.0,1.0,1.0,0.0,1.0,0.0,0.0,0.0,0.0,0.0,0.0,0.0,0.0,0.0,0.0,0.0,0.0,0.0,0.0,0.0,7.8625,0.018749999999999822,7.88125,251.6,0.5999999999999943,252.2,0.0,0.0,0.0,0.99765625,0.0,0.99765625,0.0,0.0,0.0,0.0,0.0,0.0,0.0,0.0,0.0,0.0,0.0,0.0,1.1567846249090508,0.013389832922257483,1.1701744578313082
genuine_target_maneuver,decentralized_negotiated,2,1.1758467509600696,0.054379933014739645,1.2302266839748093,0.2889339596942142,0.014550004689524526,0.3034839643837387,1.1086409890823192,0.08616242213033032,1.1948034112126495,0.33103668430111055,0.01573972616325159,0.34677641046436214,0.0,0.0,0.0,2.0375739644028146,0.2029312176638267,2.2405051820666415,6.568859209404909,0.0010418377616141505,6.569901047166524,0.921875,0.0031250000000000444,0.925,1.0,0.0,1.0,1.0,0.0,1.0,0.0,0.0,0.0,0.0,0.0,0.0,0.0,0.0,0.0,0.0,0.0,0.0,0.0,0.0,0.0,7.8625,0.018749999999999822,7.88125,251.6,0.5999999999999943,252.2,0.0,0.0,0.0,0.99765625,0.0,0.99765625,0.0,0.0,0.0,0.0,0.0,0.0,0.0,0.0,0.0,0.0,0.0,0.0,1.1395223960280418,0.0019068960100412369,1.141429292038083
raw_channel_colluding_ramp,centralized_trust,2,1.1424182426518392,0.0483214434685999,1.1907396861204391,0.43652656045011595,0.002969534984939265,0.43949609543505525,0.882364602752154,0.06411372306692398,0.946478325819078,0.4736939976632254,0.010439924416671686,0.4841339220798971,0.0,0.0,0.0,3.849620319026016,0.41588745962701257,4.265507778653029,6.310525164727883,0.06250891525541435,6.373034079983297,0.934375,0.003124999999999989,0.9375,1.0,0.0,1.0,1.0,0.0,1.0,0.625,0.03125,0.65625,0.9850746268656716,0.0,0.9850746268656716,0.0,0.0,0.0,0.0,0.0,0.0,0.0,0.0,0.0,0.0,0.0,0.0,0.0,0.0,0.0,0.0,0.0,0.0,0.0,0.0,0.0,0.275,0.0,0.275,0.0,0.0,0.0,0.0,0.0,0.0,0.0,0.0,0.0,0.614079479011707,0.003976978943683207,0.6180564579553902
raw_channel_colluding_ramp,decentralized_no_negotiation,2,1.1423437627013553,0.052439300537510225,1.1947830632388656,0.44450141821484157,0.0025218310320408166,0.4470232492468824,0.8723029306081422,0.06870141446193873,0.941004345070081,0.4797142121439604,0.013467529017989227,0.49318174116194957,0.0,0.0,0.0,3.8237323801804424,0.5104689363179411,4.334201316498383,6.453129992419429,0.11211069184848155,6.56524068426791,0.9375,0.006249999999999978,0.94375,1.0,0.0,1.0,1.0,0.0,1.0,0.63125,0.03125,0.6625,0.9850746268656716,0.0,0.9850746268656716,0.0,0.0,0.0,0.0,0.0,0.0,0.0,0.0,0.0,2.221875,0.0031250000000000444,2.225,71.1,0.10000000000000142,71.2,0.0,0.0,0.0,0.99671875,0.0006249999999999867,0.99734375,0.078125,0.015625,0.09375,0.03125,0.003125000000000001,0.034375,0.0,0.0,0.0,0.325,0.012500000000000011,0.3375,0.6196611881023273,0.004448478925041854,0.6241096670273691
raw_channel_colluding_ramp,decentralized_negotiated,2,1.1315093174411825,0.04972675106805324,1.1812360685092358,0.44431379902692814,0.003694509010144037,0.4480083080370722,0.858994398017818,0.0667765750977467,0.9257709731155647,0.48099430797077636,0.010219477180742731,0.4912137851515191,0.0,0.0,0.0,3.893908886712501,0.464407176133784,4.358316062846285,6.399105490747301,0.02065360501495439,6.419759095762255,0.9375,0.006249999999999978,0.94375,1.0,0.0,1.0,1.0,0.0,1.0,0.628125,0.03437499999999999,0.6625,0.9850746268656716,0.0,0.9850746268656716,0.0,0.0,0.0,0.0,0.0,0.0,0.0,0.0,0.0,2.2437500000000004,0.043749999999999956,2.2875,71.80000000000001,1.3999999999999986,73.2,0.0,0.0,0.0,0.99671875,0.0006249999999999867,0.99734375,0.075,0.012499999999999997,0.0875,0.0171875,0.0109375,0.028125,0.0,0.0,0.0,0.321875,0.009374999999999994,0.33125,0.6441155414795503,0.02321562555152923,0.6673311670310795
raw_attack_then_honest_recovery,centralized_trust,2,1.136910372065329,0.044714749317590896,1.18162512138292,0.41749730631147314,0.006280358922639062,0.4237776652341122,0.8992663321923201,0.06374388530028752,0.9630102174926076,0.4589898857031043,0.009982547661002428,0.4689724333641067,0.0,0.0,0.0,3.8891481301536666,0.4003436305992829,4.2894917607529495,7.0365238845941205,0.10284125041479442,7.139365135008915,0.91875,0.0,0.91875,1.0,0.0,1.0,1.0,0.0,1.0,0.653125,0.046875,0.7,0.5895522388059702,0.0,0.5895522388059702,0.0,0.0,0.0,6.5,0.5,7.0,0.2680829792053923,0.014339885487754944,0.28242286469314726,0.0,0.0,0.0,0.0,0.0,0.0,0.0,0.0,0.0,0.0,0.0,0.0,0.1625,0.0,0.1625,0.0,0.0,0.0,0.0,0.0,0.0,0.0,0.0,0.0,0.6322883744724095,0.00436816643923521,0.6366565409116447
raw_attack_then_honest_recovery,decentralized_no_negotiation,2,1.1305925693763983,0.053489418806386135,1.1840819881827844,0.4223881992275734,0.0044284440006468195,0.42681664322822027,0.885255462686031,0.07239732850879116,0.957652791194822,0.4625879195466915,0.013694203021875573,0.47628212256856706,0.0,0.0,0.0,3.869848719002544,0.5057949588508797,4.375643677853423,7.49183129356577,0.05353612937167318,7.545367422937444,0.925,0.0,0.925,1.0,0.0,1.0,1.0,0.0,1.0,0.65625,0.050000000000000044,0.70625,0.5895522388059702,0.0,0.5895522388059702,0.0,0.0,0.0,6.5,0.5,7.0,0.2686738737882277,0.010114451127760743,0.27878832491598843,2.128125,0.034375000000000044,2.1625,68.1,1.1000000000000014,69.2,0.0,0.0,0.0,0.99671875,0.0006249999999999867,0.99734375,0.078125,0.015625,0.09375,0.03125,0.003125000000000001,0.034375,0.0,0.0,0.0,0.21250000000000002,0.012499999999999997,0.225,0.6380032085580751,0.013969458523206413,0.6519726670812815
raw_attack_then_honest_recovery,decentralized_negotiated,2,1.1191625797996099,0.0480739537181748,1.1672365335177848,0.42237516900761785,0.0056605360930765125,0.42803570510069433,0.8709842634899901,0.06716811226406405,0.9381523757540542,0.4642871738383562,0.010305827088064712,0.4745930009264209,0.0,0.0,0.0,3.943472134528867,0.45501183020289115,4.398483964731758,7.237453937223918,0.302136323077447,7.539590260301365,0.921875,0.0031250000000000444,0.925,1.0,0.0,1.0,1.0,0.0,1.0,0.65625,0.050000000000000044,0.70625,0.5895522388059702,0.0,0.5895522388059702,0.0,0.0,0.0,6.5,0.5,7.0,0.26658333096897563,0.01297570048538177,0.2795590314543574,2.1812500000000004,0.012499999999999956,2.19375,69.80000000000001,0.3999999999999986,70.2,0.0,0.0,0.0,0.99671875,0.0006249999999999867,0.99734375,0.075,0.012499999999999997,0.0875,0.0171875,0.0109375,0.028125,0.0,0.0,0.0,0.209375,0.009374999999999994,0.21875,0.6203681250335649,0.000991125009022653,0.6213592500425875
