robot,arm,window,start_time,end_time,position_rmse,mean_nees,p95_nees,coverage95_rate,update_rate,maximum_landmarks_used,outage_fraction,outage_rmse,mean_topology_components,mean_topology_edges,minimum_topology_components,maximum_topology_components,mean_clock_alignment_error,runtime_seconds,finite
1,bounded_constant_velocity,0,1248272275.518,1248272335.018,0.1952182941367781,0.933638942832571,1.8041263991806111,1.0,0.39166666666666666,2.0,0.0,0.0,2.125,3.9916666666666667,1,4,0.16001242895921072,0.022138045120906707,True
1,bounded_constant_velocity,1,1248272335.518,1248272395.018,0.14380850332310394,0.8540769436803745,1.8742070658168009,1.0,0.675,2.0,0.0,0.0,3.033333333333333,2.3,2,5,0.15334575374921164,0.022138045120906707,True
1,bounded_constant_velocity,2,1248272395.518,1248272455.018,0.2940469714149907,0.9024832440589444,2.4731635095192863,1.0,0.175,2.0,0.525,0.2330565995471148,2.175,3.95,1,5,0.11637078921000163,0.022138045120906707,True
1,bounded_constant_velocity,3,1248272455.518,1248272515.018,0.20821766229010033,1.952249122601026,6.125967130846521,0.9416666666666667,0.6916666666666667,2.0,0.0,0.0,2.05,3.841666666666667,1,4,0.24046656787395476,0.022138045120906707,True
1,bounded_constant_velocity,4,1248272515.518,1248272575.018,0.3202108076334276,3.7591517206307,11.452086249817835,0.7333333333333333,0.925,2.0,0.0,0.0,2.65,2.9166666666666665,1,5,0.23940822780132293,0.022138045120906707,True
1,bounded_constant_velocity,5,1248272575.518,1248272635.018,0.40392930258779114,3.877334965725662,14.099330643355312,0.75,0.6,2.0,0.03333333333333333,0.20111244052023206,2.65,2.6,1,5,0.2144374112288157,0.022138045120906707,True
1,bounded_constant_velocity,6,1248272635.518,1248272695.018,0.22138054237130017,0.6094191361851103,2.048563666012742,1.0,0.44166666666666665,2.0,0.05,0.3226027982822567,2.9916666666666667,2.1666666666666665,1,5,0.2046499212582906,0.022138045120906707,True
1,bounded_constant_velocity,7,1248272695.518,1248272755.018,0.3707955684545545,1.3485542810905382,7.327944348419374,0.9083333333333333,0.35833333333333334,2.0,0.475,0.33306266174984483,2.7,2.8833333333333333,1,5,0.08584995766480764,0.022138045120906707,True
1,bounded_constant_velocity,8,1248272755.518,1248272815.018,0.20533004295478494,0.6949205563722216,2.853641054365775,1.0,0.35833333333333334,2.0,0.31666666666666665,0.23392363665752094,2.066666666666667,3.8916666666666666,1,3,0.09082495470841725,0.022138045120906707,True
1,bounded_constant_velocity,9,1248272815.518,1248272875.018,0.3824059763881556,1.8832511285529976,5.087360496994458,0.9833333333333333,0.4583333333333333,2.0,0.18333333333333332,0.37906480863611863,2.683333333333333,3.058333333333333,1,5,0.15643326540788013,0.022138045120906707,True
1,bounded_constant_velocity,10,1248272875.518,1248272935.018,0.32963993092960253,2.2515806817776673,14.11682742421345,0.8583333333333333,0.2833333333333333,2.0,0.3,0.1785739426830171,2.9,2.566666666666667,2,4,0.13857077757517497,0.022138045120906707,True
1,bounded_constant_velocity,11,1248272935.518,1248272995.018,0.4247492768587564,3.751934938026018,10.14066516451334,0.7416666666666667,0.7,2.0,0.0,0.0,2.525,3.191666666666667,1,5,0.24822073082129162,0.022138045120906707,True
1,bounded_constant_velocity,12,1248272995.518,1248273055.018,0.3189608895795992,4.019549148884587,7.708413489441134,0.7083333333333334,0.8833333333333333,2.0,0.0,0.0,2.6166666666666667,2.975,1,5,0.23594573239485422,0.022138045120906707,True
1,bounded_constant_velocity,13,1248273055.518,1248273115.018,0.14467120817994975,0.6814539547129361,1.6809734445843165,1.0,0.6333333333333333,2.0,0.1,0.06364435636194034,2.875,2.925,1,5,0.1674582690000534,0.022138045120906707,True
1,bounded_constant_velocity,14,1248273115.518,1248273175.018,0.21826255635479888,0.5472138545036231,1.2917857277961917,1.0,0.5416666666666666,2.0,0.1,0.35609937733951647,2.1666666666666665,3.3333333333333335,1,4,0.2024249146382014,0.022138045120906707,True
1,bounded_constant_velocity,15,1248273175.518,1248273235.018,0.3604446332864211,1.001965095936596,2.204838088582288,1.0,0.5,2.0,0.3333333333333333,0.5245722429115145,3.275,1.7333333333333334,1,5,0.1322124401728312,0.022138045120906707,True
1,bounded_constant_velocity,16,1248273235.518,1248273295.018,0.3599486135321703,3.398995398015455,17.716272992394227,0.7833333333333333,0.4166666666666667,2.0,0.49166666666666664,0.24861724512163713,2.4916666666666667,3.058333333333333,1,5,0.11718328297138214,0.022138045120906707,True
1,bounded_constant_velocity,17,1248273295.518,1248273355.018,0.21037699608836222,1.4633985327157235,3.1815665075788355,0.975,0.75,2.0,0.041666666666666664,0.23553400599099258,2.1166666666666667,4.658333333333333,1,3,0.1966082563002904,0.022138045120906707,True
1,bounded_constant_velocity,18,1248273355.518,1248273415.018,0.19902008284894876,1.8766313949887925,6.411653062472357,0.9416666666666667,0.8916666666666667,2.0,0.0,0.0,2.033333333333333,4.258333333333334,1,5,0.23324156403541565,0.022138045120906707,True
1,bounded_constant_velocity,19,1248273415.518,1248273475.018,0.38239550474094863,3.8867526300611965,14.230305246174213,0.8083333333333333,0.5166666666666667,2.0,0.30833333333333335,0.4401389084155677,2.375,3.058333333333333,1,5,0.13264995018641154,0.022138045120906707,True
1,bounded_constant_velocity,20,1248273475.518,1248273535.018,0.3030863345159019,1.4040962143811797,6.677772151460223,0.9416666666666667,0.44166666666666665,2.0,0.125,0.6522639608835336,2.1166666666666667,3.3583333333333334,1,4,0.20056657095750172,0.022138045120906707,True
1,bounded_constant_velocity,21,1248273535.518,1248273595.018,0.36467594142368004,0.9605210743625785,2.5976702863080723,1.0,0.23333333333333334,2.0,0.35,0.5379586536901879,2.841666666666667,2.6083333333333334,1,5,0.11249162157376608,0.022138045120906707,True
1,bounded_constant_velocity,22,1248273595.518,1248273655.018,0.247475020273223,0.9170327078002837,2.177342573711759,1.0,0.5166666666666667,2.0,0.3,0.40571083787190054,3.2,1.8,1,5,0.13089993397394817,0.022138045120906707,True
1,bounded_constant_velocity,23,1248273655.518,1248273715.018,0.19939876928129413,3.0493809773244633,13.074512751852545,0.8833333333333333,0.7833333333333333,2.0,0.075,0.2786313728366315,2.1166666666666667,3.55,1,4,0.2207999070485433,0.022138045120906707,True
2,bounded_constant_velocity,0,1248272275.518,1248272335.018,0.20797334841860762,1.8734493474391665,6.518279082579204,0.9416666666666667,0.7916666666666666,2.0,0.0,0.0,2.125,3.9916666666666667,1,4,0.2315624048312505,0.025267934038614232,True
2,bounded_constant_velocity,1,1248272335.518,1248272395.018,0.1717114099117001,1.0351278526586427,3.5501732381339277,0.9916666666666667,0.725,2.0,0.0,0.0,3.033333333333333,2.3,2,5,0.19574992060661317,0.025267934038614232,True
2,bounded_constant_velocity,2,1248272395.518,1248272455.018,0.5212197722232886,3.745841088734545,8.40794783423807,0.825,0.30833333333333335,2.0,0.4166666666666667,0.5908641524065505,2.175,3.95,1,5,0.0948041170835495,0.025267934038614232,True
2,bounded_constant_velocity,3,1248272455.518,1248272515.018,0.38900827821885053,3.742839820300038,8.981341356249683,0.825,0.6833333333333333,2.0,0.0,0.0,2.05,3.841666666666667,1,4,0.20950408577919005,0.025267934038614232,True
2,bounded_constant_velocity,4,1248272515.518,1248272575.018,0.28136166456668477,2.803266015095125,7.56225367239656,0.8583333333333333,0.5833333333333334,2.0,0.0,0.0,2.65,2.9166666666666665,1,5,0.22617074052492778,0.025267934038614232,True
2,bounded_constant_velocity,5,1248272575.518,1248272635.018,0.14919654953455957,1.467121604375843,3.3421662411158626,1.0,0.85,2.0,0.0,0.0,2.65,2.6,1,5,0.24167072574297588,0.025267934038614232,True
2,bounded_constant_velocity,6,1248272635.518,1248272695.018,0.2915365916780205,3.2427479211421093,16.220016886301114,0.8333333333333334,0.7833333333333333,2.0,0.0,0.0,2.9916666666666667,2.1666666666666665,1,5,0.20591241220633189,0.025267934038614232,True
2,bounded_constant_velocity,7,1248272695.518,1248272755.018,0.18132265230656686,1.9050753595282468,5.548608922663821,0.975,0.6416666666666667,2.0,0.10833333333333334,0.13744709339012143,2.7,2.8833333333333333,1,5,0.1521457632382711,0.025267934038614232,True
2,bounded_constant_velocity,8,1248272755.518,1248272815.018,0.17840228371756933,1.510206466733123,5.29545860695288,0.9666666666666667,0.6916666666666667,2.0,0.0,0.0,2.066666666666667,3.8916666666666666,1,3,0.21517906486988067,0.025267934038614232,True
2,bounded_constant_velocity,9,1248272815.518,1248272875.018,0.18832078171422273,1.8160322918026301,6.039059630644588,0.9416666666666667,0.775,2.0,0.0,0.0,2.683333333333333,3.058333333333333,1,5,0.2262790729602178,0.025267934038614232,True
2,bounded_constant_velocity,10,1248272875.518,1248272935.018,0.16596610690968963,1.4722031286845934,4.6029138345390095,1.0,0.8333333333333334,2.0,0.0,0.0,2.9,2.566666666666667,2,4,0.2263624002536138,0.025267934038614232,True
2,bounded_constant_velocity,11,1248272935.518,1248272995.018,0.38995229240062046,1.56443942917124,6.805395230463869,0.9166666666666666,0.4166666666666667,2.0,0.48333333333333334,0.4988596667620804,2.525,3.191666666666667,1,5,0.12131661971410115,0.025267934038614232,True
2,bounded_constant_velocity,12,1248272995.518,1248273055.018,0.173201670876593,0.9249448249474154,2.989701774602653,1.0,0.5,2.0,0.0,0.0,2.6166666666666667,2.975,1,5,0.2457790692647298,0.025267934038614232,True
2,bounded_constant_velocity,13,1248273055.518,1248273115.018,0.26067451766003924,3.0800720767924616,9.18230336943208,0.85,0.7166666666666667,2.0,0.0,0.0,2.875,2.925,1,5,0.2119249035914739,0.025267934038614232,True
2,bounded_constant_velocity,14,1248273115.518,1248273175.018,0.24238873098712474,2.4456062349261884,6.751989656542819,0.9333333333333333,0.65,2.0,0.0,0.0,2.1666666666666665,3.3333333333333335,1,4,0.22983739872773487,0.025267934038614232,True
2,bounded_constant_velocity,15,1248273175.518,1248273235.018,0.25542343216635105,1.7225685875576418,3.527351308803408,0.975,0.5916666666666667,2.0,0.13333333333333333,0.3506631306782477,3.275,1.7333333333333334,1,5,0.16100826462109882,0.025267934038614232,True
2,bounded_constant_velocity,16,1248273235.518,1248273295.018,0.24084088990155697,4.521553044794753,18.22341063222683,0.7833333333333333,0.7833333333333333,2.0,0.08333333333333333,0.16663489727181793,2.4916666666666667,3.058333333333333,1,5,0.21749157210191092,0.025267934038614232,True
2,bounded_constant_velocity,17,1248273295.518,1248273355.018,0.17713032108868101,0.7423302271477968,2.880633809080601,1.0,0.2916666666666667,2.0,0.275,0.12018646239408594,2.1166666666666667,4.658333333333333,1,3,0.10774162213007608,0.025267934038614232,True
2,bounded_constant_velocity,18,1248273355.518,1248273415.018,0.3502277477169423,2.420692193152317,8.237337099782003,0.875,0.4666666666666667,2.0,0.041666666666666664,0.3603251867396454,2.033333333333333,4.258333333333334,1,5,0.21553324262301127,0.025267934038614232,True
2,bounded_constant_velocity,19,1248273415.518,1248273475.018,0.19994636659722673,1.9233957721331352,4.717242481257259,0.9916666666666667,0.875,2.0,0.0,0.0,2.375,3.058333333333333,1,5,0.24332490265369416,0.025267934038614232,True
2,bounded_constant_velocity,20,1248273475.518,1248273535.018,0.17308323561530073,1.8622124184948288,4.037407140609219,0.9583333333333334,0.8333333333333334,2.0,0.0,0.0,2.1166666666666667,3.3583333333333334,1,4,0.21607490976651508,0.025267934038614232,True
2,bounded_constant_velocity,21,1248273535.518,1248273595.018,0.5464695054107246,2.5822964917744753,14.118392618172084,0.8833333333333333,0.25,2.0,0.06666666666666667,0.5738708135495636,2.841666666666667,2.6083333333333334,1,5,0.17583741943041484,0.025267934038614232,True
2,bounded_constant_velocity,22,1248273595.518,1248273655.018,0.43824975091833357,4.266590114562717,32.574622097036396,0.8416666666666667,0.8166666666666667,2.0,0.0,0.0,3.2,1.8,1,5,0.2126999000708262,0.025267934038614232,True
2,bounded_constant_velocity,23,1248273655.518,1248273715.018,0.5007010992049672,5.8504427797197875,19.413778979630028,0.6166666666666667,0.5333333333333333,2.0,0.025,0.22381431485872183,2.1166666666666667,3.55,1,4,0.22719157536824544,0.025267934038614232,True
3,bounded_constant_velocity,0,1248272275.518,1248272335.018,0.14700017453053063,1.0071059186442846,3.214105261474441,0.9916666666666667,0.75,2.0,0.0,0.0,2.125,3.9916666666666667,1,4,0.20647907654444378,0.02654836283181794,True
3,bounded_constant_velocity,1,1248272335.518,1248272395.018,0.17002153142786736,1.0699254005872438,4.480178816378067,0.9833333333333333,0.7083333333333334,2.0,0.041666666666666664,0.11779295460029866,3.033333333333333,2.3,2,5,0.19687074522177378,0.02654836283181794,True
3,bounded_constant_velocity,2,1248272395.518,1248272455.018,0.18145458011586085,1.4686486778733496,5.959982237124526,0.95,0.725,2.0,0.15,0.18062739138132453,2.175,3.95,1,5,0.19681658347447714,0.02654836283181794,True
3,bounded_constant_velocity,3,1248272455.518,1248272515.018,0.24176094206983526,2.8596944754753233,7.177695769170255,0.8833333333333333,0.5666666666666667,2.0,0.225,0.3007731032524263,2.05,3.841666666666667,1,4,0.15798326234022778,0.02654836283181794,True
3,bounded_constant_velocity,4,1248272515.518,1248272575.018,0.2573681161498475,2.6566721619224247,8.903390149105913,0.8916666666666667,0.8333333333333334,2.0,0.0,0.0,2.65,2.9166666666666665,1,5,0.2386915723482768,0.02654836283181794,True
3,bounded_constant_velocity,5,1248272575.518,1248272635.018,0.37548965254752115,2.727969757363363,8.610103554407797,0.8416666666666667,0.6833333333333333,2.0,0.0,0.0,2.65,2.6,1,5,0.2044540782769521,0.02654836283181794,True
3,bounded_constant_velocity,6,1248272635.518,1248272695.018,0.23931665373157904,2.44596823414284,9.746796958639054,0.8916666666666667,0.7083333333333334,2.0,0.06666666666666667,0.2614209541664736,2.9916666666666667,2.1666666666666665,1,5,0.19030408461888632,0.02654836283181794,True
3,bounded_constant_velocity,7,1248272695.518,1248272755.018,0.17907535147310705,1.4567162151040658,7.52542399082638,0.925,0.6416666666666667,2.0,0.058333333333333334,0.2519907197783471,2.7,2.8833333333333333,1,5,0.21344157258669536,0.02654836283181794,True
3,bounded_constant_velocity,8,1248272755.518,1248272815.018,0.5826438249320767,2.8205230889036104,8.60667568653383,0.8833333333333333,0.24166666666666667,2.0,0.4,0.44138297935815074,2.066666666666667,3.8916666666666666,1,3,0.11420411666234334,0.02654836283181794,True
3,bounded_constant_velocity,9,1248272815.518,1248272875.018,1.5282278881871787,8.331181602546344,19.888755616320076,0.5583333333333333,0.4083333333333333,2.0,0.0,0.0,2.683333333333333,3.058333333333333,1,5,0.26011655827363334,0.02654836283181794,True
3,bounded_constant_velocity,10,1248272875.518,1248272935.018,0.2489020698351893,2.8390679103909062,10.365536954034003,0.8333333333333334,0.6916666666666667,2.0,0.14166666666666666,0.056484129474340276,2.9,2.566666666666667,2,4,0.1889457583427429,0.02654836283181794,True
3,bounded_constant_velocity,11,1248272935.518,1248272995.018,0.17928126008594272,1.4477555867818381,5.86346979866771,0.9583333333333334,0.6833333333333333,2.0,0.0,0.0,2.525,3.191666666666667,1,5,0.23760404686133066,0.02654836283181794,True
3,bounded_constant_velocity,12,1248272995.518,1248273055.018,0.2477447787337275,2.423080498897103,8.077892235001475,0.9,0.9583333333333334,2.0,0.0,0.0,2.6166666666666667,2.975,1,5,0.27091655830542244,0.02654836283181794,True
3,bounded_constant_velocity,13,1248273055.518,1248273115.018,0.2505307852120623,1.6015743051866826,6.283426718322024,0.9333333333333333,0.36666666666666664,2.0,0.3,0.23229306633686597,2.875,2.925,1,5,0.15099993447462717,0.02654836283181794,True
3,bounded_constant_velocity,14,1248273115.518,1248273175.018,0.4786769999839438,3.6809331540365635,12.323044418679114,0.8583333333333333,0.425,2.0,0.35,0.6351160882510315,2.1666666666666665,3.3333333333333335,1,4,0.13073744475841523,0.02654836283181794,True
3,bounded_constant_velocity,15,1248273175.518,1248273235.018,0.20060663057809366,1.6635040065803706,4.886249335838494,0.9666666666666667,0.925,2.0,0.0,0.0,3.275,1.7333333333333334,1,5,0.2615623831748962,0.02654836283181794,True
3,bounded_constant_velocity,16,1248273235.518,1248273295.018,0.25552781584371953,2.2408116044853275,11.387514221429987,0.8916666666666667,0.5416666666666666,2.0,0.075,0.21978727207732005,2.4916666666666667,3.058333333333333,1,5,0.204808247089386,0.02654836283181794,True
3,bounded_constant_velocity,17,1248273295.518,1248273355.018,0.253007440699897,3.644703819078965,12.540616501712819,0.8,0.7666666666666667,2.0,0.0,0.0,2.1166666666666667,4.658333333333333,1,3,0.23942490220069884,0.02654836283181794,True
3,bounded_constant_velocity,18,1248273355.518,1248273415.018,0.1979235666908356,1.858505174466844,5.260236330620517,0.9583333333333334,0.875,2.0,0.0,0.0,2.033333333333333,4.258333333333334,1,5,0.23113322953383128,0.02654836283181794,True
3,bounded_constant_velocity,19,1248273415.518,1248273475.018,0.22686316739831713,3.2940093915066555,9.342818350622828,0.8416666666666667,0.9583333333333334,2.0,0.0,0.0,2.375,3.058333333333333,1,5,0.2505623896916707,0.02654836283181794,True
3,bounded_constant_velocity,20,1248273475.518,1248273535.018,0.2733714969696775,3.84877210791204,12.150315467247315,0.8,0.8916666666666667,2.0,0.0,0.0,2.1166666666666667,3.3583333333333334,1,4,0.23903323809305826,0.02654836283181794,True
3,bounded_constant_velocity,21,1248273535.518,1248273595.018,0.3639808731917596,2.41620377493293,10.089992519292688,0.9166666666666666,0.6166666666666667,2.0,0.21666666666666667,0.4775748502849701,2.841666666666667,2.6083333333333334,1,5,0.17371660073598225,0.02654836283181794,True
3,bounded_constant_velocity,22,1248273595.518,1248273655.018,0.1666662206389243,1.9520223191137092,5.2274917319906065,0.9666666666666667,1.0,2.0,0.0,0.0,3.2,1.8,1,5,0.26254571974277496,0.02654836283181794,True
3,bounded_constant_velocity,23,1248273655.518,1248273715.018,0.5584241316947258,7.181790617457635,21.037221235636864,0.5666666666666667,0.8666666666666667,2.0,0.0,0.0,2.1166666666666667,3.55,1,4,0.2271624058485031,0.02654836283181794,True
4,bounded_constant_velocity,0,1248272275.518,1248272335.018,0.22257846357561745,1.3371227984160081,3.5797855886000227,0.9916666666666667,0.4083333333333333,2.0,0.2,0.2933244368684175,2.125,3.9916666666666667,1,4,0.13644577364126842,0.02393520833963218,True
4,bounded_constant_velocity,1,1248272335.518,1248272395.018,0.1980496404171707,0.9319035332231955,2.7253494792096884,1.0,0.4583333333333333,2.0,0.325,0.2857508627193902,3.033333333333333,2.3,2,5,0.11190411448478699,0.02393520833963218,True
4,bounded_constant_velocity,2,1248272395.518,1248272455.018,0.2283180376029245,1.674571054207252,5.356689839598534,0.9583333333333334,0.525,2.0,0.08333333333333333,0.14007212923153778,2.175,3.95,1,5,0.15894158879915873,0.02393520833963218,True
4,bounded_constant_velocity,3,1248272455.518,1248272515.018,0.2483377723361005,1.3437796958852042,3.829682159813819,0.9833333333333333,0.48333333333333334,2.0,0.14166666666666666,0.11717886898321182,2.05,3.841666666666667,1,4,0.15555409987767538,0.02393520833963218,True
4,bounded_constant_velocity,4,1248272515.518,1248272575.018,0.31186442291658895,1.0673297475782337,2.664345103209348,1.0,0.3,2.0,0.375,0.35018155715823024,2.65,2.9166666666666665,1,5,0.07738746404647827,0.02393520833963218,True
4,bounded_constant_velocity,5,1248272575.518,1248272635.018,0.38367348842174737,5.2547915349033305,26.861682034611412,0.8,0.38333333333333336,2.0,0.18333333333333332,0.22162692165697917,2.65,2.6,1,5,0.08374162713686625,0.02393520833963218,True
4,bounded_constant_velocity,6,1248272635.518,1248272695.018,0.4967170045504007,5.7432825057009875,16.893000429115467,0.5833333333333334,0.675,2.0,0.15,0.16661521165563922,2.9916666666666667,2.1666666666666665,1,5,0.19274991949399312,0.02393520833963218,True
4,bounded_constant_velocity,7,1248272695.518,1248272755.018,0.44194621071261464,4.812514869330986,12.915407543838226,0.6666666666666666,0.5666666666666667,2.0,0.13333333333333333,0.3937257931131434,2.7,2.8833333333333333,1,5,0.19909159044424693,0.02393520833963218,True
4,bounded_constant_velocity,8,1248272755.518,1248272815.018,0.48921951859047375,5.187766032351779,14.048841268277913,0.675,0.6666666666666666,2.0,0.0,0.0,2.066666666666667,3.8916666666666666,1,3,0.2169957399368286,0.02393520833963218,True
4,bounded_constant_velocity,9,1248272815.518,1248272875.018,0.36159512486029,2.4401659331446073,4.932178852018724,0.975,0.55,2.0,0.15833333333333333,0.20232268885255325,2.683333333333333,3.058333333333333,1,5,0.15021244585514068,0.02393520833963218,True
4,bounded_constant_velocity,10,1248272875.518,1248272935.018,0.18578501639862455,0.8013163718469296,2.711772337748891,1.0,0.25833333333333336,2.0,0.21666666666666667,0.22223104133870603,2.9,2.566666666666667,2,4,0.12158744335174561,0.02393520833963218,True
4,bounded_constant_velocity,11,1248272935.518,1248272995.018,0.4308188139098059,1.074093598988209,2.5772099401959006,1.0,0.06666666666666667,2.0,0.85,0.4554088297824493,2.525,3.191666666666667,1,5,0.017574992775917054,0.02393520833963218,True
4,bounded_constant_velocity,12,1248272995.518,1248273055.018,0.2709760375270878,2.739976199578724,7.143347186577258,0.925,0.6916666666666667,2.0,0.0,0.0,2.6166666666666667,2.975,1,5,0.20898741483688354,0.02393520833963218,True
4,bounded_constant_velocity,13,1248273055.518,1248273115.018,0.2872517154020149,2.87370267892008,10.336548630656676,0.8666666666666667,0.5833333333333334,2.0,0.14166666666666666,0.27381155038658456,2.875,2.925,1,5,0.15960409641265869,0.02393520833963218,True
4,bounded_constant_velocity,14,1248273115.518,1248273175.018,0.236177678988121,0.9847455600879808,3.0350098573462607,1.0,0.24166666666666667,2.0,0.4083333333333333,0.23309393491935057,2.1666666666666665,3.3333333333333335,1,4,0.055529136459032694,0.02393520833963218,True
4,bounded_constant_velocity,15,1248273175.518,1248273235.018,0.6819341448706348,7.216414955271373,16.894479719234702,0.475,0.875,2.0,0.0,0.0,3.275,1.7333333333333334,1,5,0.23698323865731558,0.02393520833963218,True
4,bounded_constant_velocity,16,1248273235.518,1248273295.018,0.4060439758451021,2.526610635573513,6.884123941907236,0.9333333333333333,0.44166666666666665,2.0,0.2833333333333333,0.3361062914003062,2.4916666666666667,3.058333333333333,1,5,0.10817494889100393,0.02393520833963218,True
4,bounded_constant_velocity,17,1248273295.518,1248273355.018,0.15835593389643235,1.087414727076925,3.2014247217873244,1.0,0.775,2.0,0.03333333333333333,0.16566208349207517,2.1166666666666667,4.658333333333333,1,3,0.1954707423845927,0.02393520833963218,True
4,bounded_constant_velocity,18,1248273355.518,1248273415.018,0.42177522031316317,3.7387742494154725,14.472085260625775,0.8583333333333333,0.39166666666666666,2.0,0.19166666666666668,0.4792803666899238,2.033333333333333,4.258333333333334,1,5,0.16189993619918824,0.02393520833963218,True
4,bounded_constant_velocity,19,1248273415.518,1248273475.018,0.22089095831460592,1.3259935563578675,4.0715210000559505,0.9916666666666667,0.6,2.0,0.008333333333333333,0.31000729864684046,2.375,3.058333333333333,1,5,0.1908249169588089,0.02393520833963218,True
4,bounded_constant_velocity,20,1248273475.518,1248273535.018,0.533712281464338,0.9657411798191068,1.8665563661917084,1.0,0.025,1.0,0.8916666666666667,0.5555077554776627,2.1166666666666667,3.3583333333333334,1,4,0.006991664568583171,0.02393520833963218,True
4,bounded_constant_velocity,21,1248273535.518,1248273595.018,0.4747416423591122,1.8908108512784116,8.089381296507792,0.9,0.30833333333333335,2.0,0.0,0.0,2.841666666666667,2.6083333333333334,1,5,0.22691240906715393,0.02393520833963218,True
4,bounded_constant_velocity,22,1248273595.518,1248273655.018,0.8820699760445633,0.9713120115336921,1.2479814999160637,1.0,0.0,0.0,0.95,0.8952004879122186,3.2,1.8,1,5,0.0,0.02393520833963218,True
4,bounded_constant_velocity,23,1248273655.518,1248273715.018,0.69072059358814,4.639735533824719,8.920997816233207,0.55,0.6666666666666666,2.0,0.25833333333333336,1.205232957413279,2.1166666666666667,3.55,1,4,0.17360825935999552,0.02393520833963218,True
5,bounded_constant_velocity,0,1248272275.518,1248272335.018,0.43948147006465355,4.185693900674666,13.638179142317131,0.8166666666666667,0.2916666666666667,2.0,0.5333333333333333,0.2015363157092199,2.125,3.9916666666666667,1,4,0.08328746557235718,0.023495024293273065,True
5,bounded_constant_velocity,1,1248272335.518,1248272395.018,0.18444895024357974,1.2295944778828682,3.7082636422095208,0.9916666666666667,0.7,2.0,0.0,0.0,3.033333333333333,2.3,2,5,0.24825406372547149,0.023495024293273065,True
5,bounded_constant_velocity,2,1248272395.518,1248272455.018,0.1975948952483202,1.6620696208168857,3.7906860348008626,0.9916666666666667,0.7833333333333333,2.0,0.05,0.27946678025652555,2.175,3.95,1,5,0.21187491118907928,0.023495024293273065,True
5,bounded_constant_velocity,3,1248272455.518,1248272515.018,0.18532112424369457,2.2674478779867457,4.714484095026767,0.9666666666666667,0.8833333333333333,2.0,0.0,0.0,2.05,3.841666666666667,1,4,0.2518040428558985,0.023495024293273065,True
5,bounded_constant_velocity,4,1248272515.518,1248272575.018,0.16720458808960134,1.6408417550178502,4.558816039495253,0.9833333333333333,0.9916666666666667,2.0,0.0,0.0,2.65,2.9166666666666665,1,5,0.2612040589253108,0.023495024293273065,True
5,bounded_constant_velocity,5,1248272575.518,1248272635.018,0.39083542910781055,4.210732952918841,13.607702218372946,0.775,0.48333333333333334,2.0,0.0,0.0,2.65,2.6,1,5,0.23131239811579388,0.023495024293273065,True
5,bounded_constant_velocity,6,1248272635.518,1248272695.018,0.2132304597703769,1.9465465294861266,6.350804651590714,0.9416666666666667,0.6166666666666667,2.0,0.1,0.22226390401339932,2.9916666666666667,2.1666666666666665,1,5,0.19436240593592327,0.023495024293273065,True
5,bounded_constant_velocity,7,1248272695.518,1248272755.018,0.18071013236558525,1.6775136650321694,5.424920298942771,0.9666666666666667,0.7333333333333333,2.0,0.0,0.0,2.7,2.8833333333333333,1,5,0.24208739002545673,0.023495024293273065,True
5,bounded_constant_velocity,8,1248272755.518,1248272815.018,0.19521942531938255,3.322726550356551,16.882812703137112,0.8166666666666667,0.6333333333333333,2.0,0.13333333333333333,0.1777310525083932,2.066666666666667,3.8916666666666666,1,3,0.19875408311684925,0.023495024293273065,True
5,bounded_constant_velocity,9,1248272815.518,1248272875.018,0.3435395463832762,2.828767436324353,12.439763559276635,0.8166666666666667,0.325,2.0,0.48333333333333334,0.3179041644053386,2.683333333333333,3.058333333333333,1,5,0.09303329288959503,0.023495024293273065,True
5,bounded_constant_velocity,10,1248272875.518,1248272935.018,0.30960354197951695,4.138612423038799,20.161857900261566,0.8,0.7333333333333333,2.0,0.125,0.23196908500100188,2.9,2.566666666666667,2,4,0.22037074267864226,0.023495024293273065,True
5,bounded_constant_velocity,11,1248272935.518,1248272995.018,0.24788638375825908,3.9926240626046305,11.530195114942192,0.8666666666666667,0.75,2.0,0.0,0.0,2.525,3.191666666666667,1,5,0.2019540766874949,0.023495024293273065,True
5,bounded_constant_velocity,12,1248272995.518,1248273055.018,0.27791814248214847,2.9843544752143356,9.599673847482318,0.9166666666666666,0.6,2.0,0.0,0.0,2.6166666666666667,2.975,1,5,0.22148324052492777,0.023495024293273065,True
5,bounded_constant_velocity,13,1248273055.518,1248273115.018,0.29227322715272847,2.8855961188480914,18.277406453280935,0.9166666666666666,0.625,2.0,0.2916666666666667,0.27949626961599977,2.875,2.925,1,5,0.17114992439746857,0.023495024293273065,True
5,bounded_constant_velocity,14,1248273115.518,1248273175.018,0.17229387415346675,1.7032372880504763,2.9279379506934395,0.975,0.8333333333333334,2.0,0.09166666666666666,0.17794719996464747,2.1666666666666665,3.3333333333333335,1,4,0.22139990826447806,0.023495024293273065,True
5,bounded_constant_velocity,15,1248273175.518,1248273235.018,0.39119751270941167,5.757560654107595,18.612803334090355,0.6666666666666666,0.875,2.0,0.0,0.0,3.275,1.7333333333333334,1,5,0.2337040623029073,0.023495024293273065,True
5,bounded_constant_velocity,16,1248273235.518,1248273295.018,0.7205110916728467,15.448896102779413,38.954711062719745,0.38333333333333336,0.7083333333333334,2.0,0.125,0.8120743221910153,2.4916666666666667,3.058333333333333,1,5,0.20164159138997395,0.023495024293273065,True
5,bounded_constant_velocity,17,1248273295.518,1248273355.018,0.2201732368005845,1.4672750034049986,5.336303781501954,0.9583333333333334,0.575,2.0,0.26666666666666666,0.2563671512171001,2.1166666666666667,4.658333333333333,1,3,0.15663743416468304,0.023495024293273065,True
5,bounded_constant_velocity,18,1248273355.518,1248273415.018,0.2803319910417316,2.667150217977259,10.054947942740647,0.8916666666666667,0.7416666666666667,2.0,0.0,0.0,2.033333333333333,4.258333333333334,1,5,0.26275823016961414,0.023495024293273065,True
5,bounded_constant_velocity,19,1248273415.518,1248273475.018,0.22537156474635306,1.878607902749864,7.529815261857047,0.9333333333333333,0.675,2.0,0.0,0.0,2.375,3.058333333333333,1,5,0.2065124084552129,0.023495024293273065,True
5,bounded_constant_velocity,20,1248273475.518,1248273535.018,0.25926631914651127,0.7939335213130129,3.7330509151975155,1.0,0.35,2.0,0.5416666666666666,0.2931068456290876,2.1166666666666667,3.3583333333333334,1,4,0.08714162011941275,0.023495024293273065,True
5,bounded_constant_velocity,21,1248273535.518,1248273595.018,0.31013089960411,2.689396475144684,7.6830239922171035,0.9083333333333333,0.5916666666666667,2.0,0.21666666666666667,0.18607308701507166,2.841666666666667,2.6083333333333334,1,5,0.18380825916926066,0.023495024293273065,True
5,bounded_constant_velocity,22,1248273595.518,1248273655.018,0.6279029919569142,9.333526212588719,27.0349767900839,0.38333333333333336,1.0,2.0,0.0,0.0,3.2,1.8,1,5,0.26573738853136697,0.023495024293273065,True
5,bounded_constant_velocity,23,1248273655.518,1248273715.018,0.1912519539907076,0.6248163615086864,0.8197019422115054,1.0,1.0,2.0,0.0,0.0,2.1166666666666667,3.55,1,4,0.27283738752206166,0.023495024293273065,True
1,bounded_measured_acceleration,0,1248272275.518,1248272335.018,0.15400543481741494,0.6414080280738443,1.2122706459086179,1.0,0.39166666666666666,2.0,0.0,0.0,2.125,3.9916666666666667,1,4,0.15900409519672393,0.024512515626459692,True
1,bounded_measured_acceleration,1,1248272335.518,1248272395.018,0.09844353036011542,0.5932175092462093,1.444997399673322,1.0,0.675,2.0,0.0,0.0,3.033333333333333,2.3,2,5,0.15334575374921164,0.024512515626459692,True
1,bounded_measured_acceleration,2,1248272395.518,1248272455.018,0.31393031144517175,1.0735931187207568,3.7828822892089375,0.9916666666666667,0.175,2.0,0.525,0.17052861331481772,2.175,3.95,1,5,0.11637078921000163,0.024512515626459692,True
1,bounded_measured_acceleration,3,1248272455.518,1248272515.018,0.19683024434768323,1.499009994070962,4.443418714826745,1.0,0.6916666666666667,2.0,0.0,0.0,2.05,3.841666666666667,1,4,0.24151656826337178,0.024512515626459692,True
1,bounded_measured_acceleration,4,1248272515.518,1248272575.018,0.3112514758678305,3.1161608608979283,10.317996555318048,0.7416666666666667,0.925,2.0,0.0,0.0,2.65,2.9166666666666665,1,5,0.23941656053066254,0.024512515626459692,True
1,bounded_measured_acceleration,5,1248272575.518,1248272635.018,0.4223818306874943,3.7502197698206667,16.01699226562948,0.7833333333333333,0.6,2.0,0.03333333333333333,0.1904034288285506,2.65,2.6,1,5,0.21442491114139556,0.024512515626459692,True
1,bounded_measured_acceleration,6,1248272635.518,1248272695.018,2.903438675530476,255.6589935599198,1049.5801239564548,0.25,0.23333333333333334,2.0,0.05,1.1993638556133983,2.9916666666666667,2.1666666666666665,1,5,0.20466242134571075,0.024512515626459692,True
1,bounded_measured_acceleration,7,1248272695.518,1248272755.018,1.4184402728514487,76.9190389717272,342.9232687448428,0.45,0.35833333333333334,2.0,0.475,1.0540253295385855,2.7,2.8833333333333333,1,5,0.08584995766480764,0.024512515626459692,True
1,bounded_measured_acceleration,8,1248272755.518,1248272815.018,0.20375365683889762,0.5352145040939746,1.9531159096640898,1.0,0.35833333333333334,2.0,0.31666666666666665,0.25499975355003845,2.066666666666667,3.8916666666666666,1,3,0.09082495470841725,0.024512515626459692,True
1,bounded_measured_acceleration,9,1248272815.518,1248272875.018,0.256556117439972,0.8650249801450958,2.0572146040517794,1.0,0.4583333333333333,2.0,0.18333333333333332,0.26363384152339053,2.683333333333333,3.058333333333333,1,5,0.1564457654953003,0.024512515626459692,True
1,bounded_measured_acceleration,10,1248272875.518,1248272935.018,0.3362879545259022,2.1309141175372224,13.419907427331122,0.8666666666666667,0.2833333333333333,2.0,0.3,0.20485338911721995,2.9,2.566666666666667,2,4,0.13857077757517497,0.024512515626459692,True
1,bounded_measured_acceleration,11,1248272935.518,1248272995.018,0.4127019331891233,3.4239913645364584,9.294053330006847,0.7916666666666666,0.7083333333333334,2.0,0.0,0.0,2.525,3.191666666666667,1,5,0.24722073177496592,0.024512515626459692,True
1,bounded_measured_acceleration,12,1248272995.518,1248273055.018,0.2862028141550163,3.0232197588430183,6.562866061684863,0.9166666666666666,0.8833333333333333,2.0,0.0,0.0,2.6166666666666667,2.975,1,5,0.23692073325316113,0.024512515626459692,True
1,bounded_measured_acceleration,13,1248273055.518,1248273115.018,0.11082572930745947,0.5189156013128277,1.5316795608070755,1.0,0.6333333333333333,2.0,0.1,0.11923112602010834,2.875,2.925,1,5,0.16844160159428914,0.024512515626459692,True
1,bounded_measured_acceleration,14,1248273115.518,1248273175.018,0.1366861512059926,0.3353455065785198,1.1512540018477615,1.0,0.5416666666666666,2.0,0.1,0.20300715591881474,2.1666666666666665,3.3333333333333335,1,4,0.2024249146382014,0.024512515626459692,True
1,bounded_measured_acceleration,15,1248273175.518,1248273235.018,0.24676154997426308,0.56248582463752,1.406944764259317,1.0,0.5,2.0,0.3333333333333333,0.3915933632534841,3.275,1.7333333333333334,1,5,0.1322124401728312,0.024512515626459692,True
1,bounded_measured_acceleration,16,1248273235.518,1248273295.018,0.34395024230231436,3.076375793445222,15.592157313466952,0.7916666666666666,0.4166666666666667,2.0,0.49166666666666664,0.1174385011187834,2.4916666666666667,3.058333333333333,1,5,0.11717911660671235,0.024512515626459692,True
1,bounded_measured_acceleration,17,1248273295.518,1248273355.018,0.16767379962266593,1.1202232711634024,2.7202890452507194,0.975,0.75,2.0,0.041666666666666664,0.18051967703811447,2.1166666666666667,4.658333333333333,1,3,0.19559575617313385,0.024512515626459692,True
1,bounded_measured_acceleration,18,1248273355.518,1248273415.018,0.20243694521251884,1.7614369699992722,6.441670104345818,0.9333333333333333,0.8916666666666667,2.0,0.0,0.0,2.033333333333333,4.258333333333334,1,5,0.2322623978058497,0.024512515626459692,True
1,bounded_measured_acceleration,19,1248273415.518,1248273475.018,0.36445482838699306,3.507144037016528,14.132747548534928,0.8083333333333333,0.5166666666666667,2.0,0.30833333333333335,0.39363272514595526,2.375,3.058333333333333,1,5,0.13264995018641154,0.024512515626459692,True
1,bounded_measured_acceleration,20,1248273475.518,1248273535.018,0.29731988314827956,1.3574142806541845,6.245050506510847,0.9416666666666667,0.44166666666666665,2.0,0.125,0.5800318130307778,2.1166666666666667,3.3583333333333334,1,4,0.20154990355173746,0.024512515626459692,True
1,bounded_measured_acceleration,21,1248273535.518,1248273595.018,0.38221428848198075,0.8455568728271866,2.330286406223842,1.0,0.23333333333333334,2.0,0.35,0.5541463959366123,2.841666666666667,2.6083333333333334,1,5,0.11249162157376608,0.024512515626459692,True
1,bounded_measured_acceleration,22,1248273595.518,1248273655.018,0.25297135471065596,0.7989836231053982,1.9690194202031792,1.0,0.5166666666666667,2.0,0.3,0.39769185288919223,3.2,1.8,1,5,0.13089576760927837,0.024512515626459692,True
1,bounded_measured_acceleration,23,1248273655.518,1248273715.018,0.19435573412327944,2.784598859582753,12.479281133329419,0.9,0.7833333333333333,2.0,0.075,0.22864997054319308,2.1166666666666667,3.55,1,4,0.21870824098587036,0.024512515626459692,True
2,bounded_measured_acceleration,0,1248272275.518,1248272335.018,0.18113256732087676,1.4668554104336147,5.514267642222762,0.975,0.7833333333333333,2.0,0.0,0.0,2.125,3.9916666666666667,1,4,0.22831657131512959,0.026182088544980314,True
2,bounded_measured_acceleration,1,1248272335.518,1248272395.018,0.15807242431227725,0.9494760454618674,3.409652652246182,0.9833333333333333,0.725,2.0,0.0,0.0,3.033333333333333,2.3,2,5,0.1937540868918101,0.026182088544980314,True
2,bounded_measured_acceleration,2,1248272395.518,1248272455.018,0.5303951755304016,3.588782524272065,9.411051829904446,0.8333333333333334,0.30833333333333335,2.0,0.4166666666666667,0.5769186064422246,2.175,3.95,1,5,0.0948041170835495,0.026182088544980314,True
2,bounded_measured_acceleration,3,1248272455.518,1248272515.018,0.305734746519172,2.5609968400095227,5.361149297156531,0.9916666666666667,0.6833333333333333,2.0,0.0,0.0,2.05,3.841666666666667,1,4,0.20950408577919005,0.026182088544980314,True
2,bounded_measured_acceleration,4,1248272515.518,1248272575.018,0.18379815099586339,1.0939507877905015,3.175637248142955,1.0,0.575,2.0,0.0,0.0,2.65,2.9166666666666665,1,5,0.2251874069372813,0.026182088544980314,True
2,bounded_measured_acceleration,5,1248272575.518,1248272635.018,0.13359060474466466,1.1641336856307911,2.7600470937835637,1.0,0.85,2.0,0.0,0.0,2.65,2.6,1,5,0.24070822596549987,0.026182088544980314,True
2,bounded_measured_acceleration,6,1248272635.518,1248272695.018,0.2800145781466661,2.8541695158450144,14.716892877660277,0.8583333333333333,0.7833333333333333,2.0,0.0,0.0,2.9916666666666667,2.1666666666666665,1,5,0.20590824484825135,0.026182088544980314,True
2,bounded_measured_acceleration,7,1248272695.518,1248272755.018,0.17327897429615355,1.6572377723040626,4.624818672762019,0.975,0.6333333333333333,2.0,0.10833333333333334,0.12251863863625495,2.7,2.8833333333333333,1,5,0.15132909615834553,0.026182088544980314,True
2,bounded_measured_acceleration,8,1248272755.518,1248272815.018,0.17623103684262356,1.3327444991504118,4.643381739113023,0.9916666666666667,0.6916666666666667,2.0,0.0,0.0,2.066666666666667,3.8916666666666666,1,3,0.2161457320054372,0.026182088544980314,True
2,bounded_measured_acceleration,9,1248272815.518,1248272875.018,0.1405799469953719,1.0607368315624395,3.042753376037441,1.0,0.775,2.0,0.0,0.0,2.683333333333333,3.058333333333333,1,5,0.22924157281716664,0.026182088544980314,True
2,bounded_measured_acceleration,10,1248272875.518,1248272935.018,0.19238893158249876,1.6344201405136516,4.828463947887711,0.9833333333333333,0.8333333333333334,2.0,0.0,0.0,2.9,2.566666666666667,2,4,0.22733323375384012,0.026182088544980314,True
2,bounded_measured_acceleration,11,1248272935.518,1248272995.018,0.36231973388868716,1.3825167873249815,6.696290561162806,0.9333333333333333,0.4166666666666667,2.0,0.48333333333333334,0.4514072223118596,2.525,3.191666666666667,1,5,0.12035411993662516,0.026182088544980314,True
2,bounded_measured_acceleration,12,1248272995.518,1248273055.018,0.12252279234286902,0.5627003654441026,2.125305012581698,1.0,0.5,2.0,0.0,0.0,2.6166666666666667,2.975,1,5,0.2457790692647298,0.026182088544980314,True
2,bounded_measured_acceleration,13,1248273055.518,1248273115.018,0.25415873019525365,2.6768711857586895,8.444616372899796,0.9,0.7166666666666667,2.0,0.0,0.0,2.875,2.925,1,5,0.21292490363121033,0.026182088544980314,True
2,bounded_measured_acceleration,14,1248273115.518,1248273175.018,0.22700026009387672,1.9144380243498484,5.912032343357896,0.95,0.6666666666666666,2.0,0.0,0.0,2.1666666666666665,3.3333333333333335,1,4,0.23082489868005115,0.026182088544980314,True
2,bounded_measured_acceleration,15,1248273175.518,1248273235.018,0.21273957656483453,1.4078986310707677,3.3471931239339545,0.9833333333333333,0.5916666666666667,2.0,0.13333333333333333,0.3414078339341703,3.275,1.7333333333333334,1,5,0.16100826462109882,0.026182088544980314,True
2,bounded_measured_acceleration,16,1248273235.518,1248273295.018,0.22499445636905482,4.007309810491829,16.45445690518604,0.7916666666666666,0.7833333333333333,2.0,0.08333333333333333,0.18584904325076376,2.4916666666666667,3.058333333333333,1,5,0.2215207388003667,0.026182088544980314,True
2,bounded_measured_acceleration,17,1248273295.518,1248273355.018,0.13890476650824107,0.5738479648279623,2.5909760384298126,1.0,0.2916666666666667,2.0,0.275,0.10625615536240565,2.1166666666666667,4.658333333333333,1,3,0.10774162213007608,0.026182088544980314,True
2,bounded_measured_acceleration,18,1248273355.518,1248273415.018,0.33354648762534184,2.149965785737969,8.025351822637047,0.9,0.4666666666666667,2.0,0.041666666666666664,0.3440072077826817,2.033333333333333,4.258333333333334,1,5,0.2145290752251943,0.026182088544980314,True
2,bounded_measured_acceleration,19,1248273415.518,1248273475.018,0.1940007195629955,1.6679744951279338,4.028982170222045,1.0,0.875,2.0,0.0,0.0,2.375,3.058333333333333,1,5,0.24338740309079487,0.026182088544980314,True
2,bounded_measured_acceleration,20,1248273475.518,1248273535.018,0.17673377588008832,1.6913752004527731,4.721792055530804,0.9666666666666667,0.8333333333333334,2.0,0.0,0.0,2.1166666666666667,3.3583333333333334,1,4,0.2160665770371755,0.026182088544980314,True
2,bounded_measured_acceleration,21,1248273535.518,1248273595.018,0.5265103937151441,2.4251381499380336,14.439202366910447,0.9083333333333333,0.25,2.0,0.06666666666666667,0.5754425727664101,2.841666666666667,2.6083333333333334,1,5,0.17583741943041484,0.026182088544980314,True
2,bounded_measured_acceleration,22,1248273595.518,1248273655.018,0.4589528723237285,4.437987770005596,32.95411761291506,0.875,0.8166666666666667,2.0,0.0,0.0,3.2,1.8,1,5,0.2127249002456665,0.026182088544980314,True
2,bounded_measured_acceleration,23,1248273655.518,1248273715.018,0.5113707481678237,5.881018583871878,19.08822177800205,0.5916666666666667,0.5333333333333333,2.0,0.025,0.20829179498922176,2.1166666666666667,3.55,1,4,0.2261874089638392,0.026182088544980314,True
3,bounded_measured_acceleration,0,1248272275.518,1248272335.018,0.15297746839429602,0.9874300534439133,2.6712848729507166,0.9833333333333333,0.75,2.0,0.0,0.0,2.125,3.9916666666666667,1,4,0.20324574410915375,0.026096807298017666,True
3,bounded_measured_acceleration,1,1248272335.518,1248272395.018,0.1721987474121707,0.9345322633122285,3.3638039948065157,0.9916666666666667,0.7083333333333334,2.0,0.041666666666666664,0.14898068977501386,3.033333333333333,2.3,2,5,0.1977957457304001,0.026096807298017666,True
3,bounded_measured_acceleration,2,1248272395.518,1248272455.018,0.20732653279461472,2.0068090265337974,9.35461823417655,0.9083333333333333,0.725,2.0,0.15,0.17752368232618493,2.175,3.95,1,5,0.19571658273537954,0.026096807298017666,True
3,bounded_measured_acceleration,3,1248272455.518,1248272515.018,0.23852758520190684,2.5840263100880265,6.640458743531156,0.9333333333333333,0.5666666666666667,2.0,0.225,0.299825038125212,2.05,3.841666666666667,1,4,0.15895826121171316,0.026096807298017666,True
3,bounded_measured_acceleration,4,1248272515.518,1248272575.018,0.24721147111001893,2.405618001194034,8.861075416587939,0.9,0.8333333333333334,2.0,0.0,0.0,2.65,2.9166666666666665,1,5,0.2386915723482768,0.026096807298017666,True
3,bounded_measured_acceleration,5,1248272575.518,1248272635.018,0.3538871514951551,2.3490702706030446,7.23582717756134,0.875,0.6833333333333333,2.0,0.0,0.0,2.65,2.6,1,5,0.20643741091092427,0.026096807298017666,True
3,bounded_measured_acceleration,6,1248272635.518,1248272695.018,0.23916791898752185,2.257665338567887,10.909398175800556,0.8916666666666667,0.7083333333333334,2.0,0.06666666666666667,0.16102270531874352,2.9916666666666667,2.1666666666666665,1,5,0.19128741721312206,0.026096807298017666,True
3,bounded_measured_acceleration,7,1248272695.518,1248272755.018,0.18873825184277598,1.6036232284742786,9.579013829692359,0.9,0.6416666666666667,2.0,0.058333333333333334,0.17003549223246792,2.7,2.8833333333333333,1,5,0.21240407327810923,0.026096807298017666,True
3,bounded_measured_acceleration,8,1248272755.518,1248272815.018,0.3476900888384021,1.391012478447478,5.506741030740361,0.9583333333333334,0.25,2.0,0.4,0.2614223810175711,2.066666666666667,3.8916666666666666,1,3,0.11517494916915894,0.026096807298017666,True
3,bounded_measured_acceleration,9,1248272815.518,1248272875.018,0.2801410791339666,2.4542215142827315,7.802970038034711,0.8916666666666667,0.7916666666666666,2.0,0.0,0.0,2.683333333333333,3.058333333333333,1,5,0.2632248908281326,0.026096807298017666,True
3,bounded_measured_acceleration,10,1248272875.518,1248272935.018,0.25305259765079247,2.622507714691138,8.279968409786,0.8333333333333334,0.6916666666666667,2.0,0.14166666666666666,0.12374263369738418,2.9,2.566666666666667,2,4,0.18894992470741273,0.026096807298017666,True
3,bounded_measured_acceleration,11,1248272935.518,1248272995.018,0.16182020702447433,1.0850077801750748,4.828878425694571,0.975,0.6833333333333333,2.0,0.0,0.0,2.525,3.191666666666667,1,5,0.236604047815005,0.026096807298017666,True
3,bounded_measured_acceleration,12,1248272995.518,1248273055.018,0.26570880087689747,2.3130964058556254,8.658614332419898,0.8916666666666667,0.9583333333333334,2.0,0.0,0.0,2.6166666666666667,2.975,1,5,0.27084572513898214,0.026096807298017666,True
3,bounded_measured_acceleration,13,1248273055.518,1248273115.018,0.16526051271585987,0.6138530841835587,2.275163320629609,1.0,0.35833333333333334,2.0,0.3,0.20086382562311822,2.875,2.925,1,5,0.15085826913515726,0.026096807298017666,True
3,bounded_measured_acceleration,14,1248273115.518,1248273175.018,0.47056231158782,3.4579204136297026,12.48341583399922,0.85,0.425,2.0,0.35,0.5964825268694299,2.1666666666666665,3.3333333333333335,1,4,0.1317249447107315,0.026096807298017666,True
3,bounded_measured_acceleration,15,1248273175.518,1248273235.018,0.21168412345249543,1.6402254083735803,5.2983985995578635,0.9666666666666667,0.925,2.0,0.0,0.0,3.275,1.7333333333333334,1,5,0.26360404789447783,0.026096807298017666,True
3,bounded_measured_acceleration,16,1248273235.518,1248273295.018,0.251631925508991,1.991993435629428,8.485707253396575,0.9083333333333333,0.5416666666666666,2.0,0.075,0.22922908270573686,2.4916666666666667,3.058333333333333,1,5,0.20480408171812695,0.026096807298017666,True
3,bounded_measured_acceleration,17,1248273295.518,1248273355.018,0.26865136293078107,3.622744780093224,12.584741574316967,0.7916666666666666,0.7583333333333333,2.0,0.0,0.0,2.1166666666666667,4.658333333333333,1,3,0.23945406874020894,0.026096807298017666,True
3,bounded_measured_acceleration,18,1248273355.518,1248273415.018,0.19635010566806615,1.55289104916336,4.4797174970443985,0.975,0.875,2.0,0.0,0.0,2.033333333333333,4.258333333333334,1,5,0.23017073074976604,0.026096807298017666,True
3,bounded_measured_acceleration,19,1248273415.518,1248273475.018,0.2225752606104549,3.055571608426726,9.586885958483014,0.8583333333333333,0.9583333333333334,2.0,0.0,0.0,2.375,3.058333333333333,1,5,0.24774988989035288,0.026096807298017666,True
3,bounded_measured_acceleration,20,1248273475.518,1248273535.018,0.24953986291898325,3.0179439066503115,8.895159071617668,0.8666666666666667,0.8916666666666667,2.0,0.0,0.0,2.1166666666666667,3.3583333333333334,1,4,0.2370082378387451,0.026096807298017666,True
3,bounded_measured_acceleration,21,1248273535.518,1248273595.018,0.30212575539291453,1.883517316836362,8.518660048458166,0.9333333333333333,0.6166666666666667,2.0,0.21666666666666667,0.31714339476688674,2.841666666666667,2.6083333333333334,1,5,0.17273326714833578,0.026096807298017666,True
3,bounded_measured_acceleration,22,1248273595.518,1248273655.018,0.1698255621451555,1.8424877882609354,4.8906086253859025,0.975,1.0,2.0,0.0,0.0,3.2,1.8,1,5,0.26255405247211455,0.026096807298017666,True
3,bounded_measured_acceleration,23,1248273655.518,1248273715.018,0.5884826449310361,7.340184579181143,21.310697782310008,0.5666666666666667,0.8666666666666667,2.0,0.0,0.0,2.1166666666666667,3.55,1,4,0.2271624058485031,0.026096807298017666,True
4,bounded_measured_acceleration,0,1248272275.518,1248272335.018,0.23453139058353634,1.3116814596610282,3.7788037325455877,0.9833333333333333,0.4083333333333333,2.0,0.2,0.3027811313683004,2.125,3.9916666666666667,1,4,0.13644577364126842,0.025761633665145684,True
4,bounded_measured_acceleration,1,1248272335.518,1248272395.018,0.15844523760003112,0.7679111712449526,2.396689380554214,1.0,0.4583333333333333,2.0,0.325,0.21135834047007707,3.033333333333333,2.3,2,5,0.11190411448478699,0.025761633665145684,True
4,bounded_measured_acceleration,2,1248272395.518,1248272455.018,1.0249717384255184,3.693915270035858,13.64438536294189,0.725,0.225,2.0,0.08333333333333333,0.11011549608831132,2.175,3.95,1,5,0.15996242264906566,0.025761633665145684,True
4,bounded_measured_acceleration,3,1248272455.518,1248272515.018,4.318415784997134,61.90963289657096,99.0115893429262,0.0,0.15,2.0,0.14166666666666666,4.196699002374478,2.05,3.841666666666667,1,4,0.15459159910678863,0.025761633665145684,True
4,bounded_measured_acceleration,4,1248272515.518,1248272575.018,6.309959305726647,351.1161387612473,1662.9628523891404,0.0,0.06666666666666667,2.0,0.375,6.102384502264858,2.65,2.9166666666666665,1,5,0.07738746404647827,0.025761633665145684,True
4,bounded_measured_acceleration,5,1248272575.518,1248272635.018,3.8394729967514474,403.2853997336775,1602.2257996295712,0.0,0.2,2.0,0.18333333333333332,4.603271069239899,2.65,2.6,1,5,0.08473329246044159,0.025761633665145684,True
4,bounded_measured_acceleration,6,1248272635.518,1248272695.018,0.6016049447438294,7.695076201632119,35.31858169779814,0.6166666666666667,0.675,2.0,0.15,0.2193829515951211,2.9916666666666667,2.1666666666666665,1,5,0.1937540849049886,0.025761633665145684,True
4,bounded_measured_acceleration,7,1248272695.518,1248272755.018,0.40368707204963433,3.7283852451691244,11.407058907749876,0.7833333333333333,0.5666666666666667,2.0,0.13333333333333333,0.3394628878210425,2.7,2.8833333333333333,1,5,0.19909159044424693,0.025761633665145684,True
4,bounded_measured_acceleration,8,1248272755.518,1248272815.018,0.47945633639995233,4.672251576638176,13.518799381151249,0.7083333333333334,0.6666666666666666,2.0,0.0,0.0,2.066666666666667,3.8916666666666666,1,3,0.2169999063014984,0.025761633665145684,True
4,bounded_measured_acceleration,9,1248272815.518,1248272875.018,0.3977440047588379,2.5417926025701214,5.733276059490031,0.9666666666666667,0.55,2.0,0.15833333333333333,0.2749193813473498,2.683333333333333,3.058333333333333,1,5,0.15021244585514068,0.025761633665145684,True
4,bounded_measured_acceleration,10,1248272875.518,1248272935.018,0.1789468535320193,0.6882533979228178,2.395816448835293,1.0,0.25833333333333336,2.0,0.21666666666666667,0.20544838215730715,2.9,2.566666666666667,2,4,0.12158744335174561,0.025761633665145684,True
4,bounded_measured_acceleration,11,1248272935.518,1248272995.018,0.41391946665875323,0.8150920739635796,1.9238858350171357,1.0,0.06666666666666667,2.0,0.85,0.4384090830620218,2.525,3.191666666666667,1,5,0.017574992775917054,0.025761633665145684,True
4,bounded_measured_acceleration,12,1248272995.518,1248273055.018,0.27437984144652394,2.706633132343847,9.445321513412647,0.9083333333333333,0.6916666666666667,2.0,0.0,0.0,2.6166666666666667,2.975,1,5,0.2069915811220805,0.025761633665145684,True
4,bounded_measured_acceleration,13,1248273055.518,1248273115.018,0.29337916140561887,2.7386842765815795,8.901456915549137,0.8916666666666667,0.575,2.0,0.14166666666666666,0.2336457616340476,2.875,2.925,1,5,0.16157909631729125,0.025761633665145684,True
4,bounded_measured_acceleration,14,1248273115.518,1248273175.018,0.22166971893003892,0.8138941003324338,2.43499012442032,1.0,0.24166666666666667,2.0,0.4083333333333333,0.25296021026088905,2.1666666666666665,3.3333333333333335,1,4,0.055533302823702495,0.025761633665145684,True
4,bounded_measured_acceleration,15,1248273175.518,1248273235.018,0.34074254835068535,2.418853936315178,6.244046130320107,0.925,0.875,2.0,0.0,0.0,3.275,1.7333333333333334,1,5,0.23592907190322876,0.025761633665145684,True
4,bounded_measured_acceleration,16,1248273235.518,1248273295.018,0.23906875383319434,1.3000425386741563,2.6394711596348497,0.9916666666666667,0.44166666666666665,2.0,0.2833333333333333,0.28675844089184016,2.4916666666666667,3.058333333333333,1,5,0.10709161559740703,0.025761633665145684,True
4,bounded_measured_acceleration,17,1248273295.518,1248273355.018,0.14559840594107223,0.9246212172841398,2.334810423567298,1.0,0.775,2.0,0.03333333333333333,0.16256295222662334,2.1166666666666667,4.658333333333333,1,3,0.1954707423845927,0.025761633665145684,True
4,bounded_measured_acceleration,18,1248273355.518,1248273415.018,0.39508860210175556,3.184824171531341,13.707309737658619,0.875,0.39166666666666666,2.0,0.19166666666666668,0.46142101071545755,2.033333333333333,4.258333333333334,1,5,0.16190410256385804,0.025761633665145684,True
4,bounded_measured_acceleration,19,1248273415.518,1248273475.018,0.18566113003699974,1.021198039369036,3.213279688164376,1.0,0.6,2.0,0.008333333333333333,0.24992684368706505,2.375,3.058333333333333,1,5,0.1908290833234787,0.025761633665145684,True
4,bounded_measured_acceleration,20,1248273475.518,1248273535.018,0.45522531768598484,0.5291967481341614,1.1027698689868957,1.0,0.025,1.0,0.8916666666666667,0.4760315939987856,2.1166666666666667,3.3583333333333334,1,4,0.006991664568583171,0.025761633665145684,True
4,bounded_measured_acceleration,21,1248273535.518,1248273595.018,1.5205678632294681,186.28778526514486,1429.2049164968093,0.8333333333333334,0.43333333333333335,2.0,0.0,0.0,2.841666666666667,2.6083333333333334,1,5,0.22691240906715393,0.025761633665145684,True
4,bounded_measured_acceleration,22,1248273595.518,1248273655.018,4.59975148556574,69.84369312572761,236.28133849004485,0.0,0.0,0.0,0.95,4.621654376646661,3.2,1.8,1,5,0.0,0.025761633665145684,True
4,bounded_measured_acceleration,23,1248273655.518,1248273715.018,4.894943137039503,649.9713090111145,1306.3640681536901,0.0,0.48333333333333334,2.0,0.25833333333333336,6.058152458625359,2.1166666666666667,3.55,1,4,0.17560409208138783,0.025761633665145684,True
5,bounded_measured_acceleration,0,1248272275.518,1248272335.018,0.40998012826970326,3.714848694191016,13.04788692389452,0.825,0.2916666666666667,2.0,0.5333333333333333,0.17250709749257911,2.125,3.9916666666666667,1,4,0.08328746557235718,0.026689057286906365,True
5,bounded_measured_acceleration,1,1248272335.518,1248272395.018,0.16247390800303196,0.8871733949165623,2.491131566412374,1.0,0.7166666666666667,2.0,0.0,0.0,3.033333333333333,2.3,2,5,0.2501832286516825,0.026689057286906365,True
5,bounded_measured_acceleration,2,1248272395.518,1248272455.018,0.1882526082372954,1.3962657623888817,3.797454061471529,0.9916666666666667,0.7833333333333333,2.0,0.05,0.2835108854521226,2.175,3.95,1,5,0.2130665789047877,0.026689057286906365,True
5,bounded_measured_acceleration,3,1248272455.518,1248272515.018,0.1760317057144414,1.83518198362656,4.434536149618445,0.9833333333333333,0.8833333333333333,2.0,0.0,0.0,2.05,3.841666666666667,1,4,0.2516457090775172,0.026689057286906365,True
5,bounded_measured_acceleration,4,1248272515.518,1248272575.018,0.1980013555697224,1.8723547998980623,5.243963284743325,0.9583333333333334,0.9916666666666667,2.0,0.0,0.0,2.65,2.9166666666666665,1,5,0.26218739251295725,0.026689057286906365,True
5,bounded_measured_acceleration,5,1248272575.518,1248272635.018,0.33124122878632223,3.0708789261496183,10.857303289469534,0.8583333333333333,0.48333333333333334,2.0,0.0,0.0,2.65,2.6,1,5,0.23229156533877054,0.026689057286906365,True
5,bounded_measured_acceleration,6,1248272635.518,1248272695.018,0.18796815898875083,1.6320271134567392,6.398034414270583,0.9416666666666667,0.6333333333333333,2.0,0.1,0.07702904246053749,2.9916666666666667,2.1666666666666665,1,5,0.1962290714184443,0.026689057286906365,True
5,bounded_measured_acceleration,7,1248272695.518,1248272755.018,0.18723497668631894,1.5939657493375416,5.225771749989674,0.975,0.75,2.0,0.0,0.0,2.7,2.8833333333333333,1,5,0.24309155642986296,0.026689057286906365,True
5,bounded_measured_acceleration,8,1248272755.518,1248272815.018,0.19765227548310066,3.071920874202568,15.726513674951686,0.825,0.6333333333333333,2.0,0.13333333333333333,0.18772597502752306,2.066666666666667,3.8916666666666666,1,3,0.1977124164501826,0.026689057286906365,True
5,bounded_measured_acceleration,9,1248272815.518,1248272875.018,0.3936904508545156,2.9863699946307993,13.195762470532012,0.8083333333333333,0.325,2.0,0.48333333333333334,0.38885566999894583,2.683333333333333,3.058333333333333,1,5,0.09303329288959503,0.026689057286906365,True
5,bounded_measured_acceleration,10,1248272875.518,1248272935.018,1.461797686720212,13.73718555557057,77.21798514534977,0.26666666666666666,0.2916666666666667,2.0,0.125,0.298215111919111,2.9,2.566666666666667,2,4,0.21645824313163758,0.026689057286906365,True
5,bounded_measured_acceleration,11,1248272935.518,1248272995.018,0.3689704507097279,5.065323088339053,10.28198767835684,0.7,0.75,2.0,0.0,0.0,2.525,3.191666666666667,1,5,0.2019540766874949,0.026689057286906365,True
5,bounded_measured_acceleration,12,1248272995.518,1248273055.018,0.2585224684359413,2.2927413650858144,8.768068163274526,0.9166666666666666,0.6,2.0,0.0,0.0,2.6166666666666667,2.975,1,5,0.22148324052492777,0.026689057286906365,True
5,bounded_measured_acceleration,13,1248273055.518,1248273115.018,0.2722530706649226,2.745225554221947,18.000067107828578,0.9083333333333333,0.625,2.0,0.2916666666666667,0.21611642617124197,2.875,2.925,1,5,0.17016242444515228,0.026689057286906365,True
5,bounded_measured_acceleration,14,1248273115.518,1248273175.018,0.1727733314412727,1.841338311691384,2.532528255272364,0.9583333333333334,0.8333333333333334,2.0,0.09166666666666666,0.08856526486633942,2.1666666666666665,3.3333333333333335,1,4,0.22241240739822388,0.026689057286906365,True
5,bounded_measured_acceleration,15,1248273175.518,1248273235.018,0.3939364343335599,6.093839244303569,23.17414374172254,0.65,0.8833333333333333,2.0,0.0,0.0,3.275,1.7333333333333334,1,5,0.2357582300901413,0.026689057286906365,True
5,bounded_measured_acceleration,16,1248273235.518,1248273295.018,0.7657110241077568,15.196563533298233,38.132276166510636,0.38333333333333336,0.7083333333333334,2.0,0.125,0.886664115133406,2.4916666666666667,3.058333333333333,1,5,0.20066242516040803,0.026689057286906365,True
5,bounded_measured_acceleration,17,1248273295.518,1248273355.018,0.2040254133100329,1.3206782833742146,5.533996003302258,0.95,0.575,2.0,0.26666666666666666,0.20160980262289468,2.1166666666666667,4.658333333333333,1,3,0.15463326772054037,0.026689057286906365,True
5,bounded_measured_acceleration,18,1248273355.518,1248273415.018,0.29006235396385366,2.656909710904405,11.538046005264155,0.875,0.7333333333333333,2.0,0.0,0.0,2.033333333333333,4.258333333333334,1,5,0.26275406380494437,0.026689057286906365,True
5,bounded_measured_acceleration,19,1248273415.518,1248273475.018,0.18087440451229006,1.434544074103113,6.546617048419371,0.9333333333333333,0.675,2.0,0.0,0.0,2.375,3.058333333333333,1,5,0.2076790750026703,0.026689057286906365,True
5,bounded_measured_acceleration,20,1248273475.518,1248273535.018,0.2575558162319716,0.6265874404563168,3.161911755328114,1.0,0.35,2.0,0.5416666666666666,0.29417553368999927,2.1166666666666667,3.3583333333333334,1,4,0.08714162011941275,0.026689057286906365,True
5,bounded_measured_acceleration,21,1248273535.518,1248273595.018,0.2997509237440833,2.268402827666851,5.409014851418683,0.95,0.5916666666666667,2.0,0.21666666666666667,0.17618843757112293,2.841666666666667,2.6083333333333334,1,5,0.18278742531935374,0.026689057286906365,True
5,bounded_measured_acceleration,22,1248273595.518,1248273655.018,0.6311199795443044,8.21958958539033,19.78696645912073,0.38333333333333336,1.0,2.0,0.0,0.0,3.2,1.8,1,5,0.26377072036266325,0.026689057286906365,True
5,bounded_measured_acceleration,23,1248273655.518,1248273715.018,0.19396556232437537,0.5908433522147207,0.7857111674890664,1.0,1.0,2.0,0.0,0.0,2.1166666666666667,3.55,1,4,0.27283738752206166,0.026689057286906365,True
