algorithm,seed,position_rmse,agent_position_rmse,mean_nees,coverage95_rate,mean_nis,information_gain,spatial_diversity,estimate_disagreement,recovery_steps,messages,bytes_sent,mean_momentum,mean_momentum_change_score,mean_momentum_corroborating_agents,mean_momentum_biased_agents,momentum_fallback_rate,momentum_change_events,runtime_seconds,scenario,nees_calibration_error,coverage_calibration_error
flocking_fixed_momentum,0,0.6914843078388676,0.6772183030926373,1.7084588193700587,0.97265625,1.7172615287578985,3.7244356363939026,4.766614833502717,0.3813503899821759,,3840,737280,0.7199999999999999,0.0,0.0,0.0,0.0,0,0.7882571660447866,no_change,0.2915411806299413,0.022656250000000044
flocking_fixed_momentum,1,0.6165138659494512,0.6314553722027876,1.5821792906193468,0.98671875,1.6582326627021147,3.7387120618247573,4.765190047681833,0.3521320283065633,,3840,737280,0.7199999999999999,0.0,0.0,0.0,0.0,0,0.7752928340341896,no_change,0.4178207093806532,0.03671875000000002
flocking_fixed_momentum,2,0.615994176476509,0.6242357447585629,1.4430192570544151,0.98984375,1.5868986573292658,3.714634987748167,4.764873642736873,0.409298728524618,,3840,737280,0.7199999999999999,0.0,0.0,0.0,0.0,0,0.7725898341741413,no_change,0.5569807429455849,0.03984375000000007
flocking_fixed_momentum,3,0.6298815933049365,0.646996247750539,1.570354945957208,0.97890625,1.735372686224347,3.721317007345226,4.782287987275807,0.357748161960889,,3840,737280,0.7199999999999999,0.0,0.0,0.0,0.0,0,0.7667147920001298,no_change,0.4296450540427921,0.028906250000000022
flocking_fixed_momentum,4,0.6585006216316636,0.6608518536914192,1.641547675737002,0.971875,1.6437442811102183,3.7175012634360174,4.780491858319806,0.3982077935503715,,3840,737280,0.7199999999999999,0.0,0.0,0.0,0.0,0,0.7630864998791367,no_change,0.358452324262998,0.02187500000000009
flocking_fixed_momentum,5,0.6695097169440453,0.6822440334934208,1.7452283753242024,0.96328125,1.7948848565395725,3.728282162067206,4.76243735260566,0.3381457772182033,,3840,737280,0.7199999999999999,0.0,0.0,0.0,0.0,0,0.7741381670348346,no_change,0.2547716246757976,0.013281250000000022
flocking_fixed_momentum,6,0.6086037893929178,0.6269922734965758,1.4815291800943637,0.98203125,1.600527329607613,3.725338875873227,4.769661997782982,0.31770909013370446,,3840,737280,0.7199999999999999,0.0,0.0,0.0,0.0,0,0.7697795000858605,no_change,0.5184708199056363,0.03203125000000007
flocking_fixed_momentum,7,0.6198901659014259,0.649429542924882,1.641219420757507,0.97421875,1.6480248881005508,3.7385212954473914,4.7769484997526765,0.3383775907543272,,3840,737280,0.7199999999999999,0.0,0.0,0.0,0.0,0,0.7724682500120252,no_change,0.35878057924249296,0.024218750000000067
flocking_fixed_momentum,8,0.6388580839958946,0.6457694514614651,1.5666430532065045,0.9703125,1.7227398612835139,3.727127900014054,4.762432551475827,0.37514699422652903,,3840,737280,0.7199999999999999,0.0,0.0,0.0,0.0,0,0.768567041028291,no_change,0.43335694679349546,0.020312500000000067
flocking_fixed_momentum,9,0.6627946405855221,0.6642667797262566,1.6416980571060527,0.984375,1.826827196583708,3.727387422792802,4.786002844229481,0.36282507386116375,,3840,737280,0.7199999999999999,0.0,0.0,0.0,0.0,0,0.7669487081002444,no_change,0.35830194289394734,0.034375000000000044
flocking_guarded_momentum,0,0.6914843078388676,0.6772183030926373,1.7084588193700587,0.97265625,1.7172615287578985,3.7244356363939026,4.766614833502717,0.3813503899821759,,3840,737280,0.7199999999999999,0.10846829952713455,1.01875,0.0,1.0,0,0.7850100838113576,no_change,0.2915411806299413,0.022656250000000044
flocking_guarded_momentum,1,0.6165138659494512,0.6314553722027876,1.5821792906193468,0.98671875,1.6582326627021147,3.7387120618247573,4.765190047681833,0.3521320283065633,,3840,737280,0.7199999999999999,0.10125830789549069,0.93125,0.0,1.0,0,0.7807017089799047,no_change,0.4178207093806532,0.03671875000000002
flocking_guarded_momentum,2,0.615994176476509,0.6242357447585629,1.4430192570544151,0.98984375,1.5868986573292658,3.714634987748167,4.764873642736873,0.409298728524618,,3840,737280,0.7199999999999999,0.07811284020795457,0.74375,0.0,1.0,0,0.7967937078792602,no_change,0.5569807429455849,0.03984375000000007
flocking_guarded_momentum,3,0.6298815933049365,0.646996247750539,1.570354945957208,0.97890625,1.735372686224347,3.721317007345226,4.782287987275807,0.357748161960889,,3840,737280,0.7199999999999999,0.10674754161481421,0.975,0.0,1.0,0,0.7855960829183459,no_change,0.4296450540427921,0.028906250000000022
flocking_guarded_momentum,4,0.6585006216316636,0.6608518536914192,1.641547675737002,0.971875,1.6437442811102183,3.7175012634360174,4.780491858319806,0.3982077935503715,,3840,737280,0.7199999999999999,0.11121125660997415,0.9875,0.0,1.0,0,0.7768619998823851,no_change,0.358452324262998,0.02187500000000009
flocking_guarded_momentum,5,0.6695097169440453,0.6822440334934208,1.7452283753242024,0.96328125,1.7948848565395725,3.728282162067206,4.76243735260566,0.3381457772182033,,3840,737280,0.7199999999999999,0.128829075469518,1.15625,0.0,1.0,0,0.7757604999933392,no_change,0.2547716246757976,0.013281250000000022
flocking_guarded_momentum,6,0.6086037893929178,0.6269922734965758,1.4815291800943637,0.98203125,1.600527329607613,3.725338875873227,4.769661997782982,0.31770909013370446,,3840,737280,0.7199999999999999,0.09255499497749697,0.88125,0.0,1.0,0,0.7755220420658588,no_change,0.5184708199056363,0.03203125000000007
flocking_guarded_momentum,7,0.6696715927265988,0.6814634173747594,1.8319761731524458,0.97265625,1.6915085652638893,3.7376668316676174,4.792093038491691,0.3365002820733304,,3840,737280,0.7182499999999999,0.12119728623865589,1.1,0.0,0.9875,1,0.7776137080509216,no_change,0.16802382684755424,0.022656250000000044
flocking_guarded_momentum,8,0.6388580839958946,0.6457694514614651,1.5666430532065045,0.9703125,1.7227398612835139,3.727127900014054,4.762432551475827,0.37514699422652903,,3840,737280,0.7199999999999999,0.10660084275401763,0.99375,0.0,1.0,0,0.779870874946937,no_change,0.43335694679349546,0.020312500000000067
flocking_guarded_momentum,9,0.6627946405855221,0.6642667797262566,1.6416980571060527,0.984375,1.826827196583708,3.727387422792802,4.786002844229481,0.36282507386116375,,3840,737280,0.7199999999999999,0.11312544244823668,1.0125,0.0,1.0,0,0.7764440828468651,no_change,0.35830194289394734,0.034375000000000044
flocking_adaptive_momentum,0,0.6766365629352324,0.6884259767953507,1.8122396820562592,0.975,1.7064455274409718,3.7342810293517443,4.764308740907708,0.32971617046988183,,3840,737280,0.8511138657203908,0.0,0.0,0.0,0.0,0,0.7741594999097288,no_change,0.18776031794374082,0.025000000000000022
flocking_adaptive_momentum,1,0.6011957092496313,0.6116463861660391,1.470908926556454,0.98203125,1.6359265785927426,3.7406972633836317,4.760245103929973,0.32835941092769144,,3840,737280,0.8556683258869174,0.0,0.0,0.0,0.0,0,0.7735010839533061,no_change,0.5290910734435459,0.03203125000000007
flocking_adaptive_momentum,2,0.6432695919987049,0.6448735201322272,1.6249974095450344,0.98046875,1.7274610224480291,3.7371603092412444,4.737619489950521,0.32940945095617075,,3840,737280,0.8524792448971061,0.0,0.0,0.0,0.0,0,0.7805083331186324,no_change,0.37500259045496565,0.030468750000000044
flocking_adaptive_momentum,3,0.6852433380754585,0.6880306671841634,1.8333441423723067,0.975,1.7851919501454567,3.7369667257206927,4.754703446844341,0.3456851035346219,,3840,737280,0.8457421930947,0.0,0.0,0.0,0.0,0,0.7853774589020759,no_change,0.1666558576276933,0.025000000000000022
flocking_adaptive_momentum,4,0.6532386923017662,0.6383801144865732,1.5987301955306201,0.98203125,1.5339557091553255,3.7361035064018226,4.752663024892035,0.2951735264527662,,3840,737280,0.8665948520317226,0.0,0.0,0.0,0.0,0,0.7735033330973238,no_change,0.4012698044693799,0.03203125000000007
flocking_adaptive_momentum,5,0.6965678761335597,0.6837847930479702,1.7993803613529153,0.96875,1.7182110019604004,3.7357405771858074,4.779276202482865,0.33302814676033304,,3840,737280,0.8492763124770226,0.0,0.0,0.0,0.0,0,0.7775754169560969,no_change,0.20061963864708465,0.018750000000000044
flocking_adaptive_momentum,6,0.6336557884564146,0.6449227774309098,1.6400891066754184,0.96953125,1.6239988212896832,3.739422545348957,4.774567390546809,0.32886107346649407,,3840,737280,0.8584153199510057,0.0,0.0,0.0,0.0,0,0.7855209170375019,no_change,0.3599108933245816,0.01953125
flocking_adaptive_momentum,7,0.6554575675535379,0.6539586704982744,1.6788222194557043,0.9703125,1.6677363739662519,3.7374540330500365,4.768708000685984,0.34663248195352603,,3840,737280,0.857227482750757,0.0,0.0,0.0,0.0,0,0.7863605420570821,no_change,0.3211777805442957,0.020312500000000067
flocking_adaptive_momentum,8,0.6524061438558311,0.672543634145999,1.769346447533908,0.95546875,1.8109197355176652,3.73555360565083,4.7634910884806585,0.3368709420734749,,3840,737280,0.8415236824057427,0.0,0.0,0.0,0.0,0,0.7856159589719027,no_change,0.23065355246609198,0.005468750000000022
flocking_adaptive_momentum,9,0.6604381624587826,0.6729876557286142,1.7197099737602712,0.96875,1.8042336621027508,3.7344200225991138,4.778763312436485,0.31368241279134396,,3840,737280,0.845281960093687,0.0,0.0,0.0,0.0,0,0.7838906671386212,no_change,0.28029002623972876,0.018750000000000044
flocking_fixed_momentum,0,0.6764899893137486,0.6984706970607855,1.790001678541428,0.9671875,1.7862749704224776,3.6800323729657682,4.756292802033327,0.43170944676608436,1,3840,737280,0.7199999999999999,0.0,0.0,0.0,0.0,0,0.781943541020155,abrupt_change,0.2099983214585719,0.017187500000000022
flocking_fixed_momentum,1,0.6432679922024155,0.6546523202687062,1.622334709948421,0.9703125,1.7077801025084978,3.7083129245938764,4.766801638594888,0.43535454632871773,1,3840,737280,0.7199999999999999,0.0,0.0,0.0,0.0,0,0.7823170418851078,abrupt_change,0.3776652900515789,0.020312500000000067
flocking_fixed_momentum,2,0.6589930134955274,0.6577033471515465,1.6209096079353464,0.98125,1.6824917552741627,3.706981883375068,4.762242508389609,0.4144427995572945,3,3840,737280,0.7199999999999999,0.0,0.0,0.0,0.0,0,0.7753834999166429,abrupt_change,0.37909039206465356,0.03125
flocking_fixed_momentum,3,0.638850981409586,0.6706032804923332,1.655429150454043,0.9703125,1.8519175130758883,3.6899314231718643,4.77134483778686,0.4565016696247438,0,3840,737280,0.7199999999999999,0.0,0.0,0.0,0.0,0,0.7778386250138283,abrupt_change,0.34457084954595696,0.020312500000000067
flocking_fixed_momentum,4,0.6192227193014549,0.6703397781324897,1.6694741488183122,0.98359375,1.6870290672544954,3.687953208150836,4.7893059913856,0.4736264374138483,0,3840,737280,0.7199999999999999,0.0,0.0,0.0,0.0,0,0.773804625030607,abrupt_change,0.33052585118168776,0.03359375000000009
flocking_fixed_momentum,5,0.695620708211776,0.6942404439358004,1.789300917067603,0.9609375,1.8356925525491996,3.7089039475418653,4.7708734967324595,0.3761517966721623,1,3840,737280,0.7199999999999999,0.0,0.0,0.0,0.0,0,0.7787605000194162,abrupt_change,0.21069908293239692,0.010937500000000044
flocking_fixed_momentum,6,0.6227826920100803,0.6426983417169434,1.513774628738486,0.9875,1.6797487518259693,3.6849249827471433,4.767720385867227,0.43903650836946284,0,3840,737280,0.7199999999999999,0.0,0.0,0.0,0.0,0,0.7759336670860648,abrupt_change,0.4862253712615141,0.03750000000000009
flocking_fixed_momentum,7,0.6805719892228115,0.6918496576989248,1.8315859302065278,0.97578125,1.687921253616431,3.716103834880083,4.784489854011317,0.3767597055546111,0,3840,737280,0.7199999999999999,0.0,0.0,0.0,0.0,0,0.7717140410095453,abrupt_change,0.16841406979347218,0.02578125000000009
flocking_fixed_momentum,8,0.6094566908214321,0.6369884792366611,1.4996697103778829,0.97578125,1.7178594000427254,3.699294788691539,4.755110536453465,0.43891778073939125,0,3840,737280,0.7199999999999999,0.0,0.0,0.0,0.0,0,0.791704999981448,abrupt_change,0.5003302896221171,0.02578125000000009
flocking_fixed_momentum,9,0.7245283361112578,0.7403315421819153,2.0020337283680916,0.953125,1.9441606932901045,3.6720884010020733,4.777655504122628,0.4706605521661579,0,3840,737280,0.7199999999999999,0.0,0.0,0.0,0.0,0,0.7931007908191532,abrupt_change,0.0020337283680915696,0.0031250000000000444
flocking_guarded_momentum,0,0.6672816961566358,0.6903568761972367,1.7420396235830171,0.96796875,1.7604942819495886,3.68097439933443,4.751386230370331,0.44088940092962475,1,3840,737280,0.7182499999999998,0.10469637040654796,0.975,0.0,0.9875,1,0.7897041670512408,abrupt_change,0.2579603764169829,0.01796875000000009
flocking_guarded_momentum,1,0.6432679922024155,0.6546523202687062,1.622334709948421,0.9703125,1.7077801025084978,3.7083129245938764,4.766801638594888,0.43535454632871773,1,3840,737280,0.7199999999999999,0.09942090007327362,0.91875,0.0,1.0,0,0.7876981669105589,abrupt_change,0.3776652900515789,0.020312500000000067
flocking_guarded_momentum,2,0.6603572226389578,0.6672041639629254,1.6582085839246758,0.98125,1.693557334847562,3.706004018667117,4.751503909015276,0.4171206070444217,3,3840,737280,0.7182499999999998,0.09932918196566239,0.93125,0.0,0.9875,1,0.7822264169808477,abrupt_change,0.34179141607532415,0.03125
flocking_guarded_momentum,3,0.638850981409586,0.6706032804923332,1.655429150454043,0.9703125,1.8519175130758883,3.6899314231718643,4.77134483778686,0.4565016696247438,0,3840,737280,0.7199999999999999,0.11289627251743188,1.05625,0.0,1.0,0,0.7810937080066651,abrupt_change,0.34457084954595696,0.020312500000000067
flocking_guarded_momentum,4,0.6192227193014549,0.6703397781324897,1.6694741488183122,0.98359375,1.6870290672544954,3.687953208150836,4.7893059913856,0.4736264374138483,0,3840,737280,0.7199999999999999,0.10598126543625838,0.975,0.0,1.0,0,0.7834879579022527,abrupt_change,0.33052585118168776,0.03359375000000009
flocking_guarded_momentum,5,0.695620708211776,0.6942404439358004,1.789300917067603,0.9609375,1.8356925525491996,3.7089039475418653,4.7708734967324595,0.3761517966721623,1,3840,737280,0.7199999999999999,0.12883592847188582,1.175,0.0,1.0,0,0.7795197910163552,abrupt_change,0.21069908293239692,0.010937500000000044
flocking_guarded_momentum,6,0.6227826920100803,0.6426983417169434,1.513774628738486,0.9875,1.6797487518259693,3.6849249827471433,4.767720385867227,0.43903650836946284,0,3840,737280,0.7199999999999999,0.09605662690342945,0.93125,0.0,1.0,0,0.7831817080732435,abrupt_change,0.4862253712615141,0.03750000000000009
flocking_guarded_momentum,7,0.6923670382258006,0.6955002410289719,1.8303241978245317,0.975,1.7178342904924293,3.715716768978848,4.782806622171897,0.39737994185978226,0,3840,737280,0.7182499999999999,0.11137352547818029,1.0375,0.0,0.9875,1,0.7798822501208633,abrupt_change,0.1696758021754683,0.025000000000000022
flocking_guarded_momentum,8,0.6212312309019613,0.6578493893021424,1.6063793297823614,0.97109375,1.7608382422190694,3.698934445031573,4.7683297993406155,0.43391379763183774,0,3840,737280,0.7182499999999998,0.10515760493407193,1.00625,0.0,0.9875,1,0.7791840001009405,abrupt_change,0.3936206702176386,0.021093750000000022
flocking_guarded_momentum,9,0.7245283361112578,0.7403315421819153,2.0020337283680916,0.953125,1.9441606932901045,3.6720884010020733,4.777655504122628,0.4706605521661579,0,3840,737280,0.7199999999999999,0.13873448378403916,1.23125,0.0,1.0,0,0.7916088751517236,abrupt_change,0.0020337283680915696,0.0031250000000000444
flocking_adaptive_momentum,0,0.6793647884054208,0.7049412039451527,1.8609950322132278,0.96171875,1.72441108608608,3.7112398074849056,4.761026644958642,0.37519539568393967,0,3840,737280,0.8493957303296543,0.0,0.0,0.0,0.0,0,0.7807985839899629,abrupt_change,0.13900496778677218,0.01171875
flocking_adaptive_momentum,1,0.6685472811337942,0.6634108785390085,1.6959120514949384,0.9625,1.7243928089598626,3.7237947497991017,4.760102241637514,0.343792670393765,0,3840,737280,0.848921685216327,0.0,0.0,0.0,0.0,0,0.7857397499028593,abrupt_change,0.3040879485050616,0.012500000000000067
flocking_adaptive_momentum,2,0.6405480253122974,0.6452221854655082,1.611110282518844,0.984375,1.7298297513461278,3.7305538323834,4.731235624927462,0.3456013648934022,0,3840,737280,0.8486339808507551,0.0,0.0,0.0,0.0,0,0.7830794581677765,abrupt_change,0.3888897174811561,0.034375000000000044
flocking_adaptive_momentum,3,0.6722580359969236,0.6871212781831404,1.8204147478009047,0.98125,1.7929290603957377,3.72550571844411,4.763983867774023,0.3593927200481974,0,3840,737280,0.8457724796180379,0.0,0.0,0.0,0.0,0,0.7794845830649137,abrupt_change,0.17958525219909527,0.03125
flocking_adaptive_momentum,4,0.6148172398972338,0.6201572886833704,1.4709030696722423,0.98359375,1.5633512255492223,3.7216942299603994,4.773773080157065,0.31742020324792275,0,3840,737280,0.8646607314890209,0.0,0.0,0.0,0.0,0,0.780947667080909,abrupt_change,0.5290969303277577,0.03359375000000009
flocking_adaptive_momentum,5,0.6868690540298767,0.6883008993749948,1.7732477240537263,0.9625,1.787173043481556,3.7241632965363634,4.7838399660131,0.3565495804348274,4,3840,737280,0.8448565351619963,0.0,0.0,0.0,0.0,0,0.7776762919966131,abrupt_change,0.22675227594627367,0.012500000000000067
flocking_adaptive_momentum,6,0.6080901369852895,0.6496663091553715,1.6038772356779514,0.9703125,1.6880436179111382,3.7140265132922474,4.803634502093098,0.3651169646098121,1,3840,737280,0.8525458294315985,0.0,0.0,0.0,0.0,0,0.7799493749625981,abrupt_change,0.3961227643220486,0.020312500000000067
flocking_adaptive_momentum,7,0.6868892604909054,0.6810629274451359,1.8043157570927868,0.9625,1.7023160940895523,3.7286961446378966,4.774714455384855,0.34431584731125175,3,3840,737280,0.8534292435373654,0.0,0.0,0.0,0.0,0,0.779529542196542,abrupt_change,0.1956842429072132,0.012500000000000067
flocking_adaptive_momentum,8,0.6956239214154106,0.7208685076642707,1.9748923331691794,0.9359375,1.877284962651477,3.717655894025198,4.767218242831037,0.37939276328758204,3,3840,737280,0.8350833383119033,0.0,0.0,0.0,0.0,0,0.7767416250426322,abrupt_change,0.025107666830820552,0.014062499999999978
flocking_adaptive_momentum,9,0.7057546449125146,0.7305351586313811,1.9604825400735826,0.9546875,1.8601297376790336,3.691409522905436,4.782621983833269,0.3999634201227211,1,3840,737280,0.8400702269214001,0.0,0.0,0.0,0.0,0,0.7815374999772757,abrupt_change,0.03951745992641742,0.004687500000000067
flocking_fixed_momentum,0,0.6528115756437516,0.6726836321646181,1.6671702131033475,0.9765625,1.6934111965810903,3.688680889770911,4.7666232970745925,0.43140978656922213,0,3840,737280,0.7199999999999999,0.0,0.0,0.0,0.0,0,0.7841601660475135,gradual_change,0.33282978689665255,0.026562500000000044
flocking_fixed_momentum,1,0.6102756059423076,0.6297325386025628,1.505555682852925,0.9859375,1.6573831274273794,3.714127015824566,4.769413065908648,0.4150603671507773,1,3840,737280,0.7199999999999999,0.0,0.0,0.0,0.0,0,0.780491084093228,gradual_change,0.49444431714707493,0.03593750000000007
flocking_fixed_momentum,2,0.642254176277073,0.6460521715810368,1.5695934033378953,0.98671875,1.6365338449418523,3.7112674219319834,4.757067333251788,0.41093512096374535,0,3840,737280,0.7199999999999999,0.0,0.0,0.0,0.0,0,0.7850794580299407,gradual_change,0.4304065966621047,0.03671875000000002
flocking_fixed_momentum,3,0.6319263426882541,0.6672084198948967,1.6353431602522002,0.965625,1.7860020338119256,3.6945227418082096,4.778159106854954,0.4492616579059371,0,3840,737280,0.7199999999999999,0.0,0.0,0.0,0.0,0,0.779766958905384,gradual_change,0.36465683974779983,0.015625
flocking_fixed_momentum,4,0.5974507393094435,0.6363452690136723,1.5086581361107343,0.9953125,1.5888532397968824,3.695395095637412,4.784867501884172,0.45725089676485037,0,3840,737280,0.7199999999999999,0.0,0.0,0.0,0.0,0,0.7814989581238478,gradual_change,0.4913418638892657,0.04531250000000009
flocking_fixed_momentum,5,0.698101300552696,0.6969279320715493,1.8071207134762861,0.95625,1.8180203137906257,3.712027920231062,4.759862118748501,0.3691969421316211,1,3840,737280,0.7199999999999999,0.0,0.0,0.0,0.0,0,0.7789813329000026,gradual_change,0.1928792865237139,0.006250000000000089
flocking_fixed_momentum,6,0.6029991606454991,0.6188261719720517,1.4274252390503752,0.99765625,1.6152942169717732,3.6946552638150165,4.7665018952506735,0.4195017924357334,0,3840,737280,0.7199999999999999,0.0,0.0,0.0,0.0,0,0.777361041167751,gradual_change,0.5725747609496248,0.04765625000000007
flocking_fixed_momentum,7,0.6940473195361628,0.7000023322547857,1.852589415630036,0.978125,1.7285291933528015,3.7190685138474473,4.783058096915138,0.4111107181355537,1,3840,737280,0.7199999999999999,0.0,0.0,0.0,0.0,0,0.7837711670435965,gradual_change,0.14741058436996402,0.028125000000000067
flocking_fixed_momentum,8,0.5794516212626588,0.61465308489851,1.394338106072634,0.98515625,1.6904119794254122,3.705511512006896,4.757130706254228,0.4397320502083291,0,3840,737280,0.7199999999999999,0.0,0.0,0.0,0.0,0,0.782017125049606,gradual_change,0.6056618939273659,0.03515625
flocking_fixed_momentum,9,0.7278067658226698,0.730023965194263,1.95980756481245,0.96015625,1.909601245241301,3.6819404134475198,4.777269548082996,0.4603538559673753,1,3840,737280,0.7199999999999999,0.0,0.0,0.0,0.0,0,0.7847407499793917,gradual_change,0.04019243518755,0.010156250000000089
flocking_guarded_momentum,0,0.6528115756437516,0.6726836321646181,1.6671702131033475,0.9765625,1.6934111965810903,3.688680889770911,4.7666232970745925,0.43140978656922213,0,3840,737280,0.7199999999999999,0.10081314234632013,0.95,0.0,1.0,0,0.7925723330117762,gradual_change,0.33282978689665255,0.026562500000000044
flocking_guarded_momentum,1,0.6102756059423076,0.6297325386025628,1.505555682852925,0.9859375,1.6573831274273794,3.714127015824566,4.769413065908648,0.4150603671507773,1,3840,737280,0.7199999999999999,0.09691527956321402,0.9,0.0,1.0,0,0.8017461251001805,gradual_change,0.49444431714707493,0.03593750000000007
flocking_guarded_momentum,2,0.642254176277073,0.6460521715810368,1.5695934033378953,0.98671875,1.6365338449418523,3.7112674219319834,4.757067333251788,0.41093512096374535,0,3840,737280,0.7199999999999999,0.08637489822869862,0.825,0.0,1.0,0,0.7980732501018792,gradual_change,0.4304065966621047,0.03671875000000002
flocking_guarded_momentum,3,0.6319263426882541,0.6672084198948967,1.6353431602522002,0.965625,1.7860020338119256,3.6945227418082096,4.778159106854954,0.4492616579059371,0,3840,737280,0.7199999999999999,0.10382820357104043,0.9875,0.0,1.0,0,0.8171616669278592,gradual_change,0.36465683974779983,0.015625
flocking_guarded_momentum,4,0.5974507393094435,0.6363452690136723,1.5086581361107343,0.9953125,1.5888532397968824,3.695395095637412,4.784867501884172,0.45725089676485037,0,3840,737280,0.7199999999999999,0.09170401839917056,0.9,0.0,1.0,0,0.7919403749983758,gradual_change,0.4913418638892657,0.04531250000000009
flocking_guarded_momentum,5,0.698101300552696,0.6969279320715493,1.8071207134762861,0.95625,1.8180203137906257,3.712027920231062,4.759862118748501,0.3691969421316211,1,3840,737280,0.7199999999999999,0.13209166433258107,1.2,0.0,1.0,0,0.7824987079948187,gradual_change,0.1928792865237139,0.006250000000000089
flocking_guarded_momentum,6,0.6029991606454991,0.6188261719720517,1.4274252390503752,0.99765625,1.6152942169717732,3.6946552638150165,4.7665018952506735,0.4195017924357334,0,3840,737280,0.7199999999999999,0.08496854975301062,0.825,0.0,1.0,0,0.7808382089715451,gradual_change,0.5725747609496248,0.04765625000000007
flocking_guarded_momentum,7,0.6178891314841736,0.6496668319363399,1.6153545911430343,0.98046875,1.6411340247965485,3.7217278439933468,4.790372015923522,0.3723107841775768,0,3840,737280,0.7182499999999999,0.10411575369148052,0.99375,0.0,0.9875,1,0.7868714171927422,gradual_change,0.38464540885696574,0.030468750000000044
flocking_guarded_momentum,8,0.5794516212626588,0.61465308489851,1.394338106072634,0.98515625,1.6904119794254122,3.705511512006896,4.757130706254228,0.4397320502083291,0,3840,737280,0.7199999999999999,0.08499206139025248,0.84375,0.0,1.0,0,0.7869381660129875,gradual_change,0.6056618939273659,0.03515625
flocking_guarded_momentum,9,0.7278067658226698,0.730023965194263,1.95980756481245,0.96015625,1.909601245241301,3.6819404134475198,4.777269548082996,0.4603538559673753,1,3840,737280,0.7199999999999999,0.1358496848736835,1.1875,0.0,1.0,0,0.7872517919167876,gradual_change,0.04019243518755,0.010156250000000089
flocking_adaptive_momentum,0,0.6870410805698249,0.6912126494266445,1.7949603339178524,0.97109375,1.7135284728091953,3.7184017480474383,4.748016547986701,0.3765383293517809,0,3840,737280,0.8514612200875344,0.0,0.0,0.0,0.0,0,0.7846885840408504,gradual_change,0.20503966608214763,0.021093750000000022
flocking_adaptive_momentum,1,0.6479472963414171,0.6519375826810899,1.647583045954245,0.9703125,1.722164772207624,3.730665515826247,4.747620280353371,0.33986422629280355,0,3840,737280,0.8500207941537814,0.0,0.0,0.0,0.0,0,0.7801405829377472,gradual_change,0.3524169540457549,0.020312500000000067
flocking_adaptive_momentum,2,0.6667611698425219,0.6640338218522729,1.714294212382034,0.97578125,1.7765507947317212,3.7323236599753096,4.7310866572879275,0.32907875320632934,0,3840,737280,0.8471178623595904,0.0,0.0,0.0,0.0,0,0.7848257080186158,gradual_change,0.28570578761796606,0.02578125000000009
flocking_adaptive_momentum,3,0.6878819708953346,0.7029792876470381,1.8852206041181607,0.96484375,1.7912047311069608,3.7238280770912504,4.755068197018209,0.382423746285072,1,3840,737280,0.8454788380869871,0.0,0.0,0.0,0.0,0,0.7851025830022991,gradual_change,0.11477939588183927,0.014843750000000044
flocking_adaptive_momentum,4,0.6268186085843869,0.6292961759330771,1.5341405645456365,0.9859375,1.5377424706614495,3.724175065919367,4.792411445635684,0.29600586855923333,0,3840,737280,0.8676889293119977,0.0,0.0,0.0,0.0,0,0.7843133329879493,gradual_change,0.4658594354543635,0.03593750000000007
flocking_adaptive_momentum,5,0.6433469728785812,0.6472290942078128,1.5961766452021267,0.9828125,1.6991859261746114,3.734265733608821,4.768081179016333,0.33098977241753025,1,3840,737280,0.8525419397643338,0.0,0.0,0.0,0.0,0,0.7892977909650654,gradual_change,0.40382335479787335,0.03281250000000002
flocking_adaptive_momentum,6,0.6312187852578658,0.6526260851349625,1.6388144257505064,0.975,1.6575991499849159,3.7217747327405077,4.770294261807138,0.35034893800312544,0,3840,737280,0.8555900240357743,0.0,0.0,0.0,0.0,0,0.7846609158441424,gradual_change,0.3611855742494936,0.025000000000000022
flocking_adaptive_momentum,7,0.6462034995482958,0.6486342971794564,1.6342992366380789,0.9734375,1.6701534308657144,3.733184163911217,4.775907113658588,0.33086931100414974,0,3840,737280,0.8560281699842435,0.0,0.0,0.0,0.0,0,0.7887528750579804,gradual_change,0.36570076336192114,0.0234375
flocking_adaptive_momentum,8,0.6742529050809355,0.6776852826683264,1.754648866247114,0.96328125,1.8003373507914078,3.7251971797008467,4.758895975599039,0.34331008717955036,0,3840,737280,0.8438624829682941,0.0,0.0,0.0,0.0,0,0.7872896660119295,gradual_change,0.24535113375288597,0.013281250000000022
flocking_adaptive_momentum,9,0.7247875496679005,0.7243437807812425,1.9371216352896112,0.9578125,1.816228857244677,3.699611701485158,4.75771467670023,0.37300328324473997,0,3840,737280,0.8420756034215746,0.0,0.0,0.0,0.0,0,0.786432082997635,gradual_change,0.06287836471038877,0.0078125
flocking_fixed_momentum,0,0.6611177542305499,0.673265873377199,1.6633072319899136,0.97890625,1.819889518013327,3.7086741566193786,4.758304477973207,0.4144822798834653,1,3840,737280,0.7199999999999999,0.0,0.0,0.0,0.0,0,0.7876301670912653,repeated_changes,0.3366927680100864,0.028906250000000022
flocking_fixed_momentum,1,0.6972272153506255,0.6837890050105849,1.8293890071947214,0.965625,1.8121930961556179,3.7345776530755486,4.77837375113864,0.37743634263690323,3,3840,737280,0.7199999999999999,0.0,0.0,0.0,0.0,0,0.7811737500596792,repeated_changes,0.17061099280527858,0.015625
flocking_fixed_momentum,2,0.6154449392518945,0.6268163168317792,1.474990419550863,0.984375,1.6689886492274937,3.717924796307755,4.743381797994059,0.37925363366826154,1,3840,737280,0.7199999999999999,0.0,0.0,0.0,0.0,0,0.7825074580032378,repeated_changes,0.525009580449137,0.034375000000000044
flocking_fixed_momentum,3,0.6269419080886355,0.643081655625015,1.5957761143854585,0.9875,1.8205945659968734,3.7335954431470055,4.775028472070756,0.3447989409909388,0,3840,737280,0.7199999999999999,0.0,0.0,0.0,0.0,0,0.7858409159816802,repeated_changes,0.4042238856145415,0.03750000000000009
flocking_fixed_momentum,4,0.6370170929400608,0.658371933950332,1.6317496875786346,0.98125,1.6638521187588644,3.7128466560372124,4.784444221401823,0.4028864470351824,0,3840,737280,0.7199999999999999,0.0,0.0,0.0,0.0,0,0.7824759590439498,repeated_changes,0.3682503124213654,0.03125
flocking_fixed_momentum,5,0.6347002572528031,0.6632879478800003,1.6428145490970913,0.9703125,1.771102546021929,3.7307373144060003,4.75292117783096,0.346358848510799,0,3840,737280,0.7199999999999999,0.0,0.0,0.0,0.0,0,0.7868025000207126,repeated_changes,0.35718545090290865,0.020312500000000067
flocking_fixed_momentum,6,0.6570907616049323,0.6791443176845321,1.7287350294401165,0.9828125,1.8250735696562668,3.710882493254714,4.764881075392712,0.3722210295714977,1,3840,737280,0.7199999999999999,0.0,0.0,0.0,0.0,0,0.7843812499195337,repeated_changes,0.2712649705598835,0.03281250000000002
flocking_fixed_momentum,7,0.7158013063088599,0.7154006164126135,2.0007728075873685,0.96015625,1.7848757239099076,3.7374637323274458,4.783602060912004,0.3338208100312341,1,3840,737280,0.7199999999999999,0.0,0.0,0.0,0.0,0,0.783751874929294,repeated_changes,0.0007728075873685292,0.010156250000000089
flocking_fixed_momentum,8,0.7008844706007678,0.6933606620919927,1.8655668857653467,0.959375,1.821599886185295,3.7334292290716604,4.762664386871143,0.3748695026663581,1,3840,737280,0.7199999999999999,0.0,0.0,0.0,0.0,0,0.8115973749663681,repeated_changes,0.13443311423465332,0.009375000000000022
flocking_fixed_momentum,9,0.6895725897308235,0.6876842346888247,1.7719559829076013,0.97421875,1.9214280718692323,3.726121008229292,4.763702504902649,0.3801007202959717,0,3840,737280,0.7199999999999999,0.0,0.0,0.0,0.0,0,0.8042067920323461,repeated_changes,0.22804401709239874,0.024218750000000067
flocking_guarded_momentum,0,0.6994156303095911,0.7027449778550322,1.823312132779143,0.96875,1.8731674338293431,3.7071593262412463,4.754316813903603,0.4055813358320683,1,3840,737280,0.7164999999999999,0.12446988320259664,1.1375,0.0,0.975,2,0.7980324171949178,repeated_changes,0.17668786722085694,0.018750000000000044
flocking_guarded_momentum,1,0.6781656814147635,0.675400456482104,1.7854910662392343,0.9671875,1.7663512872627867,3.734754370584413,4.777941806079179,0.3752212799507389,3,3840,737280,0.7182499999999999,0.11977459041585878,1.0875,0.0,0.9875,1,0.7923686672002077,repeated_changes,0.21450893376076574,0.017187500000000022
flocking_guarded_momentum,2,0.6154449392518945,0.6268163168317792,1.474990419550863,0.984375,1.6689886492274937,3.717924796307755,4.743381797994059,0.37925363366826154,1,3840,737280,0.7199999999999999,0.09484750834390424,0.88125,0.0,1.0,0,0.7901074171531945,repeated_changes,0.525009580449137,0.034375000000000044
flocking_guarded_momentum,3,0.6269419080886355,0.643081655625015,1.5957761143854585,0.9875,1.8205945659968734,3.7335954431470055,4.775028472070756,0.3447989409909388,0,3840,737280,0.7199999999999999,0.1147327763250339,1.0375,0.0,1.0,0,0.8008027498144656,repeated_changes,0.4042238856145415,0.03750000000000009
flocking_guarded_momentum,4,0.6370170929400608,0.658371933950332,1.6317496875786346,0.98125,1.6638521187588644,3.7128466560372124,4.784444221401823,0.4028864470351824,0,3840,737280,0.7199999999999999,0.10826635660399617,0.975,0.0,1.0,0,0.7913157502189279,repeated_changes,0.3682503124213654,0.03125
flocking_guarded_momentum,5,0.6347002572528031,0.6632879478800003,1.6428145490970913,0.9703125,1.771102546021929,3.7307373144060003,4.75292117783096,0.346358848510799,0,3840,737280,0.7199999999999999,0.12285583719440804,1.0875,0.0,1.0,0,0.7954942078795284,repeated_changes,0.35718545090290865,0.020312500000000067
flocking_guarded_momentum,6,0.6790440586030697,0.6881759051921742,1.770268975569092,0.97890625,1.8546742990925371,3.7106319667292986,4.762106577201169,0.3841395271357764,1,3840,737280,0.7182499999999999,0.13060932626267566,1.14375,0.0,0.9875,1,0.7954572499729693,repeated_changes,0.2297310244309081,0.028906250000000022
flocking_guarded_momentum,7,0.7158013063088599,0.7154006164126135,2.0007728075873685,0.96015625,1.7848757239099076,3.7374637323274458,4.783602060912004,0.3338208100312341,1,3840,737280,0.7199999999999999,0.1282395105818625,1.15625,0.0,1.0,0,0.796212499961257,repeated_changes,0.0007728075873685292,0.010156250000000089
flocking_guarded_momentum,8,0.7008844706007678,0.6933606620919927,1.8655668857653467,0.959375,1.821599886185295,3.7334292290716604,4.762664386871143,0.3748695026663581,1,3840,737280,0.7199999999999999,0.12338102464055112,1.14375,0.0,1.0,0,0.7998941249679774,repeated_changes,0.13443311423465332,0.009375000000000022
flocking_guarded_momentum,9,0.6895725897308235,0.6876842346888247,1.7719559829076013,0.97421875,1.9214280718692323,3.726121008229292,4.763702504902649,0.3801007202959717,0,3840,737280,0.7199999999999999,0.14421182975945476,1.25625,0.0,1.0,0,0.7931047908496112,repeated_changes,0.22804401709239874,0.024218750000000067
flocking_adaptive_momentum,0,0.6944293071220556,0.7046160920441255,1.8661217007922901,0.9609375,1.8865175191428307,3.719880487456922,4.7495126948019575,0.38659452564595365,1,3840,737280,0.8363218084369276,0.0,0.0,0.0,0.0,0,0.788638083031401,repeated_changes,0.13387829920770988,0.010937500000000044
flocking_adaptive_momentum,1,0.6050939460806195,0.6226414988057366,1.5014684303076558,0.97734375,1.70691021904682,3.731815351697494,4.766715239492939,0.3419311422717653,0,3840,737280,0.8499272629526764,0.0,0.0,0.0,0.0,0,0.7865533749572933,repeated_changes,0.49853156969234425,0.02734375
flocking_adaptive_momentum,2,0.618134097738625,0.6458573584795849,1.5934937668673672,0.9859375,1.7447088053322048,3.725345977102644,4.740543969371589,0.3483429664722893,0,3840,737280,0.84947471519635,0.0,0.0,0.0,0.0,0,0.7815458341501653,repeated_changes,0.4065062331326328,0.03593750000000007
flocking_adaptive_momentum,3,0.6251281743770563,0.6521718790380896,1.651922223730527,0.9859375,1.8071051852927877,3.7363075588083974,4.76081279614166,0.3449637639194077,0,3840,737280,0.8431840570700071,0.0,0.0,0.0,0.0,0,0.8094363331329077,repeated_changes,0.3480777762694729,0.03593750000000007
flocking_adaptive_momentum,4,0.7433893030199727,0.7171333318349714,1.9686260494130672,0.94140625,1.8011412646625846,3.7194683615001893,4.758585122813335,0.3572534551587195,5,3840,737280,0.843487970171916,0.0,0.0,0.0,0.0,0,0.7852807908784598,repeated_changes,0.03137395058693282,0.008593749999999956
flocking_adaptive_momentum,5,0.6584668148601426,0.6796532055191216,1.7544573225124558,0.9546875,1.8123185726155904,3.7343452627704736,4.781333393771311,0.3535865032496033,2,3840,737280,0.8432204417790192,0.0,0.0,0.0,0.0,0,0.7857508750166744,repeated_changes,0.24554267748754421,0.004687500000000067
flocking_adaptive_momentum,6,0.716452292886794,0.7245244982924941,2.01359138504064,0.93671875,1.877336593753445,3.7225654277764555,4.771054856179345,0.3850557962430798,1,3840,737280,0.8374399893698816,0.0,0.0,0.0,0.0,0,0.8007350831758231,repeated_changes,0.01359138504064017,0.013281249999999911
flocking_adaptive_momentum,7,0.5981594196658032,0.6186371105510345,1.4884592418206466,0.9828125,1.6327956156950747,3.7341290704496948,4.788674119479394,0.3545929368304923,0,3840,737280,0.859068713475823,0.0,0.0,0.0,0.0,0,0.7902914171572775,repeated_changes,0.5115407581793534,0.03281250000000002
flocking_adaptive_momentum,8,0.6384162555798749,0.672180957273847,1.7544094753053912,0.95703125,1.828275858519523,3.7354395169615957,4.763961935183385,0.35019655721161014,3,3840,737280,0.8411371037392484,0.0,0.0,0.0,0.0,0,0.7858954169787467,repeated_changes,0.24559052469460885,0.007031250000000044
flocking_adaptive_momentum,9,0.7142249224483151,0.7166614438236483,1.9414468879903033,0.96640625,1.9532233878063459,3.7262476946372542,4.757478038291536,0.3045757611797201,0,3840,737280,0.8330958365612731,0.0,0.0,0.0,0.0,0,0.7815122089814395,repeated_changes,0.058553112009696706,0.016406250000000067
flocking_fixed_momentum,0,0.6742785884563874,0.7124999306735532,1.7634910467887903,0.959375,1.7384212299151085,3.6836191815892887,4.577857937173534,0.5389732630250528,3,3276,628992,0.7199999999999999,0.0,0.0,0.0,0.0,0,0.6959137090016156,mixed_dropout,0.23650895321120968,0.009375000000000022
flocking_fixed_momentum,1,0.6626519382613281,0.6840724561948507,1.6869791574627488,0.97109375,1.7495083139619225,3.712170294967644,4.490454106666094,0.4252635257522255,2,3261,626112,0.7199999999999999,0.0,0.0,0.0,0.0,0,0.7009449999313802,mixed_dropout,0.31302084253725115,0.021093750000000022
flocking_fixed_momentum,2,0.6479376828754387,0.673292960238831,1.6332411263924898,0.97421875,1.670386576062043,3.722311956972424,4.548210209969238,0.44190811777532846,3,3249,623808,0.7199999999999999,0.0,0.0,0.0,0.0,0,0.7205702918581665,mixed_dropout,0.36675887360751025,0.024218750000000067
flocking_fixed_momentum,3,0.6644647202919254,0.6736249833499636,1.603773206724308,0.9828125,1.7800128854312653,3.6985663387186447,4.558475747043865,0.5192057562385141,1,3262,626304,0.7199999999999999,0.0,0.0,0.0,0.0,0,0.7048172089271247,mixed_dropout,0.396226793275692,0.03281250000000002
flocking_fixed_momentum,4,0.7069292616557179,0.6994216785802004,1.7334341405823561,0.96015625,1.7298412581206897,3.693818853297998,4.5772289200564185,0.506998398555743,1,3283,630336,0.7199999999999999,0.0,0.0,0.0,0.0,0,0.7196877500973642,mixed_dropout,0.2665658594176439,0.010156250000000089
flocking_fixed_momentum,5,0.651315896789819,0.6670206238063277,1.574811003989057,0.97265625,1.7213802757458025,3.7200305710033232,4.584370891024209,0.46286846044826735,0,3290,631680,0.7199999999999999,0.0,0.0,0.0,0.0,0,0.7011272918898612,mixed_dropout,0.42518899601094295,0.022656250000000044
flocking_fixed_momentum,6,0.5731106239116607,0.6487505337462315,1.4680846958670546,0.98046875,1.696458711579107,3.6970174572559267,4.557517003821654,0.5290924262427537,1,3251,624192,0.7199999999999999,0.0,0.0,0.0,0.0,0,0.6960328330751508,mixed_dropout,0.5319153041329454,0.030468750000000044
flocking_fixed_momentum,7,0.5992312510061384,0.6252623043002904,1.418105938427883,0.98828125,1.5456317224727887,3.729486799774251,4.5652207631060815,0.43781300442202564,0,3265,626880,0.7199999999999999,0.0,0.0,0.0,0.0,0,0.7051999168470502,mixed_dropout,0.5818940615721171,0.038281250000000044
flocking_fixed_momentum,8,0.7304659634875212,0.7180952206865654,1.839057136792071,0.959375,1.78294823151002,3.7050839661154504,4.5768228153683665,0.458388298047608,5,3277,629184,0.7199999999999999,0.0,0.0,0.0,0.0,0,0.7215667080599815,mixed_dropout,0.16094286320792905,0.009375000000000022
flocking_fixed_momentum,9,0.6911724309207454,0.7117646496133915,1.7416544487325774,0.9703125,1.9273592983510084,3.679741834853875,4.55362952872331,0.5068221371389079,5,3248,623616,0.7199999999999999,0.0,0.0,0.0,0.0,0,0.7065660420339555,mixed_dropout,0.25834555126742265,0.020312500000000067
flocking_guarded_momentum,0,0.6742785884563874,0.7124999306735532,1.7634910467887903,0.959375,1.7384212299151085,3.6836191815892887,4.577857937173534,0.5389732630250528,3,3276,628992,0.7199999999999999,0.09084537098440537,0.75625,0.0,1.0,0,0.7131028750445694,mixed_dropout,0.23650895321120968,0.009375000000000022
flocking_guarded_momentum,1,0.6626519382613281,0.6840724561948507,1.6869791574627488,0.97109375,1.7495083139619225,3.712170294967644,4.490454106666094,0.4252635257522255,2,3261,626112,0.7199999999999999,0.07804742513012038,0.6875,0.0,1.0,0,0.7082840830553323,mixed_dropout,0.31302084253725115,0.021093750000000022
flocking_guarded_momentum,2,0.6742607473349469,0.684103385497214,1.7005657818814626,0.96953125,1.731004738724021,3.7208984211352885,4.550266354164049,0.44807061187071573,3,3243,622656,0.7182499999999998,0.08412747294339004,0.70625,0.0,0.9875,1,0.7084963750094175,mixed_dropout,0.29943421811853743,0.01953125
flocking_guarded_momentum,3,0.6644647202919254,0.6736249833499636,1.603773206724308,0.9828125,1.7800128854312653,3.6985663387186447,4.558475747043865,0.5192057562385141,1,3262,626304,0.7199999999999999,0.08498046401065382,0.7375,0.0,1.0,0,0.7059887498617172,mixed_dropout,0.396226793275692,0.03281250000000002
flocking_guarded_momentum,4,0.6991949997917699,0.7054679342950098,1.7546110399766408,0.9578125,1.690007268219571,3.6925870425793748,4.567662931746382,0.5032527685015319,1,3271,628032,0.7182499999999998,0.09265371128678661,0.78125,0.0,0.9875,1,0.7061277499888092,mixed_dropout,0.2453889600233592,0.0078125
flocking_guarded_momentum,5,0.651315896789819,0.6670206238063277,1.574811003989057,0.97265625,1.7213802757458025,3.7200305710033232,4.584370891024209,0.46286846044826735,0,3290,631680,0.7199999999999999,0.09123725435971886,0.7875,0.0,1.0,0,0.7148901659529656,mixed_dropout,0.42518899601094295,0.022656250000000044
flocking_guarded_momentum,6,0.5731106239116607,0.6487505337462315,1.4680846958670546,0.98046875,1.696458711579107,3.6970174572559267,4.557517003821654,0.5290924262427537,1,3251,624192,0.7199999999999999,0.07945488964406337,0.73125,0.0,1.0,0,0.7077589160762727,mixed_dropout,0.5319153041329454,0.030468750000000044
flocking_guarded_momentum,7,0.5992312510061384,0.6252623043002904,1.418105938427883,0.98828125,1.5456317224727887,3.729486799774251,4.5652207631060815,0.43781300442202564,0,3265,626880,0.7199999999999999,0.06027237830244083,0.51875,0.0,1.0,0,0.7079538339748979,mixed_dropout,0.5818940615721171,0.038281250000000044
flocking_guarded_momentum,8,0.7307436187743688,0.7257143005170245,1.8714906234622184,0.95234375,1.7607656023476816,3.7053621330684217,4.588758519443825,0.47091669940276226,5,3273,628416,0.7182499999999998,0.08486646368188147,0.7375,0.0,0.9875,1,0.7147773751057684,mixed_dropout,0.1285093765377816,0.002343750000000089
flocking_guarded_momentum,9,0.6955164485661427,0.7129051263966294,1.7487766855767455,0.97109375,1.9114758425324936,3.6790665433429277,4.55876553805835,0.5041467873316222,5,3260,625920,0.7182499999999998,0.10168415212717563,0.925,0.0,0.9875,1,0.7100332919508219,mixed_dropout,0.2512233144232545,0.021093750000000022
flocking_adaptive_momentum,0,0.7078758480839175,0.7272352513245316,1.8900756731044275,0.94453125,1.7770054099944708,3.7190614812023397,4.525926185624288,0.4750482215614931,3,3262,626304,0.8627277198718002,0.0,0.0,0.0,0.0,0,0.7028567499946803,mixed_dropout,0.10992432689557252,0.005468749999999911
flocking_adaptive_momentum,1,0.6513334173602485,0.6682757330765007,1.6351741549639545,0.97265625,1.6938661035334135,3.7289029379267595,4.589965087346841,0.43170089465368217,0,3252,624384,0.8659688903994397,0.0,0.0,0.0,0.0,0,0.7036498328670859,mixed_dropout,0.36482584503604554,0.022656250000000044
flocking_adaptive_momentum,2,0.6445022171661778,0.6634756390131163,1.5916526440216638,0.9859375,1.684584810538172,3.737089013351148,4.519604724065406,0.4481609095922403,0,3259,625728,0.8656190335905081,0.0,0.0,0.0,0.0,0,0.6979029159992933,mixed_dropout,0.40834735597833616,0.03593750000000007
flocking_adaptive_momentum,3,0.6714061888746545,0.6767106506114056,1.6424284799142328,0.98046875,1.7407651853755535,3.7240195748053124,4.5916459548893185,0.444560252433346,0,3288,631296,0.8637935896799547,0.0,0.0,0.0,0.0,0,0.7011564578860998,mixed_dropout,0.3575715200857672,0.030468750000000044
flocking_adaptive_momentum,4,0.6498029940975121,0.6642274403715627,1.587090135993218,0.98125,1.5718890979556224,3.7266554201930573,4.597781676500309,0.41096709910242113,0,3264,626688,0.8754734093645549,0.0,0.0,0.0,0.0,0,0.7026813328266144,mixed_dropout,0.4129098640067821,0.03125
flocking_adaptive_momentum,5,0.6751516185978034,0.6917560378413384,1.721206926741695,0.95390625,1.8109188401847667,3.7428189573755404,4.542553281197899,0.42699282879652706,1,3265,626880,0.8578273986823483,0.0,0.0,0.0,0.0,0,0.7003744589164853,mixed_dropout,0.27879307325830505,0.00390625
flocking_adaptive_momentum,6,0.6861467517074127,0.7082500133493542,1.806316997274773,0.96796875,1.7499971104687777,3.7159692965371556,4.605742419509716,0.4612989943422857,0,3261,626112,0.8594129473291158,0.0,0.0,0.0,0.0,0,0.7034262078814209,mixed_dropout,0.19368300272522698,0.01796875000000009
flocking_adaptive_momentum,7,0.6524437234828354,0.6573098206339368,1.601017339995692,0.9875,1.6448045281566075,3.743679214317674,4.559640216460357,0.38841414234086297,0,3281,629952,0.8690256204899445,0.0,0.0,0.0,0.0,0,0.7051197921391577,mixed_dropout,0.39898266000430804,0.03750000000000009
flocking_adaptive_momentum,8,0.6605184834404493,0.6858530849757714,1.7303789244932202,0.96640625,1.6864082479145117,3.7362844328900437,4.570515219678544,0.403793549289485,0,3258,625536,0.8642710762333282,0.0,0.0,0.0,0.0,0,0.7014118749648333,mixed_dropout,0.26962107550677983,0.016406250000000067
flocking_adaptive_momentum,9,0.7414026275966981,0.7316060600391909,1.847873938326429,0.959375,1.8892390217627302,3.7060330209136056,4.572467556235041,0.48628160025349965,2,3277,629184,0.8537771228672314,0.0,0.0,0.0,0.0,0,0.7130931250285357,mixed_dropout,0.1521260616735709,0.009375000000000022
flocking_fixed_momentum,0,2.878918289909186,3.3737820436020436,35.24457662389476,0.2421875,6.357876351949495,3.5521556319405363,4.038575165817186,1.3395047347945854,17,3840,737280,0.7199999999999999,0.0,0.0,0.0,0.0,0,0.824042750056833,communication_delay,33.24457662389476,0.7078125
flocking_fixed_momentum,1,2.381130511994046,2.812410500791824,24.30748909924777,0.3078125,4.989370010927603,3.628393997793232,3.97048699447407,1.1923762933654434,18,3840,737280,0.7199999999999999,0.0,0.0,0.0,0.0,0,0.8033964589703828,communication_delay,22.30748909924777,0.6421874999999999
flocking_fixed_momentum,2,2.1631300243517724,2.6551081245232835,23.473028998548042,0.26484375,4.808233541692187,3.6435131973624073,4.038620524208567,1.2672696787653983,20,3840,737280,0.7199999999999999,0.0,0.0,0.0,0.0,0,0.8022929998114705,communication_delay,21.473028998548042,0.6851562499999999
flocking_fixed_momentum,3,2.947185684172437,3.3695578659693037,35.25028867788874,0.28203125,6.066254071631812,3.569195004735873,4.401139572141182,1.1717961879538459,24,3840,737280,0.7199999999999999,0.0,0.0,0.0,0.0,0,0.7884562921244651,communication_delay,33.25028867788874,0.66796875
flocking_fixed_momentum,4,2.9578805895595686,3.4528180746598904,36.52837890364374,0.265625,6.3529253227416085,3.5590467871683544,4.17057990808833,1.257005973484024,17,3840,737280,0.7199999999999999,0.0,0.0,0.0,0.0,0,0.7922415419016033,communication_delay,34.52837890364374,0.684375
flocking_fixed_momentum,5,2.060705322118159,2.6257034234413608,23.829806406502037,0.2453125,5.072066753121291,3.6320231510805163,4.492139783837439,1.0674151441759938,17,3840,737280,0.7199999999999999,0.0,0.0,0.0,0.0,0,0.795164291979745,communication_delay,21.829806406502037,0.7046874999999999
flocking_fixed_momentum,6,3.0472544104280064,3.311117629470426,32.39238644244655,0.3546875,6.2235219374852395,3.5465175170699204,4.19710469242935,1.2397290252696274,22,3840,737280,0.7199999999999999,0.0,0.0,0.0,0.0,0,0.8053593749646097,communication_delay,30.39238644244655,0.5953124999999999
flocking_fixed_momentum,7,2.1027375199041667,2.493495859106924,20.459210108556874,0.3703125,4.54674203230565,3.624597358752601,4.120223366901179,1.065015001365363,20,3840,737280,0.7199999999999999,0.0,0.0,0.0,0.0,0,0.7954647089354694,communication_delay,18.459210108556874,0.5796874999999999
flocking_fixed_momentum,8,2.709014390965323,3.0263302257485454,30.38160426112312,0.29140625,6.025467052154633,3.6437116082822003,3.88472272065745,1.1699881037346427,20,3840,737280,0.7199999999999999,0.0,0.0,0.0,0.0,0,0.7875657498370856,communication_delay,28.38160426112312,0.65859375
flocking_fixed_momentum,9,3.2128415472103438,3.785272583208149,39.87660770945244,0.275,7.030608417472008,3.486972652579438,3.974552652280174,1.432895837568989,28,3840,737280,0.7199999999999999,0.0,0.0,0.0,0.0,0,0.7908838330768049,communication_delay,37.87660770945244,0.6749999999999999
flocking_guarded_momentum,0,2.878918289909186,3.3737820436020436,35.24457662389476,0.2421875,6.357876351949495,3.5521556319405363,4.038575165817186,1.3395047347945854,17,3840,737280,0.7199999999999999,0.5072274083644409,3.93125,0.26875,1.0,0,0.8005780829116702,communication_delay,33.24457662389476,0.7078125
flocking_guarded_momentum,1,2.381130511994046,2.812410500791824,24.30748909924777,0.3078125,4.989370010927603,3.628393997793232,3.97048699447407,1.1923762933654434,18,3840,737280,0.7199999999999999,0.41550999341737677,3.4375,0.0,1.0,0,0.7967145838774741,communication_delay,22.30748909924777,0.6421874999999999
flocking_guarded_momentum,2,2.1631300243517724,2.6551081245232835,23.473028998548042,0.26484375,4.808233541692187,3.6435131973624073,4.038620524208567,1.2672696787653983,20,3840,737280,0.7199999999999999,0.4068458898810129,3.34375,0.0625,1.0,0,0.7980740000493824,communication_delay,21.473028998548042,0.6851562499999999
flocking_guarded_momentum,3,2.947185684172437,3.3695578659693037,35.25028867788874,0.28203125,6.066254071631812,3.569195004735873,4.401139572141182,1.1717961879538459,24,3840,737280,0.7199999999999999,0.4507534607179692,3.54375,0.375,1.0,0,0.7906194578390568,communication_delay,33.25028867788874,0.66796875
flocking_guarded_momentum,4,2.9578805895595686,3.4528180746598904,36.52837890364374,0.265625,6.3529253227416085,3.5590467871683544,4.17057990808833,1.257005973484024,17,3840,737280,0.7199999999999999,0.4491433828611385,3.5625,0.15625,1.0,0,0.7897953749634326,communication_delay,34.52837890364374,0.684375
flocking_guarded_momentum,5,2.060705322118159,2.6257034234413608,23.829806406502037,0.2453125,5.072066753121291,3.6320231510805163,4.492139783837439,1.0674151441759938,17,3840,737280,0.7199999999999999,0.4575337118785147,3.66875,0.0875,1.0,0,0.8001960839610547,communication_delay,21.829806406502037,0.7046874999999999
flocking_guarded_momentum,6,3.0472544104280064,3.311117629470426,32.39238644244655,0.3546875,6.2235219374852395,3.5465175170699204,4.19710469242935,1.2397290252696274,22,3840,737280,0.7199999999999999,0.40316371149176267,2.975,0.65625,1.0,0,0.7946654588449746,communication_delay,30.39238644244655,0.5953124999999999
flocking_guarded_momentum,7,2.1027375199041667,2.493495859106924,20.459210108556874,0.3703125,4.54674203230565,3.624597358752601,4.120223366901179,1.065015001365363,20,3840,737280,0.7199999999999999,0.3557543185516293,2.98125,0.0,1.0,0,0.7971189999952912,communication_delay,18.459210108556874,0.5796874999999999
flocking_guarded_momentum,8,2.709014390965323,3.0263302257485454,30.38160426112312,0.29140625,6.025467052154633,3.6437116082822003,3.88472272065745,1.1699881037346427,20,3840,737280,0.7199999999999999,0.40465812852484995,3.375,0.0,1.0,0,0.7976881670765579,communication_delay,28.38160426112312,0.65859375
flocking_guarded_momentum,9,3.2128415472103438,3.785272583208149,39.87660770945244,0.275,7.030608417472008,3.486972652579438,3.974552652280174,1.432895837568989,28,3840,737280,0.7199999999999999,0.37426505187858494,2.9375,1.38125,1.0,0,0.7937102080322802,communication_delay,37.87660770945244,0.6749999999999999
flocking_adaptive_momentum,0,2.514830613094849,3.2059992258936445,27.925710165777456,0.29453125,5.214312237886048,3.4649481140826426,3.7550408786245475,1.4098325836181567,24,3840,737280,0.615016060491413,0.0,0.0,0.0,0.0,0,0.7937449580058455,communication_delay,25.925710165777456,0.6554687499999999
flocking_adaptive_momentum,1,2.3830851641882136,2.9434607457997926,26.783233477448817,0.2703125,5.513305744700132,3.5857073044881687,4.569657409919737,1.1971634494248842,23,3840,737280,0.6184770531149356,0.0,0.0,0.0,0.0,0,0.7904038748238236,communication_delay,24.783233477448817,0.6796875
flocking_adaptive_momentum,2,2.4223353423234446,2.7985347961108755,24.891199153362585,0.28203125,4.960733013375153,3.589837674341619,4.4251154951057465,1.2208872406547995,23,3840,737280,0.6327693868245717,0.0,0.0,0.0,0.0,0,0.8207121670711786,communication_delay,22.891199153362585,0.66796875
flocking_adaptive_momentum,3,3.0871495491562553,3.3700623749276244,31.4455553122447,0.30859375,5.885152237630277,3.4760738473014934,3.9239104312433026,1.1628440898078112,32,3840,737280,0.6041058037419016,0.0,0.0,0.0,0.0,0,0.7904313749168068,communication_delay,29.4455553122447,0.64140625
flocking_adaptive_momentum,4,2.724971095433612,3.704970335984817,32.28379627538668,0.3078125,5.829820994769341,3.391544428895166,4.344238877559816,1.474118311107873,30,3840,737280,0.6116344391534503,0.0,0.0,0.0,0.0,0,0.7863577080424875,communication_delay,30.283796275386678,0.6421874999999999
flocking_adaptive_momentum,5,2.176888242025798,2.6448814254202655,22.270834894340663,0.3265625,4.843413609236485,3.6025135151351373,4.5218556803998435,1.123349024762086,20,3840,737280,0.6416016044268398,0.0,0.0,0.0,0.0,0,0.7969715408980846,communication_delay,20.270834894340663,0.6234375
flocking_adaptive_momentum,6,3.148203990332899,3.511272664078499,32.65908559844296,0.31640625,5.8251166276466355,3.4182802867738573,4.625800348080669,1.2540974891790122,32,3840,737280,0.6178708528392367,0.0,0.0,0.0,0.0,0,0.7942322080489248,communication_delay,30.659085598442957,0.63359375
flocking_adaptive_momentum,7,1.368330037900123,2.3005142357535506,16.934287033088516,0.434375,3.916836139451088,3.6290343747664644,4.6166986931660166,1.1750714444229013,3,3840,737280,0.6970456688368736,0.0,0.0,0.0,0.0,0,0.7972222079988569,communication_delay,14.934287033088516,0.515625
flocking_adaptive_momentum,8,2.658347227907246,3.10963966100643,27.549244017861497,0.29453125,5.450071022069826,3.4718625007040003,4.424948456991448,1.324738484221824,25,3840,737280,0.6139311307674453,0.0,0.0,0.0,0.0,0,0.7969249170273542,communication_delay,25.549244017861497,0.6554687499999999
flocking_adaptive_momentum,9,3.0362240299992225,3.867065965108659,32.45419927603125,0.365625,6.432979150379427,3.3170974585823982,4.51579925397826,1.7358112350829977,33,3840,737280,0.6114936553712298,0.0,0.0,0.0,0.0,0,0.7890240831766278,communication_delay,30.454199276031247,0.584375
flocking_fixed_momentum,0,0.9597840781760879,1.0343161761517206,3.7373065502380376,0.85234375,3.865101395364961,3.66958902355245,4.835912484760959,0.6683984254040942,3,3840,737280,0.7199999999999999,0.0,0.0,0.0,0.0,0,0.79933225014247,biased_agents,1.7373065502380376,0.09765625
flocking_fixed_momentum,1,1.4666455877225102,1.550471480464752,8.992087089473689,0.66484375,4.833075124273007,3.6927293309960674,4.955759588324955,0.7961391642854163,0,3840,737280,0.7199999999999999,0.0,0.0,0.0,0.0,0,0.7966487498488277,biased_agents,6.992087089473689,0.28515625
flocking_fixed_momentum,2,1.1573504461944677,1.0131135757634746,3.566842079368822,0.88046875,3.768093445407581,3.7034489122388576,4.863696518946452,0.3723417962704502,0,3840,737280,0.7199999999999999,0.0,0.0,0.0,0.0,0,0.807417209027335,biased_agents,1.566842079368822,0.06953124999999993
flocking_fixed_momentum,3,1.5721372406745546,1.5954183598978167,9.41525867263094,0.63046875,4.6207123701406045,3.67813761244483,4.895157213028695,0.8356488518958182,0,3840,737280,0.7199999999999999,0.0,0.0,0.0,0.0,0,0.7976558341179043,biased_agents,7.415258672630941,0.31953124999999993
flocking_fixed_momentum,4,1.7783944043110909,1.7471215382014877,11.489906982779692,0.61171875,5.099562880000972,3.670624793818708,4.818433291245801,0.8091426607909327,0,3840,737280,0.7199999999999999,0.0,0.0,0.0,0.0,0,0.7961192920338362,biased_agents,9.489906982779692,0.33828125
flocking_fixed_momentum,5,0.9677287340687634,0.9683415654236279,3.3435318892576817,0.89375,3.9250698789371,3.704408130401781,4.795130040735481,0.5219789554962297,0,3840,737280,0.7199999999999999,0.0,0.0,0.0,0.0,0,0.7975134579464793,biased_agents,1.3435318892576817,0.05624999999999991
flocking_fixed_momentum,6,1.0181449229207615,1.0359564662527445,3.7210703175299984,0.8375,3.377500613811654,3.674559451689759,4.846844052624329,0.652270755002397,0,3840,737280,0.7199999999999999,0.0,0.0,0.0,0.0,0,0.7921458331402391,biased_agents,1.7210703175299984,0.11249999999999993
flocking_fixed_momentum,7,1.3087265805820594,1.4761877747169294,8.11871750449249,0.63359375,4.264354280608869,3.7008003706625976,4.94009460362515,0.797136164148075,1,3840,737280,0.7199999999999999,0.0,0.0,0.0,0.0,0,0.7952044999692589,biased_agents,6.118717504492491,0.31640625
flocking_fixed_momentum,8,1.3576285720372847,1.4707144368680551,7.73550342011107,0.6375,4.782271282592747,3.6796446779178686,4.9756024566183275,0.9344022478682319,0,3840,737280,0.7199999999999999,0.0,0.0,0.0,0.0,0,0.7911373330280185,biased_agents,5.73550342011107,0.3125
flocking_fixed_momentum,9,0.9006264859913863,0.9925089739161376,3.4828641012370705,0.88203125,3.683291080515952,3.6573165026272507,4.81853632545999,0.6008343032825401,5,3840,737280,0.7199999999999999,0.0,0.0,0.0,0.0,0,0.7907027089968324,biased_agents,1.4828641012370705,0.06796874999999991
flocking_guarded_momentum,0,0.9597840781760879,1.0343161761517206,3.7373065502380376,0.85234375,3.865101395364961,3.66958902355245,4.835912484760959,0.6683984254040942,3,3840,737280,0.7199999999999999,0.12677665351847348,0.95,1.7625,1.0,0,0.8044796248432249,biased_agents,1.7373065502380376,0.09765625
flocking_guarded_momentum,1,1.4666455877225102,1.550471480464752,8.992087089473689,0.66484375,4.833075124273007,3.6927293309960674,4.955759588324955,0.7961391642854163,0,3840,737280,0.7199999999999999,0.2561003558697822,1.40625,2.85,1.0,0,0.7983231670223176,biased_agents,6.992087089473689,0.28515625
flocking_guarded_momentum,2,1.146141218676823,1.078593460587126,4.041283740517956,0.83984375,3.6823619938140943,3.698295346868477,4.908775304945688,0.4882723365962998,1,3840,737280,0.7191249999999998,0.15934677393711877,1.05625,1.93125,0.99375,1,0.7996744581032544,biased_agents,2.0412837405179562,0.11015624999999996
flocking_guarded_momentum,3,1.469120654703282,1.551958344160666,8.87758445112307,0.6265625,4.7875895649479485,3.677190330825592,4.883477045153674,0.8362228738095123,1,3840,737280,0.7182499999999998,0.25132829230197906,1.5125,2.59375,0.9875,1,0.7951377090066671,biased_agents,6.87758445112307,0.32343749999999993
flocking_guarded_momentum,4,1.6424484975678852,1.6485848814840647,10.177591918101207,0.65703125,4.971388508030024,3.667541731935903,4.861119626249029,0.7939311102900618,0,3840,737280,0.7182499999999998,0.24981550567949706,1.5875,2.3375,0.9875,1,0.7959373330231756,biased_agents,8.177591918101207,0.29296875
flocking_guarded_momentum,5,0.9677287340687634,0.9683415654236279,3.3435318892576817,0.89375,3.9250698789371,3.704408130401781,4.795130040735481,0.5219789554962297,0,3840,737280,0.7199999999999999,0.1485143147675272,1.05,1.7625,1.0,0,0.8032387499697506,biased_agents,1.3435318892576817,0.05624999999999991
flocking_guarded_momentum,6,1.0181449229207615,1.0359564662527445,3.7210703175299984,0.8375,3.377500613811654,3.674559451689759,4.846844052624329,0.652270755002397,0,3840,737280,0.7199999999999999,0.13987407559582227,1.0125,1.75,1.0,0,0.7963227080181241,biased_agents,1.7210703175299984,0.11249999999999993
flocking_guarded_momentum,7,1.2539751803015715,1.420639279015816,7.491394056392312,0.64375,4.366892528241325,3.70142185510572,4.92322149147981,0.7876713142427694,0,3840,737280,0.7182499999999998,0.23510455097567343,1.275,2.9875,0.9875,1,0.8272648749407381,biased_agents,5.491394056392312,0.3062499999999999
flocking_guarded_momentum,8,1.3576285720372847,1.4707144368680551,7.73550342011107,0.6375,4.782271282592747,3.6796446779178686,4.9756024566183275,0.9344022478682319,0,3840,737280,0.7199999999999999,0.20051460412253364,1.0375,3.375,1.0,0,0.8046065419912338,biased_agents,5.73550342011107,0.3125
flocking_guarded_momentum,9,0.898036383142436,1.0200150437968525,3.6206280213012954,0.8625,3.750027004356775,3.6533624480814466,4.82387492266632,0.5956888358703478,5,3840,737280,0.7182499999999998,0.15593708405482404,1.1125,1.78125,0.9875,1,0.7982425407972187,biased_agents,1.6206280213012954,0.08749999999999991
flocking_adaptive_momentum,0,1.163296541536865,1.1995453190262313,5.226105464869708,0.8265625,4.181290632388122,3.655294116675081,5.354642606308273,0.4891794023766726,3,3840,737280,0.6854415829382089,0.0,0.0,0.0,0.0,0,0.8043305419851094,biased_agents,3.2261054648697076,0.12343749999999998
flocking_adaptive_momentum,1,1.3287776592022447,1.396295983524051,7.0415346139816375,0.740625,4.371677494223625,3.6915273272582083,5.081571888955926,0.6262572767148277,2,3840,737280,0.666419392327343,0.0,0.0,0.0,0.0,0,0.8077602919656783,biased_agents,5.0415346139816375,0.20937499999999998
flocking_adaptive_momentum,2,1.2281197511158173,1.22865940639939,5.381989469671753,0.78671875,4.431072759349496,3.6924768154453425,5.026191906358197,0.5443558270553591,0,3840,737280,0.6713860544012782,0.0,0.0,0.0,0.0,0,0.8040617920923978,biased_agents,3.381989469671753,0.16328124999999993
flocking_adaptive_momentum,3,1.279436589193096,1.415497629126228,7.093476927865306,0.76171875,4.408319040438807,3.6720262538847437,5.2418830128433935,0.6143730608401221,1,3840,737280,0.6678959147188251,0.0,0.0,0.0,0.0,0,0.8042589160613716,biased_agents,5.093476927865306,0.18828124999999996
flocking_adaptive_momentum,4,1.2316111850836626,1.3448580197253728,6.4775503115032365,0.77265625,4.198397585846302,3.660899297313688,5.314377518657027,0.6404588469012461,0,3840,737280,0.6763436467150142,0.0,0.0,0.0,0.0,0,0.7939220420084894,biased_agents,4.4775503115032365,0.1773437499999999
flocking_adaptive_momentum,5,1.350947498678257,1.3783565152569668,7.086755912160671,0.7234375,4.298391649434007,3.700216837601599,5.097794741395207,0.5774000049006707,1,3840,737280,0.6822175160215181,0.0,0.0,0.0,0.0,0,0.7945392499677837,biased_agents,5.086755912160671,0.2265625
flocking_adaptive_momentum,6,1.1343392679696678,1.0832080699502245,4.184171475222419,0.86953125,3.544418604811213,3.6719794935867576,5.150033027875875,0.4832505244360593,1,3840,737280,0.7217386997403046,0.0,0.0,0.0,0.0,0,0.7910048328340054,biased_agents,2.184171475222419,0.08046874999999998
flocking_adaptive_momentum,7,1.25331314017189,1.37965952768045,6.959781726095121,0.7171875,4.284748325509535,3.6993196651760187,5.086392543946748,0.582330352588466,0,3840,737280,0.6629549082443518,0.0,0.0,0.0,0.0,0,0.7913179588504136,biased_agents,4.959781726095121,0.23281249999999998
flocking_adaptive_momentum,8,0.9864090868147268,1.094283585651989,4.1374474915908355,0.84609375,3.9761266786033915,3.6787028150012233,5.125489260628534,0.4953057601734002,1,3840,737280,0.6951305962329909,0.0,0.0,0.0,0.0,0,0.7981428329367191,biased_agents,2.1374474915908355,0.10390624999999998
flocking_adaptive_momentum,9,0.97851121869218,1.1737224993795174,4.88449408205826,0.79453125,4.28780987804316,3.6313856859923277,5.293547604655166,0.673532101686589,4,3840,737280,0.6711389668233299,0.0,0.0,0.0,0.0,0,0.7933737919665873,biased_agents,2.88449408205826,0.15546874999999993
