scenario,algorithm,runs,position_rmse_mean,position_rmse_std,agent_position_rmse_mean,agent_position_rmse_std,recovery_steps_mean,recovery_steps_std,information_gain_mean,information_gain_std,nees_calibration_error_mean,nees_calibration_error_std,coverage_calibration_error_mean,coverage_calibration_error_std,estimate_disagreement_mean,estimate_disagreement_std,runtime_seconds_mean,runtime_seconds_std,bytes_sent_mean,bytes_sent_std,mean_nees_mean,mean_nees_std,coverage95_rate_mean,coverage95_rate_std,mean_nis_mean,mean_nis_std,spatial_diversity_mean,spatial_diversity_std,messages_mean,messages_std,mean_momentum_mean,mean_momentum_std,mean_momentum_change_score_mean,mean_momentum_change_score_std,mean_momentum_corroborating_agents_mean,mean_momentum_corroborating_agents_std,mean_momentum_biased_agents_mean,mean_momentum_biased_agents_std,momentum_fallback_rate_mean,momentum_fallback_rate_std,momentum_change_events_mean,momentum_change_events_std
no_change,flocking_fixed_momentum,10,0.6412030962021233,0.02643963546094261,0.6509459602598546,0.019123728925760752,,,3.726325861294275,0.007429196654490792,0.3978121924773339,0.08885836544204406,0.02742187500000005,0.007916880822213064,0.3630941628518546,0.026996936416620237,0.771784279239364,0.006553068403790507,737280.0,0.0,1.6021878075226659,0.08885836544204406,0.9774218750000001,0.007916880822213064,1.6934513948238803,0.07551362432826747,4.771694161536366,0.008439154294173313,3840.0,0.0,0.7199999999999999,0.0,0.0,0.0,0.0,0.0,0.0,0.0,0.0,0.0,0.0,0.0
no_change,flocking_guarded_momentum,10,0.6461812388846406,0.026643833214764757,0.6541493477048423,0.021174439393426635,,,3.7262404149162975,0.007292088955175385,0.37873651723784,0.11251600036394077,0.02726562500000005,0.00799360401059028,0.3629064319837549,0.02717410327619308,0.7810174791375175,0.006283419350556601,737280.0,0.0,1.62126348276216,0.11251600036394077,0.977265625,0.00799360401059028,1.6977997625402144,0.0740095930589792,4.773208615410267,0.010381539662275494,3840.0,0.0,0.7198249999999998,0.0005249999999999755,0.10681058877432933,0.013458976922904625,0.9799999999999999,0.107812047100498,0.0,0.0,0.99875,0.0037499999999999873,0.1,0.30000000000000004
no_change,flocking_adaptive_momentum,10,0.6558109433018919,0.025752291557074942,0.6599554195616121,0.024049106097330675,,,3.7367799617933883,0.0019446916104610644,0.30524315351611075,0.10843378825369443,0.02273437500000004,0.007674165900319407,0.3287418719386304,0.014306563144213894,0.7806013211142272,0.005173060380460828,737280.0,0.0,1.6947568464838891,0.10843378825369443,0.9727343749999999,0.007674165900319406,1.7014080382619277,0.08368166492619859,4.763434580115738,0.012277188380863979,3840.0,0.0,0.8523323239309052,0.007045024171793311,0.0,0.0,0.0,0.0,0.0,0.0,0.0,0.0,0.0,0.0
abrupt_change,flocking_fixed_momentum,10,0.6569785112100088,0.03516727084928205,0.6757877887876107,0.02951187469330464,0.6,0.9165151389911681,3.695452776712011,0.013790254470079436,0.30095532462800406,0.14566477782683077,0.02257812500000006,0.009964842984368855,0.43131612431924743,0.03226534722559988,0.7802501331781968,0.006842900987162611,737280.0,0.0,1.6994514210456142,0.14650217271353566,0.9725781250000001,0.009964842984368855,1.7580876059859953,0.08730280386983197,4.770183755537738,0.010624057950794104,3840.0,0.0,0.7199999999999999,0.0,0.0,0.0,0.0,0.0,0.0,0.0,0.0,0.0,0.0,0.0
abrupt_change,flocking_guarded_momentum,10,0.6585510617169927,0.0343375826589405,0.6783776377219464,0.02652132493877842,0.6,0.9165151389911681,3.6953744519219627,0.013540372739594754,0.29147684382266403,0.12997129073229682,0.022109375000000053,0.009851497447247556,0.4340635258040759,0.029099080894754756,0.7837587041314691,0.004198483233922013,737280.0,0.0,1.7089299018509543,0.1308796579417359,0.9721093749999999,0.009851497447247556,1.7639052830012805,0.08284099205714623,4.769772841538778,0.011420099482105832,3840.0,0.0,0.7192999999999998,0.000857321409974113,0.11024821599707808,0.012953958796754938,1.02375,0.10018732454756939,0.0,0.0,0.9950000000000001,0.006123724356957924,0.4,0.48989794855663565
abrupt_change,flocking_adaptive_momentum,10,0.6658762388579667,0.03189832812289845,0.6791286637087335,0.033083582246013515,1.2,1.469693845669907,3.7188739709469063,0.010837791009948052,0.24238492262326164,0.15379570141998913,0.018750000000000044,0.010047494634857984,0.35867409300334213,0.021803581004116862,0.7805484376382082,0.0024459321923110742,737280.0,0.0,1.7576150773767385,0.15379570141998913,0.9659375000000001,0.01408938402441711,1.7449861388149788,0.08600630502130087,4.7702150609610054,0.018008981352180944,3840.0,0.0,0.848336978086806,0.007578587263081965,0.0,0.0,0.0,0.0,0.0,0.0,0.0,0.0,0.0,0.0
gradual_change,flocking_fixed_momentum,10,0.6437124607680517,0.04672539731374359,0.6612455517647946,0.03672379414425171,0.4,0.4898979485566356,3.7017196788321023,0.011703217076865193,0.3672398365301116,0.1792922387963471,0.028750000000000053,0.013481034131326867,0.42638131882331454,0.025983499757738986,0.7817868041340261,0.0024998104641155297,737280.0,0.0,1.6327601634698883,0.17929223879634712,0.97875,0.013481034131326867,1.7124040391341044,0.09489009664634601,4.76999526702257,0.009851934913649515,3840.0,0.0,0.7199999999999999,0.0,0.0,0.0,0.0,0.0,0.0,0.0,0.0,0.0,0.0,0.0
gradual_change,flocking_guarded_momentum,10,0.6360966419628526,0.04402938440250288,0.6562120017329501,0.03444558465635245,0.3,0.45825756949558405,3.701985611846692,0.01211730288690424,0.3909633189788118,0.16364812451533362,0.028984375000000052,0.01348850241003889,0.42250132542751684,0.030481651170172465,0.7925892042228952,0.010252660345326752,737280.0,0.0,1.6090366810211882,0.16364812451533362,0.9789843749999999,0.013488502410038888,1.7036645222784792,0.09700356035317978,4.770726658923408,0.010999232906307747,3840.0,0.0,0.7198249999999998,0.0005249999999999755,0.10216532561494521,0.01736550941812576,0.96125,0.1298075498574717,0.0,0.0,0.99875,0.0037499999999999873,0.1,0.30000000000000004
gradual_change,flocking_adaptive_momentum,10,0.6636259838667065,0.028923570877475217,0.6689978057511923,0.027991755707147244,0.2,0.4000000000000001,3.724342757830617,0.009668746191382757,0.28627404299546344,0.12245572851755818,0.022031250000000037,0.008177415067580964,0.3452432315544315,0.025072918137083535,0.7855504121864214,0.0024729997875202318,737280.0,0.0,1.7137259570045367,0.12245572851755819,0.9720312499999999,0.008177415067580966,1.7184695956578273,0.08002181811909441,4.760509633506322,0.01623522192969941,3840.0,0.0,0.8511865864174112,0.007100812645040038,0.0,0.0,0.0,0.0,0.0,0.0,0.0,0.0,0.0,0.0
repeated_changes,flocking_fixed_momentum,10,0.6635798295359951,0.033426894074695075,0.6724202563552873,0.024321193856165775,0.8,0.8717797887081348,3.7246252482476008,0.01043253607921988,0.27964878996776216,0.14363810052026324,0.02445312500000004,0.009651204689214968,0.3726228555290612,0.024012346040375807,0.7890368042048067,0.009764228915537913,737280.0,0.0,1.7205057715497116,0.14393861856527862,0.9744531249999999,0.009651204689214968,1.7909597745794805,0.07263276512737214,4.766730392648795,0.012801666469444358,3840.0,0.0,0.7199999999999999,0.0,0.0,0.0,0.0,0.0,0.0,0.0,0.0,0.0,0.0,0.0
repeated_changes,flocking_guarded_momentum,10,0.6676987934501268,0.03399954635097447,0.6754324707009868,0.026126623653769963,0.8,0.8717797887081348,3.7244663843081334,0.0107202807362514,0.2638846993714904,0.14351179896244368,0.023203125000000047,0.009237599902199975,0.37270310461173295,0.022838493061520075,0.7952789875213057,0.0034057575779293664,737280.0,0.0,1.7362698621459836,0.14379563759488695,0.9732031250000001,0.009237599902199975,1.7946634582154264,0.0784791026211219,4.766010981916734,0.013133315324934882,3840.0,0.0,0.7192999999999998,0.0011608186766243625,0.12113886433303418,0.012614981518456142,1.090625,0.09981428066664612,0.0,0.0,0.9949999999999999,0.008291561975888496,0.4,0.66332495807108
repeated_changes,flocking_adaptive_momentum,10,0.6611894533779259,0.049525899737159505,0.6754077375662654,0.0376260864721895,1.2,1.5999999999999999,3.7285544709161123,0.00626128313601561,0.24931862863009355,0.1783654036191289,0.019296875000000026,0.011807218147837589,0.3527093408182641,0.02176660187757979,0.7895639417460188,0.008400117086308154,737280.0,0.0,1.7533996483780343,0.1821050860633174,0.9649218750000002,0.01700345352099463,1.8050333021867206,0.08796219774409325,4.7638672165526454,0.013447341373191434,3840.0,0.0,0.8436357898753123,0.007221257211407611,0.0,0.0,0.0,0.0,0.0,0.0,0.0,0.0,0.0,0.0
mixed_dropout,flocking_fixed_momentum,10,0.6601558357656682,0.04453498341510619,0.6813805341190206,0.028492184804752425,2.1,1.7578395831246947,3.7041847254548825,0.01579634155953288,0.3537368098240664,0.12655102849164726,0.021875000000000044,0.00960016072456602,0.48273333876464264,0.03973160398824764,0.707242675172165,0.009376894024887719,627110.4,2691.8372610542415,1.6462631901759337,0.12655102849164726,0.971875,0.00960016072456602,1.7341948503149756,0.09125556709382995,4.558978792295277,0.025562117905697634,3266.2,14.019985734657507,0.7199999999999999,0.0,0.0,0.0,0.0,0.0,0.0,0.0,0.0,0.0,0.0,0.0
mixed_dropout,flocking_guarded_momentum,10,0.6624768833184487,0.04415111312474402,0.6839421578777094,0.029895270338255963,2.1,1.7578395831246947,3.703880478343509,0.015830888394276578,0.3409310819843091,0.13431264130136314,0.02054687500000003,0.010898647511417411,0.48396033032354707,0.038161794820999385,0.7097413416020573,0.003181130233525677,626918.4,2410.0398005012285,1.659068918015691,0.13431264130136314,0.9705468749999999,0.010898647511417413,1.7324666590929763,0.08576907793874959,4.5599349792248045,0.02601388275057791,3265.2,12.552290627610564,0.7192999999999998,0.0008573214099741267,0.08481695824706363,0.010492846266815563,0.7368750000000001,0.09554326572291738,0.0,0.0,0.9950000000000001,0.006123724356957924,0.4,0.4898979485566356
mixed_dropout,flocking_adaptive_momentum,10,0.6740583870407709,0.029089626088727536,0.6874699731236709,0.025479062652874702,0.6,1.0198039027185568,3.728051334951264,0.011585788662533248,0.2946784785170694,0.10591997826979165,0.021093750000000033,0.011796616305110575,0.4377218492365843,0.029853788579570738,0.7031672748504206,0.0038158276689118802,627206.4,2085.742227601484,1.7053215214829305,0.10591997826979165,0.97,0.013568583025227803,1.7249478355884627,0.08479429688009996,4.567584232150772,0.028648423268356045,3266.7,10.863240768757727,0.8637896808508225,0.005730056734934055,0.0,0.0,0.0,0.0,0.0,0.0,0.0,0.0,0.0,0.0
communication_delay,flocking_fixed_momentum,10,2.646079829061301,0.40860025463013194,3.090559633052175,0.4079515728385401,20.3,3.3778691508109073,3.5886126906765083,0.050492455332653736,28.174337723130407,6.363233580098698,0.6600781249999998,0.040929522719891635,1.220299598047791,0.10792987316099194,0.7984868001658469,0.010372037657864751,737280.0,0.0,30.174337723130407,6.363233580098698,0.289921875,0.04092952271989162,5.747306549148153,0.7839607772348913,4.128814538083493,0.18367665016773876,3840.0,0.0,0.7199999999999999,0.0,0.0,0.0,0.0,0.0,0.0,0.0,0.0,0.0,0.0,0.0
communication_delay,flocking_guarded_momentum,10,2.646079829061301,0.40860025463013194,3.090559633052175,0.4079515728385401,20.3,3.3778691508109073,3.5886126906765083,0.050492455332653736,28.174337723130407,6.363233580098698,0.6600781249999998,0.040929522719891635,1.220299598047791,0.10792987316099194,0.7959160417551174,0.0034911517070460646,737280.0,0.0,30.174337723130407,6.363233580098698,0.289921875,0.04092952271989162,5.747306549148153,0.7839607772348913,4.128814538083493,0.18367665016773876,3840.0,0.0,0.7199999999999999,0.0,0.42248550575672794,0.04204991377764371,3.3756250000000003,0.3115541937207714,0.29875,0.41168290285121145,1.0,0.0,0.0,0.0
communication_delay,flocking_adaptive_momentum,10,2.552036529236166,0.5006052324290606,3.1456401430084155,0.4635356444392607,24.5,8.381527307120106,3.4946899505070945,0.0983770047423208,25.519714520398516,4.8589112978849975,0.629921875,0.045503436619014,1.3077913352282347,0.17801192065248786,0.7956025040009991,0.0090806279578069,737280.0,0.0,27.519714520398516,4.8589112978849975,0.320078125,0.04550343661901401,5.387174077714441,0.6647246037126734,4.372306552506939,0.28183555903785257,3840.0,0.0,0.6263945655567897,0.025729956076828594,0.0,0.0,0.0,0.0,0.0,0.0,0.0,0.0,0.0,0.0
biased_agents,flocking_fixed_momentum,10,1.2487167052678967,0.2816433079406129,1.2884150347656746,0.2891241648949492,0.9,1.6401219466856725,3.683125880635017,0.015448645851522403,4.36030886071195,2.9425282060455182,0.19757812499999997,0.1183460697967116,0.6988293324444186,0.16002611674612083,0.7963877168251201,0.004611019439266513,737280.0,0.0,6.36030886071195,2.9425282060455182,0.752421875,0.1183460697967116,4.221903235165344,0.5516484800853425,4.874516657537013,0.06041503059815748,3840.0,0.0,0.7199999999999999,0.0,0.0,0.0,0.0,0.0,0.0,0.0,0.0,0.0,0.0,0.0
biased_agents,flocking_guarded_momentum,10,1.2179653829317405,0.24548456154674397,1.2779591134205428,0.2577375152536182,1.0,1.61245154965971,3.6818742327375062,0.015896719515398207,4.173798145404632,2.578519486537359,0.19843749999999996,0.10703980349033719,0.7074976018865361,0.1376112828181824,0.8023227707715705,0.008949153906266657,737280.0,0.0,6.173798145404632,2.578519486537359,0.7515625,0.1070398034903372,4.234127789436963,0.5505456776614324,4.880971701355857,0.055973687473145115,3840.0,0.0,0.7192124999999999,0.0008254733490549673,0.1923312210823231,0.049121998260821344,1.2,0.21699294343365177,2.313125,0.5746428918250012,0.9943750000000001,0.005896238207535356,0.5,0.5
biased_agents,flocking_adaptive_momentum,10,1.1934761938458407,0.12256529544563059,1.2694086555720419,0.12173600759816644,1.3,1.2688577540449522,3.675382830793499,0.020797832933389195,3.847330747501895,1.156253393929412,0.16609374999999998,0.048722949225698566,0.5726443157673412,0.0642248877669676,0.7982712250668555,0.0059509121664966,737280.0,0.0,5.8473307475018945,1.156253393929412,0.78390625,0.048722949225698566,4.1982252648647655,0.2512102139350601,5.177192411162435,0.10859816799506515,3840.0,0.0,0.6800667278163164,0.016712574606663557,0.0,0.0,0.0,0.0,0.0,0.0,0.0,0.0,0.0,0.0
